check,ticker,date,comparison_date,comparison_value,value,difference,pct_change,direction,threshold_pct
day_over_day,DJCA,2016-01-13,2016-01-12,5689.59,5562.21,-127.38,-2.2388,down,1.0
day_over_day,DJIA,2016-01-13,2016-01-12,16516.22,16151.41,-364.81,-2.2088,down,1.0
day_over_day,DJTA,2016-01-13,2016-01-12,6978.21,6721.37,-256.84,-3.6806,down,1.0
day_over_day,SP500,2016-01-13,2016-01-12,1938.68,1890.28,-48.4,-2.4965,down,1.5
day_over_day,DJCA,2016-01-14,2016-01-13,5562.21,5637.5,75.29,1.3536,up,1.0
day_over_day,DJIA,2016-01-14,2016-01-13,16151.41,16379.05,227.64,1.4094,up,1.0
day_over_day,DJTA,2016-01-14,2016-01-13,6721.37,6799.92,78.55,1.1687,up,1.0
day_over_day,DJUA,2016-01-14,2016-01-13,579.01,587.42,8.41,1.4525,up,1.0
day_over_day,SP500,2016-01-14,2016-01-13,1890.28,1921.84,31.56,1.6696,up,1.5
day_over_day,DJCA,2016-01-15,2016-01-14,5637.5,5529.86,-107.64,-1.9094,down,1.0
day_over_day,DJIA,2016-01-15,2016-01-14,16379.05,15988.08,-390.97,-2.387,down,1.0
day_over_day,DJTA,2016-01-15,2016-01-14,6799.92,6689.06,-110.86,-1.6303,down,1.0
day_over_day,SP500,2016-01-15,2016-01-14,1921.84,1880.33,-41.51,-2.1599,down,1.5
day_over_day,DJUA,2016-01-19,2016-01-15,582.79,591.87,9.08,1.558,up,1.0
day_over_day,DJCA,2016-01-20,2016-01-19,5543.56,5466.87,-76.69,-1.3834,down,1.0
day_over_day,DJIA,2016-01-20,2016-01-19,16016.02,15766.74,-249.28,-1.5564,down,1.0
day_over_day,DJUA,2016-01-20,2016-01-19,591.87,579.03,-12.84,-2.1694,down,1.0
day_over_day,DJCA,2016-01-22,2016-01-21,5502.74,5580.42,77.68,1.4117,up,1.0
day_over_day,DJIA,2016-01-22,2016-01-21,15882.68,16093.51,210.83,1.3274,up,1.0
day_over_day,DJTA,2016-01-22,2016-01-21,6689.97,6778.54,88.57,1.3239,up,1.0
day_over_day,DJUA,2016-01-22,2016-01-21,578.66,589.14,10.48,1.8111,up,1.0
day_over_day,SP500,2016-01-22,2016-01-21,1868.99,1906.9,37.91,2.0284,up,1.5
day_over_day,DJCA,2016-01-25,2016-01-22,5580.42,5503.92,-76.5,-1.3709,down,1.0
day_over_day,DJIA,2016-01-25,2016-01-22,16093.51,15885.22,-208.29,-1.2942,down,1.0
day_over_day,DJTA,2016-01-25,2016-01-22,6778.54,6651.78,-126.76,-1.87,down,1.0
day_over_day,SP500,2016-01-25,2016-01-22,1906.9,1877.08,-29.82,-1.5638,down,1.5
day_over_day,DJCA,2016-01-26,2016-01-25,5503.92,5601.67,97.75,1.776,up,1.0
day_over_day,DJIA,2016-01-26,2016-01-25,15885.22,16167.23,282.01,1.7753,up,1.0
day_over_day,DJTA,2016-01-26,2016-01-25,6651.78,6815.76,163.98,2.4652,up,1.0
day_over_day,DJIA,2016-01-27,2016-01-26,16167.23,15944.46,-222.77,-1.3779,down,1.0
day_over_day,DJUA,2016-01-28,2016-01-27,589.5,599.19,9.69,1.6438,up,1.0
day_over_day,DJCA,2016-01-29,2016-01-28,5575.97,5717.76,141.79,2.5429,up,1.0
day_over_day,DJIA,2016-01-29,2016-01-28,16069.64,16466.3,396.66,2.4684,up,1.0
day_over_day,DJTA,2016-01-29,2016-01-28,6701.97,6906.76,204.79,3.0557,up,1.0
day_over_day,DJUA,2016-01-29,2016-01-28,599.19,611.35,12.16,2.0294,up,1.0
day_over_day,SP500,2016-01-29,2016-01-28,1893.36,1940.24,46.88,2.476,up,1.5
week_over_week,DJUA,2016-02-01,2016-01-25,584.04,616.43,32.39,5.5459,up,5.0
day_over_day,DJCA,2016-02-02,2016-02-01,5736.46,5638.32,-98.14,-1.7108,down,1.0
day_over_day,DJIA,2016-02-02,2016-02-01,16449.18,16153.54,-295.64,-1.7973,down,1.0
day_over_day,DJTA,2016-02-02,2016-02-01,6968.83,6764.16,-204.67,-2.9369,down,1.0
week_over_week,DJUA,2016-02-02,2016-01-26,588.47,618.63,30.16,5.1252,up,5.0
day_over_day,SP500,2016-02-02,2016-02-01,1939.38,1903.03,-36.35,-1.8743,down,1.5
day_over_day,DJCA,2016-02-03,2016-02-02,5638.32,5702.59,64.27,1.1399,up,1.0
day_over_day,DJIA,2016-02-03,2016-02-02,16153.54,16336.66,183.12,1.1336,up,1.0
day_over_day,DJTA,2016-02-03,2016-02-02,6764.16,6834.76,70.6,1.0437,up,1.0
day_over_day,DJUA,2016-02-03,2016-02-02,618.63,626.64,8.01,1.2948,up,1.0
week_over_week,DJUA,2016-02-03,2016-01-27,589.5,626.64,37.14,6.3003,up,5.0
day_over_day,DJTA,2016-02-04,2016-02-03,6834.76,7051.25,216.49,3.1675,up,1.0
week_over_week,DJTA,2016-02-04,2016-01-28,6701.97,7051.25,349.28,5.2116,up,5.0
day_over_day,DJCA,2016-02-05,2016-02-04,5757.55,5697.23,-60.32,-1.0477,down,1.0
day_over_day,DJIA,2016-02-05,2016-02-04,16416.58,16204.97,-211.61,-1.289,down,1.0
day_over_day,DJTA,2016-02-05,2016-02-04,7051.25,6942.82,-108.43,-1.5377,down,1.0
day_over_day,SP500,2016-02-05,2016-02-04,1915.45,1880.05,-35.4,-1.8481,down,1.5
day_over_day,DJIA,2016-02-08,2016-02-05,16204.97,16027.05,-177.92,-1.0979,down,1.0
day_over_day,DJTA,2016-02-09,2016-02-08,6924.31,6996.3,71.99,1.0397,up,1.0
day_over_day,DJCA,2016-02-11,2016-02-10,5652.32,5561.05,-91.27,-1.6147,down,1.0
day_over_day,DJIA,2016-02-11,2016-02-10,15914.74,15660.18,-254.56,-1.5995,down,1.0
day_over_day,DJTA,2016-02-11,2016-02-10,6983.94,6883.49,-100.45,-1.4383,down,1.0
day_over_day,DJUA,2016-02-11,2016-02-10,626.02,614.03,-11.99,-1.9153,down,1.0
day_over_day,DJCA,2016-02-12,2016-02-11,5561.05,5652.48,91.43,1.6441,up,1.0
day_over_day,DJIA,2016-02-12,2016-02-11,15660.18,15973.84,313.66,2.0029,up,1.0
day_over_day,DJTA,2016-02-12,2016-02-11,6883.49,7048.69,165.2,2.3999,up,1.0
day_over_day,SP500,2016-02-12,2016-02-11,1829.08,1864.78,35.7,1.9518,up,1.5
day_over_day,DJCA,2016-02-16,2016-02-12,5652.48,5736.69,84.21,1.4898,up,1.0
day_over_day,DJIA,2016-02-16,2016-02-12,15973.84,16196.41,222.57,1.3933,up,1.0
day_over_day,DJTA,2016-02-16,2016-02-12,7048.69,7209.56,160.87,2.2823,up,1.0
day_over_day,SP500,2016-02-16,2016-02-12,1864.78,1895.58,30.8,1.6517,up,1.5
day_over_day,DJCA,2016-02-17,2016-02-16,5736.69,5807.81,71.12,1.2397,up,1.0
day_over_day,DJIA,2016-02-17,2016-02-16,16196.41,16453.83,257.42,1.5894,up,1.0
day_over_day,DJTA,2016-02-17,2016-02-16,7209.56,7326.45,116.89,1.6213,up,1.0
day_over_day,SP500,2016-02-17,2016-02-16,1895.58,1926.82,31.24,1.648,up,1.5
week_over_week,DJTA,2016-02-18,2016-02-11,6883.49,7284.73,401.24,5.829,up,5.0
day_over_day,DJUA,2016-02-18,2016-02-17,611.99,622.74,10.75,1.7566,up,1.0
day_over_day,DJCA,2016-02-22,2016-02-19,5798.1,5884.35,86.25,1.4876,up,1.0
day_over_day,DJIA,2016-02-22,2016-02-19,16391.99,16620.66,228.67,1.395,up,1.0
day_over_day,DJTA,2016-02-22,2016-02-19,7285.95,7421.11,135.16,1.8551,up,1.0
week_over_week,DJTA,2016-02-22,2016-02-12,7048.69,7421.11,372.42,5.2835,up,5.0
day_over_day,DJUA,2016-02-22,2016-02-19,618.61,626.08,7.47,1.2075,up,1.0
day_over_day,DJIA,2016-02-23,2016-02-22,16620.66,16431.78,-188.88,-1.1364,down,1.0
day_over_day,DJTA,2016-02-23,2016-02-22,7421.11,7325.17,-95.94,-1.2928,down,1.0
day_over_day,DJCA,2016-02-25,2016-02-24,5836.61,5907.6,70.99,1.2163,up,1.0
day_over_day,DJIA,2016-02-25,2016-02-24,16484.99,16697.29,212.3,1.2878,up,1.0
day_over_day,DJTA,2016-02-25,2016-02-24,7290.88,7369.58,78.7,1.0794,up,1.0
day_over_day,DJUA,2016-02-25,2016-02-24,630.2,637.8,7.6,1.206,up,1.0
day_over_day,DJUA,2016-02-26,2016-02-25,637.8,619.03,-18.77,-2.9429,down,1.0
day_over_day,DJCA,2016-03-01,2016-02-29,5838.59,5936.22,97.63,1.6722,up,1.0
day_over_day,DJIA,2016-03-01,2016-02-29,16516.5,16865.08,348.58,2.1105,up,1.0
day_over_day,DJTA,2016-03-01,2016-02-29,7345.03,7500.3,155.27,2.1139,up,1.0
day_over_day,SP500,2016-03-01,2016-02-29,1932.23,1978.35,46.12,2.3869,up,1.5
day_over_day,DJTA,2016-03-03,2016-03-02,7517.17,7602.03,84.86,1.1289,up,1.0
day_over_day,DJUA,2016-03-04,2016-03-03,625.79,633.05,7.26,1.1601,up,1.0
day_over_day,DJTA,2016-03-08,2016-03-07,7686.02,7478.37,-207.65,-2.7017,down,1.0
day_over_day,DJCA,2016-03-11,2016-03-10,6011.31,6093.65,82.34,1.3698,up,1.0
day_over_day,DJIA,2016-03-11,2016-03-10,16995.13,17213.31,218.18,1.2838,up,1.0
day_over_day,DJTA,2016-03-11,2016-03-10,7518.09,7693.09,175.0,2.3277,up,1.0
day_over_day,SP500,2016-03-11,2016-03-10,1989.57,2022.19,32.62,1.6396,up,1.5
day_over_day,DJTA,2016-03-16,2016-03-15,7646.98,7729.33,82.35,1.0769,up,1.0
day_over_day,DJCA,2016-03-17,2016-03-16,6137.73,6230.59,92.86,1.5129,up,1.0
day_over_day,DJTA,2016-03-17,2016-03-16,7729.33,7959.95,230.62,2.9837,up,1.0
week_over_week,DJTA,2016-03-17,2016-03-10,7518.09,7959.95,441.86,5.8773,up,5.0
day_over_day,DJUA,2016-03-17,2016-03-16,655.74,663.19,7.45,1.1361,up,1.0
day_over_day,DJTA,2016-03-18,2016-03-17,7959.95,8075.69,115.74,1.454,up,1.0
week_over_week,DJTA,2016-03-21,2016-03-14,7690.41,8075.38,384.97,5.0058,up,5.0
day_over_day,DJTA,2016-03-29,2016-03-28,7858.71,7951.61,92.9,1.1821,up,1.0
day_over_day,DJUA,2016-03-29,2016-03-28,657.28,666.97,9.69,1.4743,up,1.0
day_over_day,DJUA,2016-04-05,2016-04-04,668.34,656.55,-11.79,-1.7641,down,1.0
day_over_day,DJTA,2016-04-07,2016-04-06,7753.88,7652.83,-101.05,-1.3032,down,1.0
day_over_day,DJTA,2016-04-08,2016-04-07,7652.83,7736.28,83.45,1.0904,up,1.0
day_over_day,DJCA,2016-04-13,2016-04-12,6232.5,6305.11,72.61,1.165,up,1.0
day_over_day,DJIA,2016-04-13,2016-04-12,17721.25,17908.28,187.03,1.0554,up,1.0
day_over_day,DJTA,2016-04-13,2016-04-12,7758.69,7960.74,202.05,2.6042,up,1.0
day_over_day,DJTA,2016-04-19,2016-04-18,8002.65,8106.14,103.49,1.2932,up,1.0
day_over_day,DJUA,2016-04-20,2016-04-19,665.39,649.05,-16.34,-2.4557,down,1.0
day_over_day,DJCA,2016-04-21,2016-04-20,6358.47,6288.35,-70.12,-1.1028,down,1.0
day_over_day,DJTA,2016-04-21,2016-04-20,8109.19,8010.94,-98.25,-1.2116,down,1.0
day_over_day,DJUA,2016-04-21,2016-04-20,649.05,633.12,-15.93,-2.4544,down,1.0
day_over_day,DJUA,2016-04-22,2016-04-21,633.12,639.52,6.4,1.0109,up,1.0
day_over_day,DJTA,2016-04-25,2016-04-22,8085.98,7990.35,-95.63,-1.1827,down,1.0
day_over_day,DJTA,2016-04-26,2016-04-25,7990.35,8081.47,91.12,1.1404,up,1.0
day_over_day,DJUA,2016-04-27,2016-04-26,643.35,653.28,9.93,1.5435,up,1.0
day_over_day,DJCA,2016-04-28,2016-04-27,6351.07,6278.92,-72.15,-1.136,down,1.0
day_over_day,DJIA,2016-04-28,2016-04-27,18041.55,17830.76,-210.79,-1.1684,down,1.0
day_over_day,DJTA,2016-04-28,2016-04-27,8091.34,7966.04,-125.3,-1.5486,down,1.0
day_over_day,DJTA,2016-04-29,2016-04-28,7966.04,7871.63,-94.41,-1.1852,down,1.0
day_over_day,DJTA,2016-05-03,2016-05-02,7923.95,7828.32,-95.63,-1.2068,down,1.0
day_over_day,DJUA,2016-05-04,2016-05-03,660.23,667.64,7.41,1.1223,up,1.0
day_over_day,DJTA,2016-05-05,2016-05-04,7756.14,7667.48,-88.66,-1.1431,down,1.0
day_over_day,DJCA,2016-05-10,2016-05-09,6225.1,6289.01,63.91,1.0267,up,1.0
day_over_day,DJIA,2016-05-10,2016-05-09,17705.91,17928.35,222.44,1.2563,up,1.0
day_over_day,DJTA,2016-05-10,2016-05-09,7738.53,7831.97,93.44,1.2075,up,1.0
day_over_day,DJCA,2016-05-11,2016-05-10,6289.01,6223.91,-65.1,-1.0351,down,1.0
day_over_day,DJIA,2016-05-11,2016-05-10,17928.35,17711.12,-217.23,-1.2117,down,1.0
day_over_day,DJTA,2016-05-11,2016-05-10,7831.97,7710.45,-121.52,-1.5516,down,1.0
day_over_day,DJTA,2016-05-12,2016-05-11,7710.45,7600.2,-110.25,-1.4299,down,1.0
day_over_day,DJIA,2016-05-13,2016-05-12,17720.5,17535.32,-185.18,-1.045,down,1.0
day_over_day,DJTA,2016-05-13,2016-05-12,7600.2,7507.31,-92.89,-1.2222,down,1.0
day_over_day,DJIA,2016-05-16,2016-05-13,17535.32,17710.71,175.39,1.0002,up,1.0
day_over_day,DJIA,2016-05-17,2016-05-16,17710.71,17529.98,-180.73,-1.0205,down,1.0
day_over_day,DJUA,2016-05-17,2016-05-16,666.41,654.37,-12.04,-1.8067,down,1.0
day_over_day,DJUA,2016-05-18,2016-05-17,654.37,642.2,-12.17,-1.8598,down,1.0
day_over_day,DJTA,2016-05-20,2016-05-19,7585.88,7671.89,86.01,1.1338,up,1.0
day_over_day,DJCA,2016-05-24,2016-05-23,6130.66,6192.86,62.2,1.0146,up,1.0
day_over_day,DJIA,2016-05-24,2016-05-23,17492.93,17706.05,213.12,1.2183,up,1.0
day_over_day,DJUA,2016-05-24,2016-05-23,644.06,650.94,6.88,1.0682,up,1.0
day_over_day,DJUA,2016-05-26,2016-05-25,648.31,655.29,6.98,1.0766,up,1.0
day_over_day,DJUA,2016-06-03,2016-06-02,661.53,672.35,10.82,1.6356,up,1.0
day_over_day,DJTA,2016-06-07,2016-06-06,7772.4,7855.12,82.72,1.0643,up,1.0
day_over_day,DJUA,2016-06-09,2016-06-08,674.97,681.73,6.76,1.0015,up,1.0
day_over_day,DJTA,2016-06-10,2016-06-09,7882.23,7764.85,-117.38,-1.4892,down,1.0
day_over_day,DJTA,2016-06-13,2016-06-10,7764.85,7676.1,-88.75,-1.143,down,1.0
day_over_day,DJTA,2016-06-14,2016-06-13,7676.1,7564.81,-111.29,-1.4498,down,1.0
day_over_day,DJTA,2016-06-20,2016-06-17,7589.84,7672.62,82.78,1.0907,up,1.0
day_over_day,DJCA,2016-06-23,2016-06-22,6239.65,6303.1,63.45,1.0169,up,1.0
day_over_day,DJIA,2016-06-23,2016-06-22,17780.83,18011.07,230.24,1.2949,up,1.0
day_over_day,DJCA,2016-06-24,2016-06-23,6303.1,6113.47,-189.63,-3.0085,down,1.0
day_over_day,DJIA,2016-06-24,2016-06-23,18011.07,17400.75,-610.32,-3.3886,down,1.0
day_over_day,DJTA,2016-06-24,2016-06-23,7671.53,7320.55,-350.98,-4.5751,down,1.0
day_over_day,SP500,2016-06-24,2016-06-23,2113.32,2037.41,-75.91,-3.592,down,1.5
day_over_day,DJCA,2016-06-27,2016-06-24,6113.47,6032.37,-81.1,-1.3266,down,1.0
day_over_day,DJIA,2016-06-27,2016-06-24,17400.75,17140.24,-260.51,-1.4971,down,1.0
day_over_day,DJTA,2016-06-27,2016-06-24,7320.55,7093.4,-227.15,-3.1029,down,1.0
week_over_week,DJTA,2016-06-27,2016-06-20,7672.62,7093.4,-579.22,-7.5492,down,5.0
day_over_day,DJUA,2016-06-27,2016-06-24,685.71,696.95,11.24,1.6392,up,1.0
day_over_day,SP500,2016-06-27,2016-06-24,2037.41,2000.54,-36.87,-1.8097,down,1.5
day_over_day,DJCA,2016-06-28,2016-06-27,6032.37,6123.45,91.08,1.5099,up,1.0
day_over_day,DJIA,2016-06-28,2016-06-27,17140.24,17409.72,269.48,1.5722,up,1.0
day_over_day,DJTA,2016-06-28,2016-06-27,7093.4,7252.63,159.23,2.2448,up,1.0
week_over_week,DJTA,2016-06-28,2016-06-21,7649.29,7252.63,-396.66,-5.1856,down,5.0
day_over_day,SP500,2016-06-28,2016-06-27,2000.54,2036.09,35.55,1.777,up,1.5
day_over_day,DJCA,2016-06-29,2016-06-28,6123.45,6216.35,92.9,1.5171,up,1.0
day_over_day,DJIA,2016-06-29,2016-06-28,17409.72,17694.68,284.96,1.6368,up,1.0
day_over_day,DJTA,2016-06-29,2016-06-28,7252.63,7412.95,160.32,2.2105,up,1.0
day_over_day,SP500,2016-06-29,2016-06-28,2036.09,2070.77,34.68,1.7033,up,1.5
day_over_day,DJCA,2016-06-30,2016-06-29,6216.35,6303.44,87.09,1.401,up,1.0
day_over_day,DJIA,2016-06-30,2016-06-29,17694.68,17929.99,235.31,1.3298,up,1.0
day_over_day,DJUA,2016-06-30,2016-06-29,701.12,716.52,15.4,2.1965,up,1.0
day_over_day,DJTA,2016-07-05,2016-07-01,7557.62,7462.05,-95.57,-1.2646,down,1.0
day_over_day,DJUA,2016-07-07,2016-07-06,723.51,710.2,-13.31,-1.8396,down,1.0
day_over_day,DJCA,2016-07-08,2016-07-07,6287.87,6390.0,102.13,1.6242,up,1.0
day_over_day,DJIA,2016-07-08,2016-07-07,17895.88,18146.74,250.86,1.4018,up,1.0
day_over_day,DJTA,2016-07-08,2016-07-07,7492.56,7683.28,190.72,2.5455,up,1.0
day_over_day,DJUA,2016-07-08,2016-07-07,710.2,717.37,7.17,1.0096,up,1.0
day_over_day,SP500,2016-07-08,2016-07-07,2097.9,2129.9,32.0,1.5253,up,1.5
day_over_day,DJTA,2016-07-12,2016-07-11,7711.91,7879.06,167.15,2.1674,up,1.0
week_over_week,DJTA,2016-07-12,2016-07-05,7462.05,7879.06,417.01,5.5884,up,5.0
day_over_day,DJUA,2016-07-12,2016-07-11,716.24,706.05,-10.19,-1.4227,down,1.0
week_over_week,DJTA,2016-07-13,2016-07-06,7458.03,7930.71,472.68,6.3379,up,5.0
day_over_day,DJTA,2016-07-14,2016-07-13,7930.71,8015.93,85.22,1.0746,up,1.0
week_over_week,DJTA,2016-07-14,2016-07-07,7492.56,8015.93,523.37,6.9852,up,5.0
day_over_day,DJTA,2016-07-21,2016-07-20,7962.33,7858.59,-103.74,-1.3029,down,1.0
day_over_day,DJTA,2016-07-22,2016-07-21,7858.59,7965.98,107.39,1.3665,up,1.0
day_over_day,DJUA,2016-07-22,2016-07-21,710.52,720.45,9.93,1.3976,up,1.0
day_over_day,DJTA,2016-07-26,2016-07-25,7892.95,7980.3,87.35,1.1067,up,1.0
day_over_day,DJTA,2016-07-27,2016-07-26,7980.3,7861.45,-118.85,-1.4893,down,1.0
day_over_day,DJUA,2016-07-27,2016-07-26,713.19,704.8,-8.39,-1.1764,down,1.0
day_over_day,DJTA,2016-08-02,2016-08-01,7815.65,7648.44,-167.21,-2.1394,down,1.0
day_over_day,DJIA,2016-08-05,2016-08-04,18352.05,18543.53,191.48,1.0434,up,1.0
day_over_day,DJTA,2016-08-05,2016-08-04,7720.01,7866.57,146.56,1.8984,up,1.0
day_over_day,DJUA,2016-08-05,2016-08-04,701.15,691.37,-9.78,-1.3949,down,1.0
day_over_day,DJUA,2016-08-15,2016-08-12,692.16,681.34,-10.82,-1.5632,down,1.0
day_over_day,DJUA,2016-08-16,2016-08-15,681.34,673.38,-7.96,-1.1683,down,1.0
day_over_day,DJUA,2016-08-17,2016-08-16,673.38,683.99,10.61,1.5756,up,1.0
day_over_day,DJUA,2016-08-18,2016-08-17,683.99,691.52,7.53,1.1009,up,1.0
day_over_day,DJUA,2016-08-19,2016-08-18,691.52,683.21,-8.31,-1.2017,down,1.0
day_over_day,DJUA,2016-08-26,2016-08-25,681.51,667.09,-14.42,-2.1159,down,1.0
day_over_day,DJUA,2016-08-30,2016-08-29,672.32,665.22,-7.1,-1.056,down,1.0
day_over_day,DJUA,2016-09-02,2016-09-01,664.75,673.11,8.36,1.2576,up,1.0
day_over_day,DJUA,2016-09-06,2016-09-02,673.11,680.61,7.5,1.1142,up,1.0
day_over_day,DJTA,2016-09-07,2016-09-06,7952.4,8057.6,105.2,1.3229,up,1.0
day_over_day,DJCA,2016-09-09,2016-09-08,6480.56,6305.93,-174.63,-2.6947,down,1.0
day_over_day,DJIA,2016-09-09,2016-09-08,18479.91,18085.45,-394.46,-2.1345,down,1.0
day_over_day,DJTA,2016-09-09,2016-09-08,8076.6,7822.59,-254.01,-3.145,down,1.0
day_over_day,DJUA,2016-09-09,2016-09-08,681.8,656.19,-25.61,-3.7562,down,1.0
day_over_day,SP500,2016-09-09,2016-09-08,2181.3,2127.81,-53.49,-2.4522,down,1.5
day_over_day,DJCA,2016-09-12,2016-09-09,6305.93,6393.84,87.91,1.3941,up,1.0
day_over_day,DJIA,2016-09-12,2016-09-09,18085.45,18325.07,239.62,1.3249,up,1.0
day_over_day,DJTA,2016-09-12,2016-09-09,7822.59,7925.9,103.31,1.3207,up,1.0
day_over_day,DJUA,2016-09-12,2016-09-09,656.19,667.52,11.33,1.7266,up,1.0
day_over_day,DJCA,2016-09-13,2016-09-12,6393.84,6295.99,-97.85,-1.5304,down,1.0
day_over_day,DJIA,2016-09-13,2016-09-12,18325.07,18066.75,-258.32,-1.4097,down,1.0
day_over_day,DJTA,2016-09-13,2016-09-12,7925.9,7771.91,-153.99,-1.9429,down,1.0
day_over_day,DJUA,2016-09-13,2016-09-12,667.52,659.0,-8.52,-1.2764,down,1.0
day_over_day,DJUA,2016-09-19,2016-09-16,671.78,678.88,7.1,1.0569,up,1.0
day_over_day,DJCA,2016-09-21,2016-09-20,6344.88,6430.84,85.96,1.3548,up,1.0
day_over_day,DJTA,2016-09-21,2016-09-20,7793.23,7931.32,138.09,1.7719,up,1.0
day_over_day,DJUA,2016-09-21,2016-09-20,678.1,692.53,14.43,2.128,up,1.0
day_over_day,DJUA,2016-09-27,2016-09-26,692.43,685.23,-7.2,-1.0398,down,1.0
day_over_day,DJIA,2016-09-29,2016-09-28,18339.24,18143.45,-195.79,-1.0676,down,1.0
day_over_day,DJUA,2016-09-29,2016-09-28,683.21,673.19,-10.02,-1.4666,down,1.0
day_over_day,DJTA,2016-09-30,2016-09-29,7984.86,8078.79,93.93,1.1764,up,1.0
day_over_day,DJUA,2016-10-03,2016-09-30,668.13,659.28,-8.85,-1.3246,down,1.0
day_over_day,DJUA,2016-10-04,2016-10-03,659.28,645.38,-13.9,-2.1084,down,1.0
week_over_week,DJUA,2016-10-04,2016-09-27,685.23,645.38,-39.85,-5.8156,down,5.0
week_over_week,DJUA,2016-10-05,2016-09-28,683.21,643.29,-39.92,-5.843,down,5.0
day_over_day,DJIA,2016-10-11,2016-10-10,18329.04,18128.66,-200.38,-1.0932,down,1.0
day_over_day,DJUA,2016-10-11,2016-10-10,648.39,640.79,-7.6,-1.1721,down,1.0
day_over_day,DJUA,2016-10-12,2016-10-11,640.79,647.2,6.41,1.0003,up,1.0
day_over_day,DJUA,2016-10-13,2016-10-12,647.2,655.05,7.85,1.2129,up,1.0
day_over_day,DJUA,2016-10-31,2016-10-28,661.99,675.23,13.24,2.0,up,1.0
day_over_day,DJUA,2016-11-01,2016-10-31,675.23,663.41,-11.82,-1.7505,down,1.0
day_over_day,DJUA,2016-11-02,2016-11-01,663.41,655.66,-7.75,-1.1682,down,1.0
day_over_day,DJCA,2016-11-07,2016-11-04,6317.85,6463.41,145.56,2.3039,up,1.0
day_over_day,DJIA,2016-11-07,2016-11-04,17888.28,18259.6,371.32,2.0758,up,1.0
day_over_day,DJTA,2016-11-07,2016-11-04,8075.14,8330.36,255.22,3.1606,up,1.0
day_over_day,DJUA,2016-11-07,2016-11-04,653.27,664.05,10.78,1.6502,up,1.0
day_over_day,SP500,2016-11-07,2016-11-04,2085.18,2131.52,46.34,2.2224,up,1.5
day_over_day,DJIA,2016-11-09,2016-11-08,18332.74,18589.69,256.95,1.4016,up,1.0
day_over_day,DJUA,2016-11-09,2016-11-08,669.03,646.09,-22.94,-3.4288,down,1.0
day_over_day,DJIA,2016-11-10,2016-11-09,18589.69,18807.88,218.19,1.1737,up,1.0
day_over_day,DJTA,2016-11-10,2016-11-09,8397.31,8556.6,159.29,1.8969,up,1.0
week_over_week,DJTA,2016-11-10,2016-11-03,8053.09,8556.6,503.51,6.2524,up,5.0
day_over_day,DJUA,2016-11-10,2016-11-09,646.09,630.18,-15.91,-2.4625,down,1.0
week_over_week,DJIA,2016-11-11,2016-11-04,17888.28,18847.66,959.38,5.3632,up,5.0
week_over_week,DJTA,2016-11-11,2016-11-04,8075.14,8578.65,503.51,6.2353,up,5.0
day_over_day,DJTA,2016-11-14,2016-11-11,8578.65,8765.71,187.06,2.1805,up,1.0
week_over_week,DJTA,2016-11-14,2016-11-07,8330.36,8765.71,435.35,5.2261,up,5.0
week_over_week,DJUA,2016-11-14,2016-11-07,664.05,625.44,-38.61,-5.8143,down,5.0
week_over_week,DJTA,2016-11-15,2016-11-08,8328.29,8814.5,486.21,5.8381,up,5.0
day_over_day,DJUA,2016-11-15,2016-11-14,625.44,635.53,10.09,1.6133,up,1.0
week_over_week,DJUA,2016-11-15,2016-11-08,669.03,635.53,-33.5,-5.0072,down,5.0
day_over_day,DJUA,2016-11-21,2016-11-18,627.28,634.17,6.89,1.0984,up,1.0
day_over_day,DJUA,2016-11-25,2016-11-23,630.63,639.95,9.32,1.4779,up,1.0
day_over_day,DJUA,2016-11-28,2016-11-25,639.95,651.74,11.79,1.8423,up,1.0
day_over_day,DJUA,2016-11-30,2016-11-29,654.54,632.67,-21.87,-3.3413,down,1.0
day_over_day,DJCA,2016-12-07,2016-12-06,6777.2,6897.95,120.75,1.7817,up,1.0
day_over_day,DJIA,2016-12-07,2016-12-06,19251.78,19549.62,297.84,1.5471,up,1.0
day_over_day,DJTA,2016-12-07,2016-12-06,9140.27,9371.61,231.34,2.531,up,1.0
day_over_day,DJUA,2016-12-07,2016-12-06,631.38,638.96,7.58,1.2005,up,1.0
day_over_day,DJUA,2016-12-13,2016-12-12,652.07,659.06,6.99,1.072,up,1.0
day_over_day,DJCA,2016-12-14,2016-12-13,6996.05,6921.84,-74.21,-1.0607,down,1.0
day_over_day,DJTA,2016-12-14,2016-12-13,9345.85,9218.36,-127.49,-1.3641,down,1.0
day_over_day,DJUA,2016-12-14,2016-12-13,659.06,645.05,-14.01,-2.1258,down,1.0
day_over_day,DJUA,2016-12-16,2016-12-15,649.23,657.72,8.49,1.3077,up,1.0
day_over_day,DJTA,2016-12-28,2016-12-27,9199.23,9088.49,-110.74,-1.2038,down,1.0
day_over_day,DJUA,2016-12-29,2016-12-28,654.62,662.93,8.31,1.2694,up,1.0
day_over_day,DJTA,2017-01-04,2017-01-03,9023.86,9115.72,91.86,1.018,up,1.0
day_over_day,DJUA,2017-01-09,2017-01-06,661.56,653.19,-8.37,-1.2652,down,1.0
day_over_day,DJTA,2017-01-11,2017-01-10,9095.07,9186.32,91.25,1.0033,up,1.0
day_over_day,DJTA,2017-01-17,2017-01-13,9202.34,9099.58,-102.76,-1.1167,down,1.0
day_over_day,DJUA,2017-01-17,2017-01-13,656.78,664.49,7.71,1.1739,up,1.0
day_over_day,DJTA,2017-01-24,2017-01-23,9138.19,9288.59,150.4,1.6458,up,1.0
day_over_day,DJTA,2017-01-25,2017-01-24,9288.59,9421.01,132.42,1.4256,up,1.0
day_over_day,DJTA,2017-01-30,2017-01-27,9444.28,9329.34,-114.94,-1.217,down,1.0
day_over_day,DJTA,2017-01-31,2017-01-30,9329.34,9191.98,-137.36,-1.4723,down,1.0
day_over_day,DJUA,2017-01-31,2017-01-30,658.0,668.87,10.87,1.652,up,1.0
day_over_day,DJUA,2017-02-01,2017-01-31,668.87,656.08,-12.79,-1.9122,down,1.0
day_over_day,DJTA,2017-02-03,2017-02-02,9103.29,9241.56,138.27,1.5189,up,1.0
day_over_day,DJUA,2017-02-08,2017-02-07,663.13,669.99,6.86,1.0345,up,1.0
day_over_day,DJTA,2017-02-15,2017-02-14,9444.22,9554.35,110.13,1.1661,up,1.0
day_over_day,DJUA,2017-02-21,2017-02-17,672.16,679.8,7.64,1.1366,up,1.0
day_over_day,DJTA,2017-02-23,2017-02-22,9448.55,9335.8,-112.75,-1.1933,down,1.0
day_over_day,DJUA,2017-02-23,2017-02-22,682.22,689.16,6.94,1.0173,up,1.0
day_over_day,DJUA,2017-02-24,2017-02-23,689.16,699.49,10.33,1.4989,up,1.0
day_over_day,DJUA,2017-02-28,2017-02-27,696.0,703.16,7.16,1.0287,up,1.0
day_over_day,DJCA,2017-03-01,2017-02-28,7260.59,7344.46,83.87,1.1551,up,1.0
day_over_day,DJIA,2017-03-01,2017-02-28,20812.24,21115.55,303.31,1.4574,up,1.0
day_over_day,DJTA,2017-03-01,2017-02-28,9419.86,9593.95,174.09,1.8481,up,1.0
day_over_day,DJUA,2017-03-01,2017-02-28,703.16,695.53,-7.63,-1.0851,down,1.0
day_over_day,DJTA,2017-03-02,2017-03-01,9593.95,9439.47,-154.48,-1.6102,down,1.0
day_over_day,DJTA,2017-03-07,2017-03-06,9420.28,9317.04,-103.24,-1.0959,down,1.0
day_over_day,DJUA,2017-03-08,2017-03-07,695.94,685.75,-10.19,-1.4642,down,1.0
day_over_day,DJTA,2017-03-14,2017-03-13,9251.68,9123.06,-128.62,-1.3902,down,1.0
day_over_day,DJTA,2017-03-15,2017-03-14,9123.06,9229.32,106.26,1.1647,up,1.0
day_over_day,DJUA,2017-03-15,2017-03-14,690.95,701.84,10.89,1.5761,up,1.0
day_over_day,DJUA,2017-03-16,2017-03-15,701.84,693.01,-8.83,-1.2581,down,1.0
day_over_day,DJIA,2017-03-21,2017-03-20,20905.86,20668.01,-237.85,-1.1377,down,1.0
day_over_day,DJTA,2017-03-21,2017-03-20,9101.04,8930.66,-170.38,-1.8721,down,1.0
day_over_day,DJUA,2017-03-21,2017-03-20,691.69,701.16,9.47,1.3691,up,1.0
day_over_day,DJTA,2017-03-28,2017-03-27,8935.11,9096.83,161.72,1.8099,up,1.0
day_over_day,DJTA,2017-04-12,2017-04-11,9135.58,8971.84,-163.74,-1.7923,down,1.0
day_over_day,DJTA,2017-04-13,2017-04-12,8971.84,8874.56,-97.28,-1.0843,down,1.0
day_over_day,DJTA,2017-04-17,2017-04-13,8874.56,8990.42,115.86,1.3055,up,1.0
day_over_day,DJTA,2017-04-20,2017-04-19,8976.35,9126.13,149.78,1.6686,up,1.0
day_over_day,DJCA,2017-04-24,2017-04-21,7151.86,7231.27,79.41,1.1103,up,1.0
day_over_day,DJIA,2017-04-24,2017-04-21,20547.76,20763.89,216.13,1.0518,up,1.0
day_over_day,DJTA,2017-04-24,2017-04-21,9133.81,9282.99,149.18,1.6333,up,1.0
day_over_day,DJIA,2017-04-25,2017-04-24,20763.89,20996.12,232.23,1.1184,up,1.0
day_over_day,DJTA,2017-04-28,2017-04-27,9193.99,9097.63,-96.36,-1.0481,down,1.0
day_over_day,DJTA,2017-05-08,2017-05-05,9189.97,9092.81,-97.16,-1.0572,down,1.0
day_over_day,DJCA,2017-05-17,2017-05-16,7205.32,7074.06,-131.26,-1.8217,down,1.0
day_over_day,DJIA,2017-05-17,2017-05-16,20979.75,20606.93,-372.82,-1.777,down,1.0
day_over_day,DJTA,2017-05-17,2017-05-16,9062.85,8783.74,-279.11,-3.0797,down,1.0
day_over_day,SP500,2017-05-17,2017-05-16,2400.67,2357.03,-43.64,-1.8178,down,1.5
day_over_day,DJTA,2017-05-25,2017-05-24,9022.52,9163.84,141.32,1.5663,up,1.0
day_over_day,DJTA,2017-06-01,2017-05-31,9163.9,9277.44,113.54,1.239,up,1.0
day_over_day,DJTA,2017-06-20,2017-06-19,9476.63,9303.82,-172.81,-1.8235,down,1.0
day_over_day,DJUA,2017-06-27,2017-06-26,730.57,720.66,-9.91,-1.3565,down,1.0
day_over_day,DJTA,2017-06-28,2017-06-27,9383.67,9517.44,133.77,1.4256,up,1.0
day_over_day,DJUA,2017-06-28,2017-06-27,720.66,713.31,-7.35,-1.0199,down,1.0
day_over_day,DJTA,2017-07-07,2017-07-06,9576.16,9694.94,118.78,1.2404,up,1.0
day_over_day,DJTA,2017-07-12,2017-07-11,9599.43,9716.32,116.89,1.2177,up,1.0
day_over_day,DJTA,2017-07-27,2017-07-26,9484.12,9189.61,-294.51,-3.1053,down,1.0
day_over_day,DJTA,2017-08-10,2017-08-09,9235.41,9119.74,-115.67,-1.2525,down,1.0
day_over_day,DJTA,2017-08-14,2017-08-11,9199.05,9347.55,148.5,1.6143,up,1.0
day_over_day,DJCA,2017-08-17,2017-08-16,7547.29,7436.53,-110.76,-1.4675,down,1.0
day_over_day,DJIA,2017-08-17,2017-08-16,22024.87,21750.73,-274.14,-1.2447,down,1.0
day_over_day,DJTA,2017-08-17,2017-08-16,9377.22,9152.45,-224.77,-2.397,down,1.0
day_over_day,SP500,2017-08-17,2017-08-16,2468.11,2430.01,-38.1,-1.5437,down,1.5
day_over_day,DJTA,2017-08-23,2017-08-22,9200.94,9086.3,-114.64,-1.246,down,1.0
day_over_day,DJTA,2017-08-25,2017-08-24,9021.12,9133.75,112.63,1.2485,up,1.0
day_over_day,DJIA,2017-09-05,2017-09-01,21987.56,21753.31,-234.25,-1.0654,down,1.0
day_over_day,DJCA,2017-09-11,2017-09-08,7517.12,7602.33,85.21,1.1335,up,1.0
day_over_day,DJIA,2017-09-11,2017-09-08,21797.79,22057.37,259.58,1.1909,up,1.0
day_over_day,DJTA,2017-09-11,2017-09-08,9383.74,9483.69,99.95,1.0651,up,1.0
day_over_day,DJUA,2017-09-11,2017-09-08,746.94,754.8,7.86,1.0523,up,1.0
day_over_day,DJUA,2017-09-12,2017-09-11,754.8,742.12,-12.68,-1.6799,down,1.0
day_over_day,DJUA,2017-09-18,2017-09-15,746.25,738.71,-7.54,-1.0104,down,1.0
day_over_day,DJTA,2017-09-20,2017-09-19,9507.08,9654.37,147.29,1.5493,up,1.0
day_over_day,DJUA,2017-09-27,2017-09-26,731.67,722.22,-9.45,-1.2916,down,1.0
day_over_day,DJUA,2017-10-04,2017-10-03,723.59,731.65,8.06,1.1139,up,1.0
day_over_day,DJUA,2017-10-10,2017-10-09,731.79,739.43,7.64,1.044,up,1.0
day_over_day,DJTA,2017-10-13,2017-10-12,10038.13,9936.22,-101.91,-1.0152,down,1.0
day_over_day,DJUA,2017-10-13,2017-10-12,744.88,737.25,-7.63,-1.0243,down,1.0
day_over_day,DJUA,2017-10-19,2017-10-18,739.62,747.86,8.24,1.1141,up,1.0
day_over_day,DJTA,2017-10-25,2017-10-24,9951.51,9790.09,-161.42,-1.6221,down,1.0
day_over_day,DJTA,2017-10-30,2017-10-27,9931.65,9802.7,-128.95,-1.2984,down,1.0
day_over_day,DJUA,2017-11-07,2017-11-06,749.25,758.92,9.67,1.2906,up,1.0
day_over_day,DJTA,2017-11-09,2017-11-08,9630.77,9517.5,-113.27,-1.1761,down,1.0
day_over_day,DJUA,2017-11-13,2017-11-10,756.95,765.39,8.44,1.115,up,1.0
day_over_day,DJUA,2017-11-14,2017-11-13,765.39,774.47,9.08,1.1863,up,1.0
day_over_day,DJTA,2017-11-16,2017-11-15,9440.87,9593.09,152.22,1.6124,up,1.0
day_over_day,DJTA,2017-11-17,2017-11-16,9593.09,9483.09,-110.0,-1.1467,down,1.0
day_over_day,DJCA,2017-11-28,2017-11-27,7934.05,8024.11,90.06,1.1351,up,1.0
day_over_day,DJIA,2017-11-28,2017-11-27,23580.78,23836.71,255.93,1.0853,up,1.0
day_over_day,DJTA,2017-11-28,2017-11-27,9595.23,9754.03,158.8,1.655,up,1.0
day_over_day,DJCA,2017-11-29,2017-11-28,8024.11,8117.11,93.0,1.159,up,1.0
day_over_day,DJTA,2017-11-29,2017-11-28,9754.03,10076.38,322.35,3.3048,up,1.0
day_over_day,DJCA,2017-11-30,2017-11-29,8117.11,8229.31,112.2,1.3823,up,1.0
day_over_day,DJIA,2017-11-30,2017-11-29,23940.68,24272.35,331.67,1.3854,up,1.0
day_over_day,DJTA,2017-11-30,2017-11-29,10076.38,10274.77,198.39,1.9689,up,1.0
week_over_week,DJTA,2017-11-30,2017-11-22,9626.66,10274.77,648.11,6.7324,up,5.0
week_over_week,DJTA,2017-12-01,2017-11-24,9620.2,10186.63,566.43,5.8879,up,5.0
day_over_day,DJTA,2017-12-04,2017-12-01,10186.63,10368.58,181.95,1.7862,up,1.0
week_over_week,DJTA,2017-12-04,2017-11-27,9595.23,10368.58,773.35,8.0597,up,5.0
day_over_day,DJTA,2017-12-05,2017-12-04,10368.58,10229.03,-139.55,-1.3459,down,1.0
day_over_day,DJUA,2017-12-05,2017-12-04,762.72,750.62,-12.1,-1.5864,down,1.0
day_over_day,DJTA,2017-12-07,2017-12-06,10227.81,10361.39,133.58,1.306,up,1.0
day_over_day,DJUA,2017-12-12,2017-12-11,762.59,748.31,-14.28,-1.8726,down,1.0
day_over_day,DJTA,2017-12-18,2017-12-15,10393.01,10522.26,129.25,1.2436,up,1.0
day_over_day,DJUA,2017-12-18,2017-12-15,753.38,745.84,-7.54,-1.0008,down,1.0
day_over_day,DJUA,2017-12-19,2017-12-18,745.84,733.84,-12.0,-1.6089,down,1.0
day_over_day,DJUA,2017-12-21,2017-12-20,728.98,719.23,-9.75,-1.3375,down,1.0
day_over_day,DJTA,2018-01-02,2017-12-29,10612.29,10809.96,197.67,1.8627,up,1.0
day_over_day,DJUA,2018-01-02,2017-12-29,723.37,715.72,-7.65,-1.0576,down,1.0
day_over_day,DJUA,2018-01-03,2018-01-02,715.72,706.52,-9.2,-1.2854,down,1.0
day_over_day,DJUA,2018-01-08,2018-01-05,700.74,707.87,7.13,1.0175,up,1.0
day_over_day,DJUA,2018-01-10,2018-01-09,700.98,693.14,-7.84,-1.1184,down,1.0
day_over_day,DJCA,2018-01-11,2018-01-10,8476.36,8567.27,90.91,1.0725,up,1.0
day_over_day,DJTA,2018-01-11,2018-01-10,11030.1,11284.32,254.22,2.3048,up,1.0
day_over_day,DJTA,2018-01-16,2018-01-12,11373.38,11227.31,-146.07,-1.2843,down,1.0
day_over_day,DJIA,2018-01-17,2018-01-16,25792.86,26115.65,322.79,1.2515,up,1.0
day_over_day,DJUA,2018-01-23,2018-01-22,684.86,691.81,6.95,1.0148,up,1.0
day_over_day,DJTA,2018-01-24,2018-01-23,11344.55,11184.4,-160.15,-1.4117,down,1.0
day_over_day,DJTA,2018-01-25,2018-01-24,11184.4,11007.66,-176.74,-1.5802,down,1.0
day_over_day,DJUA,2018-01-25,2018-01-24,687.0,696.52,9.52,1.3857,up,1.0
day_over_day,DJTA,2018-01-26,2018-01-25,11007.66,11125.75,118.09,1.0728,up,1.0
day_over_day,DJUA,2018-01-29,2018-01-26,699.1,691.11,-7.99,-1.1429,down,1.0
day_over_day,DJCA,2018-01-30,2018-01-29,8698.19,8596.63,-101.56,-1.1676,down,1.0
day_over_day,DJIA,2018-01-30,2018-01-29,26439.48,26076.89,-362.59,-1.3714,down,1.0
day_over_day,DJTA,2018-01-30,2018-01-29,11114.23,10965.41,-148.82,-1.339,down,1.0
day_over_day,DJUA,2018-01-31,2018-01-30,691.71,699.25,7.54,1.0901,up,1.0
day_over_day,DJUA,2018-02-01,2018-01-31,699.25,689.24,-10.01,-1.4315,down,1.0
day_over_day,DJCA,2018-02-02,2018-02-01,8603.81,8416.29,-187.52,-2.1795,down,1.0
day_over_day,DJIA,2018-02-02,2018-02-01,26186.71,25520.96,-665.75,-2.5423,down,1.0
day_over_day,DJTA,2018-02-02,2018-02-01,10920.06,10687.18,-232.88,-2.1326,down,1.0
day_over_day,SP500,2018-02-02,2018-02-01,2821.98,2762.13,-59.85,-2.1209,down,1.5
day_over_day,DJCA,2018-02-05,2018-02-02,8416.29,8096.16,-320.13,-3.8037,down,1.0
week_over_week,DJCA,2018-02-05,2018-01-29,8698.19,8096.16,-602.03,-6.9213,down,5.0
day_over_day,DJIA,2018-02-05,2018-02-02,25520.96,24345.75,-1175.21,-4.6049,down,1.0
week_over_week,DJIA,2018-02-05,2018-01-29,26439.48,24345.75,-2093.73,-7.919,down,5.0
day_over_day,DJTA,2018-02-05,2018-02-02,10687.18,10350.41,-336.77,-3.1512,down,1.0
week_over_week,DJTA,2018-02-05,2018-01-29,11114.23,10350.41,-763.82,-6.8725,down,5.0
day_over_day,DJUA,2018-02-05,2018-02-02,684.48,672.89,-11.59,-1.6933,down,1.0
day_over_day,SP500,2018-02-05,2018-02-02,2762.13,2648.94,-113.19,-4.0979,down,1.5
week_over_week,SP500,2018-02-05,2018-01-29,2853.53,2648.94,-204.59,-7.1697,down,5.0
day_over_day,DJCA,2018-02-06,2018-02-05,8096.16,8226.93,130.77,1.6152,up,1.0
day_over_day,DJIA,2018-02-06,2018-02-05,24345.75,24912.77,567.02,2.329,up,1.0
day_over_day,DJTA,2018-02-06,2018-02-05,10350.41,10528.85,178.44,1.724,up,1.0
day_over_day,DJUA,2018-02-06,2018-02-05,672.89,662.32,-10.57,-1.5708,down,1.0
day_over_day,SP500,2018-02-06,2018-02-05,2648.94,2695.14,46.2,1.7441,up,1.5
week_over_week,DJUA,2018-02-07,2018-01-31,699.25,657.76,-41.49,-5.9335,down,5.0
week_over_week,SP500,2018-02-07,2018-01-31,2823.81,2681.66,-142.15,-5.034,down,5.0
day_over_day,DJCA,2018-02-08,2018-02-07,8222.43,7918.7,-303.73,-3.6939,down,1.0
week_over_week,DJCA,2018-02-08,2018-02-01,8603.81,7918.7,-685.11,-7.9629,down,5.0
day_over_day,DJIA,2018-02-08,2018-02-07,24893.35,23860.46,-1032.89,-4.1493,down,1.0
week_over_week,DJIA,2018-02-08,2018-02-01,26186.71,23860.46,-2326.25,-8.8833,down,5.0
day_over_day,DJTA,2018-02-08,2018-02-07,10560.59,10159.6,-400.99,-3.797,down,1.0
week_over_week,DJTA,2018-02-08,2018-02-01,10920.06,10159.6,-760.46,-6.9639,down,5.0
day_over_day,DJUA,2018-02-08,2018-02-07,657.76,647.9,-9.86,-1.499,down,1.0
week_over_week,DJUA,2018-02-08,2018-02-01,689.24,647.9,-41.34,-5.9979,down,5.0
day_over_day,SP500,2018-02-08,2018-02-07,2681.66,2581.0,-100.66,-3.7536,down,1.5
week_over_week,SP500,2018-02-08,2018-02-01,2821.98,2581.0,-240.98,-8.5394,down,5.0
day_over_day,DJCA,2018-02-09,2018-02-08,7918.7,7999.61,80.91,1.0218,up,1.0
day_over_day,DJIA,2018-02-09,2018-02-08,23860.46,24190.9,330.44,1.3849,up,1.0
week_over_week,DJIA,2018-02-09,2018-02-02,25520.96,24190.9,-1330.06,-5.2116,down,5.0
week_over_week,DJTA,2018-02-09,2018-02-02,10687.18,10136.61,-550.57,-5.1517,down,5.0
day_over_day,DJUA,2018-02-09,2018-02-08,647.9,661.03,13.13,2.0265,up,1.0
week_over_week,SP500,2018-02-09,2018-02-02,2762.13,2619.55,-142.58,-5.162,down,5.0
day_over_day,DJCA,2018-02-12,2018-02-09,7999.61,8124.88,125.27,1.566,up,1.0
day_over_day,DJIA,2018-02-12,2018-02-09,24190.9,24601.27,410.37,1.6964,up,1.0
day_over_day,DJTA,2018-02-12,2018-02-09,10136.61,10301.28,164.67,1.6245,up,1.0
day_over_day,DJIA,2018-02-14,2018-02-13,24640.45,24893.49,253.04,1.0269,up,1.0
day_over_day,DJUA,2018-02-14,2018-02-13,670.08,662.25,-7.83,-1.1685,down,1.0
day_over_day,DJCA,2018-02-15,2018-02-14,8212.88,8311.04,98.16,1.1952,up,1.0
day_over_day,DJIA,2018-02-15,2018-02-14,24893.49,25200.37,306.88,1.2328,up,1.0
week_over_week,DJIA,2018-02-15,2018-02-08,23860.46,25200.37,1339.91,5.6156,up,5.0
day_over_day,DJUA,2018-02-15,2018-02-14,662.25,675.72,13.47,2.034,up,1.0
week_over_week,SP500,2018-02-15,2018-02-08,2581.0,2731.2,150.2,5.8194,up,5.0
day_over_day,DJCA,2018-02-20,2018-02-16,8312.01,8214.19,-97.82,-1.1769,down,1.0
day_over_day,DJIA,2018-02-20,2018-02-16,25219.38,24964.75,-254.63,-1.0097,down,1.0
day_over_day,DJTA,2018-02-20,2018-02-16,10502.33,10340.6,-161.73,-1.5399,down,1.0
day_over_day,DJUA,2018-02-20,2018-02-16,681.12,673.21,-7.91,-1.1613,down,1.0
day_over_day,DJUA,2018-02-21,2018-02-20,673.21,664.82,-8.39,-1.2463,down,1.0
day_over_day,DJCA,2018-02-23,2018-02-22,8224.59,8354.04,129.45,1.5739,up,1.0
day_over_day,DJIA,2018-02-23,2018-02-22,24962.48,25309.99,347.51,1.3921,up,1.0
day_over_day,DJTA,2018-02-23,2018-02-22,10428.87,10578.9,150.03,1.4386,up,1.0
day_over_day,DJUA,2018-02-23,2018-02-22,668.2,685.76,17.56,2.628,up,1.0
day_over_day,SP500,2018-02-23,2018-02-22,2703.96,2747.3,43.34,1.6028,up,1.5
day_over_day,DJCA,2018-02-26,2018-02-23,8354.04,8469.47,115.43,1.3817,up,1.0
day_over_day,DJIA,2018-02-26,2018-02-23,25309.99,25709.27,399.28,1.5776,up,1.0
day_over_day,DJTA,2018-02-26,2018-02-23,10578.9,10769.84,190.94,1.8049,up,1.0
day_over_day,DJCA,2018-02-27,2018-02-26,8469.47,8338.24,-131.23,-1.5494,down,1.0
day_over_day,DJIA,2018-02-27,2018-02-26,25709.27,25410.03,-299.24,-1.1639,down,1.0
day_over_day,DJTA,2018-02-27,2018-02-26,10769.84,10523.79,-246.05,-2.2846,down,1.0
day_over_day,DJUA,2018-02-27,2018-02-26,683.73,672.02,-11.71,-1.7127,down,1.0
day_over_day,DJCA,2018-02-28,2018-02-27,8338.24,8228.28,-109.96,-1.3187,down,1.0
day_over_day,DJIA,2018-02-28,2018-02-27,25410.03,25029.2,-380.83,-1.4987,down,1.0
day_over_day,DJTA,2018-02-28,2018-02-27,10523.79,10381.99,-141.8,-1.3474,down,1.0
day_over_day,DJCA,2018-03-01,2018-02-28,8228.28,8135.78,-92.5,-1.1242,down,1.0
day_over_day,DJIA,2018-03-01,2018-02-28,25029.2,24608.98,-420.22,-1.6789,down,1.0
day_over_day,DJCA,2018-03-05,2018-03-02,8117.68,8206.39,88.71,1.0928,up,1.0
day_over_day,DJIA,2018-03-05,2018-03-02,24538.06,24874.76,336.7,1.3722,up,1.0
day_over_day,DJUA,2018-03-05,2018-03-02,665.85,677.91,12.06,1.8112,up,1.0
day_over_day,DJUA,2018-03-06,2018-03-05,677.91,669.68,-8.23,-1.214,down,1.0
day_over_day,DJCA,2018-03-09,2018-03-08,8222.44,8371.5,149.06,1.8128,up,1.0
day_over_day,DJIA,2018-03-09,2018-03-08,24895.21,25335.74,440.53,1.7695,up,1.0
day_over_day,DJTA,2018-03-09,2018-03-08,10465.63,10739.91,274.28,2.6208,up,1.0
day_over_day,SP500,2018-03-09,2018-03-08,2738.97,2786.57,47.6,1.7379,up,1.5
day_over_day,DJTA,2018-03-14,2018-03-13,10758.38,10573.48,-184.9,-1.7187,down,1.0
day_over_day,DJUA,2018-03-14,2018-03-13,677.62,684.72,7.1,1.0478,up,1.0
day_over_day,DJUA,2018-03-16,2018-03-15,684.23,691.82,7.59,1.1093,up,1.0
day_over_day,DJIA,2018-03-19,2018-03-16,24946.51,24610.91,-335.6,-1.3453,down,1.0
day_over_day,DJCA,2018-03-22,2018-03-21,8239.51,8039.11,-200.4,-2.4322,down,1.0
day_over_day,DJIA,2018-03-22,2018-03-21,24682.31,23957.89,-724.42,-2.935,down,1.0
day_over_day,DJTA,2018-03-22,2018-03-21,10657.73,10353.46,-304.27,-2.8549,down,1.0
day_over_day,SP500,2018-03-22,2018-03-21,2711.93,2643.69,-68.24,-2.5163,down,1.5
day_over_day,DJCA,2018-03-23,2018-03-22,8039.11,7899.6,-139.51,-1.7354,down,1.0
week_over_week,DJCA,2018-03-23,2018-03-16,8316.88,7899.6,-417.28,-5.0173,down,5.0
day_over_day,DJIA,2018-03-23,2018-03-22,23957.89,23533.2,-424.69,-1.7727,down,1.0
week_over_week,DJIA,2018-03-23,2018-03-16,24946.51,23533.2,-1413.31,-5.6654,down,5.0
day_over_day,DJTA,2018-03-23,2018-03-22,10353.46,10163.32,-190.14,-1.8365,down,1.0
day_over_day,DJUA,2018-03-23,2018-03-22,683.15,673.68,-9.47,-1.3862,down,1.0
day_over_day,SP500,2018-03-23,2018-03-22,2643.69,2588.26,-55.43,-2.0967,down,1.5
week_over_week,SP500,2018-03-23,2018-03-16,2752.01,2588.26,-163.75,-5.9502,down,5.0
day_over_day,DJCA,2018-03-26,2018-03-23,7899.6,8085.71,186.11,2.3559,up,1.0
day_over_day,DJIA,2018-03-26,2018-03-23,23533.2,24202.6,669.4,2.8445,up,1.0
day_over_day,DJTA,2018-03-26,2018-03-23,10163.32,10373.21,209.89,2.0652,up,1.0
day_over_day,SP500,2018-03-26,2018-03-23,2588.26,2658.55,70.29,2.7157,up,1.5
day_over_day,DJCA,2018-03-27,2018-03-26,8085.71,7993.26,-92.45,-1.1434,down,1.0
day_over_day,DJIA,2018-03-27,2018-03-26,24202.6,23857.71,-344.89,-1.425,down,1.0
day_over_day,DJTA,2018-03-27,2018-03-26,10373.21,10181.42,-191.79,-1.8489,down,1.0
day_over_day,DJUA,2018-03-27,2018-03-26,680.17,689.73,9.56,1.4055,up,1.0
day_over_day,SP500,2018-03-27,2018-03-26,2658.55,2612.62,-45.93,-1.7276,down,1.5
day_over_day,DJCA,2018-03-29,2018-03-28,7991.09,8092.53,101.44,1.2694,up,1.0
day_over_day,DJIA,2018-03-29,2018-03-28,23848.42,24103.11,254.69,1.068,up,1.0
day_over_day,DJTA,2018-03-29,2018-03-28,10188.19,10396.56,208.37,2.0452,up,1.0
day_over_day,DJCA,2018-04-02,2018-03-29,8092.53,7949.36,-143.17,-1.7692,down,1.0
day_over_day,DJIA,2018-04-02,2018-03-29,24103.11,23644.19,-458.92,-1.904,down,1.0
day_over_day,DJTA,2018-04-02,2018-03-29,10396.56,10190.57,-205.99,-1.9813,down,1.0
day_over_day,SP500,2018-04-02,2018-03-29,2640.87,2581.88,-58.99,-2.2337,down,1.5
day_over_day,DJCA,2018-04-03,2018-04-02,7949.36,8072.44,123.08,1.5483,up,1.0
day_over_day,DJIA,2018-04-03,2018-04-02,23644.19,24033.36,389.17,1.6459,up,1.0
day_over_day,DJTA,2018-04-03,2018-04-02,10190.57,10394.25,203.68,1.9987,up,1.0
day_over_day,DJCA,2018-04-06,2018-04-05,8189.09,8003.24,-185.85,-2.2695,down,1.0
day_over_day,DJIA,2018-04-06,2018-04-05,24505.22,23932.76,-572.46,-2.3361,down,1.0
day_over_day,DJTA,2018-04-06,2018-04-05,10453.66,10146.37,-307.29,-2.9395,down,1.0
day_over_day,SP500,2018-04-06,2018-04-05,2662.84,2604.47,-58.37,-2.192,down,1.5
day_over_day,DJCA,2018-04-10,2018-04-09,8007.48,8106.61,99.13,1.238,up,1.0
day_over_day,DJIA,2018-04-10,2018-04-09,23979.1,24408.0,428.9,1.7886,up,1.0
day_over_day,DJTA,2018-04-10,2018-04-09,10119.36,10228.42,109.06,1.0777,up,1.0
day_over_day,SP500,2018-04-10,2018-04-09,2613.16,2656.87,43.71,1.6727,up,1.5
day_over_day,DJIA,2018-04-12,2018-04-11,24189.45,24483.05,293.6,1.2138,up,1.0
day_over_day,DJTA,2018-04-12,2018-04-11,10192.82,10360.41,167.59,1.6442,up,1.0
day_over_day,DJUA,2018-04-12,2018-04-11,686.68,678.16,-8.52,-1.2408,down,1.0
day_over_day,DJCA,2018-04-16,2018-04-13,8119.73,8229.53,109.8,1.3523,up,1.0
day_over_day,DJTA,2018-04-16,2018-04-13,10369.49,10610.18,240.69,2.3211,up,1.0
day_over_day,DJUA,2018-04-16,2018-04-13,682.78,692.36,9.58,1.4031,up,1.0
day_over_day,DJUA,2018-04-17,2018-04-16,692.36,700.24,7.88,1.1381,up,1.0
day_over_day,DJTA,2018-04-18,2018-04-17,10592.56,10770.15,177.59,1.6766,up,1.0
week_over_week,DJTA,2018-04-18,2018-04-11,10192.82,10770.15,577.33,5.6641,up,5.0
day_over_day,DJCA,2018-04-24,2018-04-23,8206.17,8082.7,-123.47,-1.5046,down,1.0
day_over_day,DJIA,2018-04-24,2018-04-23,24448.69,24024.13,-424.56,-1.7365,down,1.0
day_over_day,DJTA,2018-04-24,2018-04-23,10621.15,10400.1,-221.05,-2.0812,down,1.0
day_over_day,DJTA,2018-04-25,2018-04-24,10400.1,10508.13,108.03,1.0387,up,1.0
day_over_day,DJUA,2018-04-26,2018-04-25,694.93,702.3,7.37,1.0605,up,1.0
day_over_day,DJTA,2018-04-27,2018-04-26,10413.88,10549.4,135.52,1.3013,up,1.0
day_over_day,DJTA,2018-04-30,2018-04-27,10549.4,10423.57,-125.83,-1.1928,down,1.0
day_over_day,DJCA,2018-05-04,2018-05-03,8042.09,8137.33,95.24,1.1843,up,1.0
day_over_day,DJIA,2018-05-04,2018-05-03,23930.15,24262.51,332.36,1.3889,up,1.0
day_over_day,DJTA,2018-05-04,2018-05-03,10254.64,10370.23,115.59,1.1272,up,1.0
day_over_day,DJUA,2018-05-08,2018-05-07,700.34,683.77,-16.57,-2.366,down,1.0
day_over_day,DJUA,2018-05-10,2018-05-09,678.62,687.88,9.26,1.3645,up,1.0
day_over_day,DJTA,2018-05-11,2018-05-10,10605.79,10713.57,107.78,1.0162,up,1.0
day_over_day,DJCA,2018-05-21,2018-05-18,8241.92,8337.96,96.04,1.1653,up,1.0
day_over_day,DJIA,2018-05-21,2018-05-18,24715.09,25013.29,298.2,1.2066,up,1.0
day_over_day,DJTA,2018-05-21,2018-05-18,10730.46,10867.32,136.86,1.2754,up,1.0
day_over_day,DJTA,2018-05-22,2018-05-21,10867.32,10741.62,-125.7,-1.1567,down,1.0
day_over_day,DJTA,2018-05-24,2018-05-23,10727.35,10852.75,125.4,1.169,up,1.0
day_over_day,DJCA,2018-05-29,2018-05-25,8323.08,8216.47,-106.61,-1.2809,down,1.0
day_over_day,DJIA,2018-05-29,2018-05-25,24753.09,24361.45,-391.64,-1.5822,down,1.0
day_over_day,DJTA,2018-05-29,2018-05-25,10900.06,10755.33,-144.73,-1.3278,down,1.0
day_over_day,DJCA,2018-05-30,2018-05-29,8216.47,8319.06,102.59,1.2486,up,1.0
day_over_day,DJIA,2018-05-30,2018-05-29,24361.45,24667.78,306.33,1.2574,up,1.0
day_over_day,DJTA,2018-05-30,2018-05-29,10755.33,10918.72,163.39,1.5192,up,1.0
day_over_day,DJCA,2018-05-31,2018-05-30,8319.06,8234.53,-84.53,-1.0161,down,1.0
day_over_day,DJIA,2018-05-31,2018-05-30,24667.78,24415.84,-251.94,-1.0213,down,1.0
day_over_day,DJTA,2018-05-31,2018-05-30,10918.72,10750.33,-168.39,-1.5422,down,1.0
day_over_day,DJTA,2018-06-01,2018-05-31,10750.33,10893.97,143.64,1.3361,up,1.0
day_over_day,DJUA,2018-06-01,2018-05-31,695.21,684.74,-10.47,-1.506,down,1.0
day_over_day,DJIA,2018-06-06,2018-06-05,24799.98,25146.39,346.41,1.3968,up,1.0
day_over_day,DJUA,2018-06-06,2018-06-05,674.46,660.54,-13.92,-2.0639,down,1.0
day_over_day,DJTA,2018-06-11,2018-06-08,10938.47,11054.73,116.26,1.0629,up,1.0
day_over_day,DJUA,2018-06-11,2018-06-08,663.96,656.93,-7.03,-1.0588,down,1.0
day_over_day,DJUA,2018-06-12,2018-06-11,656.93,665.65,8.72,1.3274,up,1.0
day_over_day,DJUA,2018-06-14,2018-06-13,664.6,673.3,8.7,1.3091,up,1.0
day_over_day,DJIA,2018-06-19,2018-06-18,24987.47,24700.21,-287.26,-1.1496,down,1.0
day_over_day,DJTA,2018-06-19,2018-06-18,11049.85,10863.3,-186.55,-1.6883,down,1.0
day_over_day,DJUA,2018-06-19,2018-06-18,680.56,687.96,7.4,1.0873,up,1.0
day_over_day,DJCA,2018-06-25,2018-06-22,8273.77,8174.29,-99.48,-1.2024,down,1.0
day_over_day,DJIA,2018-06-25,2018-06-22,24580.89,24252.8,-328.09,-1.3347,down,1.0
day_over_day,DJTA,2018-06-25,2018-06-22,10773.2,10521.23,-251.97,-2.3389,down,1.0
day_over_day,DJUA,2018-06-25,2018-06-22,696.6,707.87,11.27,1.6179,up,1.0
day_over_day,DJTA,2018-06-27,2018-06-26,10474.96,10331.58,-143.38,-1.3688,down,1.0
day_over_day,DJIA,2018-07-09,2018-07-06,24456.48,24776.59,320.11,1.3089,up,1.0
day_over_day,DJTA,2018-07-09,2018-07-06,10473.93,10687.66,213.73,2.0406,up,1.0
day_over_day,DJUA,2018-07-09,2018-07-06,729.37,706.93,-22.44,-3.0766,down,1.0
day_over_day,DJTA,2018-07-11,2018-07-10,10655.23,10442.47,-212.76,-1.9968,down,1.0
day_over_day,DJTA,2018-07-16,2018-07-13,10546.41,10435.52,-110.89,-1.0514,down,1.0
day_over_day,DJTA,2018-07-18,2018-07-17,10463.13,10702.23,239.1,2.2852,up,1.0
day_over_day,DJTA,2018-07-24,2018-07-23,10813.55,10648.59,-164.96,-1.5255,down,1.0
day_over_day,DJCA,2018-07-25,2018-07-24,8408.85,8496.04,87.19,1.0369,up,1.0
day_over_day,DJTA,2018-07-25,2018-07-24,10648.59,10893.29,244.7,2.298,up,1.0
day_over_day,DJUA,2018-07-26,2018-07-25,717.07,725.38,8.31,1.1589,up,1.0
day_over_day,DJTA,2018-07-31,2018-07-30,10933.53,11077.1,143.57,1.3131,up,1.0
day_over_day,DJUA,2018-07-31,2018-07-30,717.02,724.24,7.22,1.0069,up,1.0
day_over_day,DJCA,2018-08-16,2018-08-15,8520.47,8628.38,107.91,1.2665,up,1.0
day_over_day,DJIA,2018-08-16,2018-08-15,25162.41,25558.73,396.32,1.575,up,1.0
day_over_day,DJUA,2018-08-16,2018-08-15,732.32,741.02,8.7,1.188,up,1.0
day_over_day,DJTA,2018-08-20,2018-08-17,11227.8,11361.86,134.06,1.194,up,1.0
day_over_day,DJIA,2018-08-27,2018-08-24,25790.35,26049.64,259.29,1.0054,up,1.0
day_over_day,DJTA,2018-08-27,2018-08-24,11284.99,11412.77,127.78,1.1323,up,1.0
day_over_day,DJUA,2018-09-05,2018-09-04,730.9,739.62,8.72,1.193,up,1.0
day_over_day,DJUA,2018-09-07,2018-09-06,741.9,733.6,-8.3,-1.1187,down,1.0
day_over_day,DJTA,2018-09-10,2018-09-07,11347.54,11554.08,206.54,1.8201,up,1.0
day_over_day,DJUA,2018-09-19,2018-09-18,738.39,723.03,-15.36,-2.0802,down,1.0
day_over_day,DJTA,2018-09-24,2018-09-21,11532.56,11370.21,-162.35,-1.4078,down,1.0
day_over_day,DJUA,2018-09-25,2018-09-24,720.52,711.83,-8.69,-1.2061,down,1.0
day_over_day,DJUA,2018-09-26,2018-09-25,711.83,704.04,-7.79,-1.0944,down,1.0
day_over_day,DJUA,2018-09-28,2018-09-27,710.25,720.6,10.35,1.4572,up,1.0
day_over_day,DJTA,2018-10-02,2018-10-01,11409.96,11281.08,-128.88,-1.1295,down,1.0
day_over_day,DJUA,2018-10-02,2018-10-01,717.84,727.36,9.52,1.3262,up,1.0
day_over_day,DJUA,2018-10-03,2018-10-02,727.36,719.17,-8.19,-1.126,down,1.0
day_over_day,DJUA,2018-10-05,2018-10-04,722.56,733.73,11.17,1.5459,up,1.0
day_over_day,DJTA,2018-10-09,2018-10-08,11203.9,10996.08,-207.82,-1.8549,down,1.0
day_over_day,DJCA,2018-10-10,2018-10-09,8759.21,8495.34,-263.87,-3.0125,down,1.0
day_over_day,DJIA,2018-10-10,2018-10-09,26430.57,25598.74,-831.83,-3.1472,down,1.0
day_over_day,DJTA,2018-10-10,2018-10-09,10996.08,10550.92,-445.16,-4.0484,down,1.0
week_over_week,DJTA,2018-10-10,2018-10-03,11342.96,10550.92,-792.04,-6.9827,down,5.0
day_over_day,SP500,2018-10-10,2018-10-09,2880.34,2785.68,-94.66,-3.2864,down,1.5
day_over_day,DJCA,2018-10-11,2018-10-10,8495.34,8328.92,-166.42,-1.959,down,1.0
week_over_week,DJCA,2018-10-11,2018-10-04,8828.42,8328.92,-499.5,-5.6579,down,5.0
day_over_day,DJIA,2018-10-11,2018-10-10,25598.74,25052.83,-545.91,-2.1326,down,1.0
week_over_week,DJIA,2018-10-11,2018-10-04,26627.48,25052.83,-1574.65,-5.9136,down,5.0
day_over_day,DJTA,2018-10-11,2018-10-10,10550.92,10397.23,-153.69,-1.4567,down,1.0
week_over_week,DJTA,2018-10-11,2018-10-04,11296.2,10397.23,-898.97,-7.9582,down,5.0
day_over_day,DJUA,2018-10-11,2018-10-10,739.54,723.37,-16.17,-2.1865,down,1.0
day_over_day,SP500,2018-10-11,2018-10-10,2785.68,2728.37,-57.31,-2.0573,down,1.5
week_over_week,SP500,2018-10-11,2018-10-04,2901.61,2728.37,-173.24,-5.9705,down,5.0
day_over_day,DJIA,2018-10-12,2018-10-11,25052.83,25339.99,287.16,1.1462,up,1.0
week_over_week,DJTA,2018-10-12,2018-10-05,11206.77,10489.29,-717.48,-6.4022,down,5.0
week_over_week,DJTA,2018-10-15,2018-10-08,11203.9,10553.97,-649.93,-5.8009,down,5.0
day_over_day,DJCA,2018-10-16,2018-10-15,8406.28,8568.52,162.24,1.93,up,1.0
day_over_day,DJIA,2018-10-16,2018-10-15,25250.55,25798.42,547.87,2.1697,up,1.0
day_over_day,DJTA,2018-10-16,2018-10-15,10553.97,10744.85,190.88,1.8086,up,1.0
day_over_day,DJUA,2018-10-16,2018-10-15,726.35,734.97,8.62,1.1868,up,1.0
day_over_day,SP500,2018-10-16,2018-10-15,2750.79,2809.92,59.13,2.1496,up,1.5
day_over_day,DJCA,2018-10-18,2018-10-17,8535.07,8413.1,-121.97,-1.429,down,1.0
day_over_day,DJIA,2018-10-18,2018-10-17,25706.68,25379.45,-327.23,-1.2729,down,1.0
day_over_day,DJTA,2018-10-18,2018-10-17,10683.82,10404.24,-279.58,-2.6169,down,1.0
day_over_day,DJUA,2018-10-19,2018-10-18,734.83,746.3,11.47,1.5609,up,1.0
day_over_day,DJTA,2018-10-23,2018-10-22,10435.76,10237.02,-198.74,-1.9044,down,1.0
day_over_day,DJCA,2018-10-24,2018-10-23,8344.0,8181.6,-162.4,-1.9463,down,1.0
day_over_day,DJIA,2018-10-24,2018-10-23,25191.43,24583.42,-608.01,-2.4136,down,1.0
day_over_day,DJTA,2018-10-24,2018-10-23,10237.02,9905.13,-331.89,-3.2421,down,1.0
week_over_week,DJTA,2018-10-24,2018-10-17,10683.82,9905.13,-778.69,-7.2885,down,5.0
day_over_day,DJUA,2018-10-24,2018-10-23,737.04,753.65,16.61,2.2536,up,1.0
day_over_day,SP500,2018-10-24,2018-10-23,2740.69,2656.1,-84.59,-3.0864,down,1.5
week_over_week,SP500,2018-10-24,2018-10-17,2809.21,2656.1,-153.11,-5.4503,down,5.0
day_over_day,DJCA,2018-10-25,2018-10-24,8181.6,8281.23,99.63,1.2177,up,1.0
day_over_day,DJIA,2018-10-25,2018-10-24,24583.42,24984.55,401.13,1.6317,up,1.0
day_over_day,DJTA,2018-10-25,2018-10-24,9905.13,10091.81,186.68,1.8847,up,1.0
day_over_day,DJUA,2018-10-25,2018-10-24,753.65,742.37,-11.28,-1.4967,down,1.0
day_over_day,SP500,2018-10-25,2018-10-24,2656.1,2705.57,49.47,1.8625,up,1.5
day_over_day,DJCA,2018-10-26,2018-10-25,8281.23,8175.23,-106.0,-1.28,down,1.0
day_over_day,DJIA,2018-10-26,2018-10-25,24984.55,24688.31,-296.24,-1.1857,down,1.0
day_over_day,DJTA,2018-10-26,2018-10-25,10091.81,9965.67,-126.14,-1.2499,down,1.0
day_over_day,DJUA,2018-10-26,2018-10-25,742.37,729.72,-12.65,-1.704,down,1.0
day_over_day,SP500,2018-10-26,2018-10-25,2705.57,2658.69,-46.88,-1.7327,down,1.5
week_over_week,DJTA,2018-10-29,2018-10-22,10435.76,9896.11,-539.65,-5.1712,down,5.0
day_over_day,DJUA,2018-10-29,2018-10-26,729.72,740.24,10.52,1.4416,up,1.0
day_over_day,DJCA,2018-10-30,2018-10-29,8129.97,8278.31,148.34,1.8246,up,1.0
day_over_day,DJIA,2018-10-30,2018-10-29,24442.92,24874.64,431.72,1.7662,up,1.0
day_over_day,DJTA,2018-10-30,2018-10-29,9896.11,10175.57,279.46,2.8239,up,1.0
day_over_day,SP500,2018-10-30,2018-10-29,2641.25,2682.63,41.38,1.5667,up,1.5
day_over_day,DJUA,2018-10-31,2018-10-30,742.58,733.84,-8.74,-1.177,down,1.0
day_over_day,DJIA,2018-11-01,2018-10-31,25115.76,25380.74,264.98,1.055,up,1.0
day_over_day,DJTA,2018-11-01,2018-10-31,10191.18,10368.52,177.34,1.7401,up,1.0
day_over_day,DJUA,2018-11-05,2018-11-02,724.85,734.8,9.95,1.3727,up,1.0
day_over_day,DJTA,2018-11-06,2018-11-05,10361.81,10474.11,112.3,1.0838,up,1.0
day_over_day,DJCA,2018-11-07,2018-11-06,8486.78,8656.47,169.69,1.9995,up,1.0
day_over_day,DJIA,2018-11-07,2018-11-06,25635.01,26180.3,545.29,2.1271,up,1.0
day_over_day,DJTA,2018-11-07,2018-11-06,10474.11,10714.49,240.38,2.295,up,1.0
week_over_week,DJTA,2018-11-07,2018-10-31,10191.18,10714.49,523.31,5.1349,up,5.0
day_over_day,SP500,2018-11-07,2018-11-06,2755.45,2813.89,58.44,2.1209,up,1.5
day_over_day,DJTA,2018-11-09,2018-11-08,10660.66,10517.21,-143.45,-1.3456,down,1.0
day_over_day,DJCA,2018-11-12,2018-11-09,8561.83,8403.44,-158.39,-1.85,down,1.0
day_over_day,DJIA,2018-11-12,2018-11-09,25989.3,25387.18,-602.12,-2.3168,down,1.0
day_over_day,DJTA,2018-11-12,2018-11-09,10517.21,10366.51,-150.7,-1.4329,down,1.0
day_over_day,SP500,2018-11-12,2018-11-09,2781.01,2726.22,-54.79,-1.9701,down,1.5
day_over_day,DJUA,2018-11-14,2018-11-13,735.25,724.57,-10.68,-1.4526,down,1.0
day_over_day,DJTA,2018-11-15,2018-11-14,10456.61,10615.3,158.69,1.5176,up,1.0
day_over_day,DJUA,2018-11-15,2018-11-14,724.57,715.02,-9.55,-1.318,down,1.0
day_over_day,DJUA,2018-11-16,2018-11-15,715.02,729.43,14.41,2.0153,up,1.0
day_over_day,DJIA,2018-11-19,2018-11-16,25413.22,25017.44,-395.78,-1.5574,down,1.0
day_over_day,SP500,2018-11-19,2018-11-16,2736.27,2690.73,-45.54,-1.6643,down,1.5
day_over_day,DJCA,2018-11-20,2018-11-19,8366.6,8181.95,-184.65,-2.207,down,1.0
day_over_day,DJIA,2018-11-20,2018-11-19,25017.44,24465.64,-551.8,-2.2057,down,1.0
day_over_day,DJTA,2018-11-20,2018-11-19,10534.46,10212.94,-321.52,-3.0521,down,1.0
day_over_day,SP500,2018-11-20,2018-11-19,2690.73,2641.89,-48.84,-1.8151,down,1.5
day_over_day,DJTA,2018-11-21,2018-11-20,10212.94,10365.53,152.59,1.4941,up,1.0
day_over_day,DJUA,2018-11-21,2018-11-20,727.65,718.69,-8.96,-1.2314,down,1.0
day_over_day,DJCA,2018-11-26,2018-11-23,8167.4,8266.61,99.21,1.2147,up,1.0
day_over_day,DJIA,2018-11-26,2018-11-23,24285.95,24640.24,354.29,1.4588,up,1.0
day_over_day,DJTA,2018-11-26,2018-11-23,10369.01,10476.55,107.54,1.0371,up,1.0
day_over_day,SP500,2018-11-26,2018-11-23,2632.56,2673.45,40.89,1.5532,up,1.5
day_over_day,DJCA,2018-11-28,2018-11-27,8305.13,8481.05,175.92,2.1182,up,1.0
day_over_day,DJIA,2018-11-28,2018-11-27,24748.73,25366.43,617.7,2.4959,up,1.0
day_over_day,DJTA,2018-11-28,2018-11-27,10505.81,10766.61,260.8,2.4824,up,1.0
day_over_day,SP500,2018-11-28,2018-11-27,2682.17,2743.79,61.62,2.2974,up,1.5
day_over_day,DJCA,2018-11-30,2018-11-29,8455.23,8545.83,90.6,1.0715,up,1.0
week_over_week,DJIA,2018-11-30,2018-11-23,24285.95,25538.46,1252.51,5.1573,up,5.0
day_over_day,DJTA,2018-11-30,2018-11-29,10679.8,10820.2,140.4,1.3146,up,1.0
day_over_day,DJUA,2018-11-30,2018-11-29,729.08,741.92,12.84,1.7611,up,1.0
day_over_day,DJIA,2018-12-03,2018-11-30,25538.46,25826.43,287.97,1.1276,up,1.0
day_over_day,DJCA,2018-12-04,2018-12-03,8619.47,8363.02,-256.45,-2.9752,down,1.0
day_over_day,DJIA,2018-12-04,2018-12-03,25826.43,25027.07,-799.36,-3.0951,down,1.0
day_over_day,DJTA,2018-12-04,2018-12-03,10850.44,10374.07,-476.37,-4.3903,down,1.0
day_over_day,SP500,2018-12-04,2018-12-03,2790.37,2700.06,-90.31,-3.2365,down,1.5
day_over_day,DJCA,2018-12-07,2018-12-06,8343.42,8153.5,-189.92,-2.2763,down,1.0
day_over_day,DJIA,2018-12-07,2018-12-06,24947.67,24388.95,-558.72,-2.2396,down,1.0
day_over_day,DJTA,2018-12-07,2018-12-06,10358.7,9951.16,-407.54,-3.9343,down,1.0
week_over_week,DJTA,2018-12-07,2018-11-30,10820.2,9951.16,-869.04,-8.0316,down,5.0
day_over_day,SP500,2018-12-07,2018-12-06,2695.95,2633.08,-62.87,-2.332,down,1.5
week_over_week,DJCA,2018-12-10,2018-12-03,8619.47,8147.31,-472.16,-5.4778,down,5.0
week_over_week,DJIA,2018-12-10,2018-12-03,25826.43,24423.26,-1403.17,-5.4331,down,5.0
week_over_week,DJTA,2018-12-10,2018-12-03,10850.44,9876.54,-973.9,-8.9757,down,5.0
week_over_week,SP500,2018-12-10,2018-12-03,2790.37,2637.72,-152.65,-5.4706,down,5.0
week_over_week,DJTA,2018-12-11,2018-12-04,10374.07,9831.0,-543.07,-5.2349,down,5.0
week_over_week,DJTA,2018-12-12,2018-12-04,10374.07,9833.81,-540.26,-5.2078,down,5.0
day_over_day,DJTA,2018-12-13,2018-12-12,9833.81,9672.74,-161.07,-1.6379,down,1.0
week_over_week,DJTA,2018-12-13,2018-12-06,10358.7,9672.74,-685.96,-6.6221,down,5.0
day_over_day,DJCA,2018-12-14,2018-12-13,8143.86,8010.05,-133.81,-1.6431,down,1.0
day_over_day,DJIA,2018-12-14,2018-12-13,24597.38,24100.51,-496.87,-2.02,down,1.0
day_over_day,DJTA,2018-12-14,2018-12-13,9672.74,9514.11,-158.63,-1.64,down,1.0
day_over_day,SP500,2018-12-14,2018-12-13,2650.54,2599.95,-50.59,-1.9087,down,1.5
day_over_day,DJCA,2018-12-17,2018-12-14,8010.05,7844.65,-165.4,-2.0649,down,1.0
day_over_day,DJIA,2018-12-17,2018-12-14,24100.51,23592.98,-507.53,-2.1059,down,1.0
day_over_day,DJTA,2018-12-17,2018-12-14,9514.11,9403.53,-110.58,-1.1623,down,1.0
day_over_day,DJUA,2018-12-17,2018-12-14,757.85,732.21,-25.64,-3.3833,down,1.0
day_over_day,SP500,2018-12-17,2018-12-14,2599.95,2545.94,-54.01,-2.0773,down,1.5
day_over_day,DJCA,2018-12-19,2018-12-18,7862.88,7727.82,-135.06,-1.7177,down,1.0
week_over_week,DJCA,2018-12-19,2018-12-12,8155.06,7727.82,-427.24,-5.239,down,5.0
day_over_day,DJIA,2018-12-19,2018-12-18,23675.64,23323.66,-351.98,-1.4867,down,1.0
day_over_day,DJTA,2018-12-19,2018-12-18,9445.47,9147.66,-297.81,-3.1529,down,1.0
week_over_week,DJTA,2018-12-19,2018-12-12,9833.81,9147.66,-686.15,-6.9775,down,5.0
day_over_day,SP500,2018-12-19,2018-12-18,2546.16,2506.96,-39.2,-1.5396,down,1.5
week_over_week,SP500,2018-12-19,2018-12-12,2651.07,2506.96,-144.11,-5.4359,down,5.0
day_over_day,DJCA,2018-12-20,2018-12-19,7727.82,7616.5,-111.32,-1.4405,down,1.0
week_over_week,DJCA,2018-12-20,2018-12-13,8143.86,7616.5,-527.36,-6.4756,down,5.0
day_over_day,DJIA,2018-12-20,2018-12-19,23323.66,22859.6,-464.06,-1.9897,down,1.0
week_over_week,DJIA,2018-12-20,2018-12-13,24597.38,22859.6,-1737.78,-7.0649,down,5.0
day_over_day,DJTA,2018-12-20,2018-12-19,9147.66,9029.94,-117.72,-1.2869,down,1.0
week_over_week,DJTA,2018-12-20,2018-12-13,9672.74,9029.94,-642.8,-6.6455,down,5.0
day_over_day,SP500,2018-12-20,2018-12-19,2506.96,2467.42,-39.54,-1.5772,down,1.5
week_over_week,SP500,2018-12-20,2018-12-13,2650.54,2467.42,-183.12,-6.9088,down,5.0
day_over_day,DJCA,2018-12-21,2018-12-20,7616.5,7490.61,-125.89,-1.6529,down,1.0
week_over_week,DJCA,2018-12-21,2018-12-14,8010.05,7490.61,-519.44,-6.4849,down,5.0
day_over_day,DJIA,2018-12-21,2018-12-20,22859.6,22445.37,-414.23,-1.8121,down,1.0
week_over_week,DJIA,2018-12-21,2018-12-14,24100.51,22445.37,-1655.14,-6.8677,down,5.0
day_over_day,DJTA,2018-12-21,2018-12-20,9029.94,8874.79,-155.15,-1.7182,down,1.0
week_over_week,DJTA,2018-12-21,2018-12-14,9514.11,8874.79,-639.32,-6.7197,down,5.0
day_over_day,SP500,2018-12-21,2018-12-20,2467.42,2416.62,-50.8,-2.0588,down,1.5
week_over_week,SP500,2018-12-21,2018-12-14,2599.95,2416.62,-183.33,-7.0513,down,5.0
day_over_day,DJCA,2018-12-24,2018-12-21,7490.61,7261.5,-229.11,-3.0586,down,1.0
week_over_week,DJCA,2018-12-24,2018-12-17,7844.65,7261.5,-583.15,-7.4337,down,5.0
day_over_day,DJIA,2018-12-24,2018-12-21,22445.37,21792.2,-653.17,-2.91,down,1.0
week_over_week,DJIA,2018-12-24,2018-12-17,23592.98,21792.2,-1800.78,-7.6327,down,5.0
day_over_day,DJTA,2018-12-24,2018-12-21,8874.79,8637.15,-237.64,-2.6777,down,1.0
week_over_week,DJTA,2018-12-24,2018-12-17,9403.53,8637.15,-766.38,-8.1499,down,5.0
day_over_day,DJUA,2018-12-24,2018-12-21,722.38,692.0,-30.38,-4.2055,down,1.0
week_over_week,DJUA,2018-12-24,2018-12-17,732.21,692.0,-40.21,-5.4916,down,5.0
day_over_day,SP500,2018-12-24,2018-12-21,2416.62,2351.1,-65.52,-2.7112,down,1.5
week_over_week,SP500,2018-12-24,2018-12-17,2545.94,2351.1,-194.84,-7.653,down,5.0
day_over_day,DJCA,2018-12-26,2018-12-24,7261.5,7592.6,331.1,4.5597,up,1.0
day_over_day,DJIA,2018-12-26,2018-12-24,21792.2,22878.45,1086.25,4.9846,up,1.0
day_over_day,DJTA,2018-12-26,2018-12-24,8637.15,9102.12,464.97,5.3834,up,1.0
day_over_day,DJUA,2018-12-26,2018-12-24,692.0,703.51,11.51,1.6633,up,1.0
day_over_day,SP500,2018-12-26,2018-12-24,2351.1,2467.7,116.6,4.9594,up,1.5
day_over_day,DJIA,2018-12-27,2018-12-26,22878.45,23138.82,260.37,1.1381,up,1.0
day_over_day,DJUA,2018-12-27,2018-12-26,703.51,710.89,7.38,1.049,up,1.0
week_over_week,DJCA,2018-12-31,2018-12-24,7261.5,7710.44,448.94,6.1825,up,5.0
day_over_day,DJIA,2018-12-31,2018-12-28,23062.4,23327.46,265.06,1.1493,up,1.0
week_over_week,DJIA,2018-12-31,2018-12-24,21792.2,23327.46,1535.26,7.045,up,5.0
week_over_week,DJTA,2018-12-31,2018-12-24,8637.15,9170.4,533.25,6.1739,up,5.0
week_over_week,SP500,2018-12-31,2018-12-24,2351.1,2506.85,155.75,6.6246,up,5.0
day_over_day,DJUA,2019-01-02,2018-12-31,712.93,701.04,-11.89,-1.6678,down,1.0
day_over_day,DJCA,2019-01-03,2019-01-02,7701.2,7504.21,-196.99,-2.5579,down,1.0
day_over_day,DJIA,2019-01-03,2019-01-02,23346.24,22686.22,-660.02,-2.8271,down,1.0
day_over_day,DJTA,2019-01-03,2019-01-02,9202.47,8881.49,-320.98,-3.488,down,1.0
day_over_day,SP500,2019-01-03,2019-01-02,2510.03,2447.89,-62.14,-2.4757,down,1.5
day_over_day,DJCA,2019-01-04,2019-01-03,7504.21,7741.12,236.91,3.157,up,1.0
day_over_day,DJIA,2019-01-04,2019-01-03,22686.22,23433.16,746.94,3.2925,up,1.0
day_over_day,DJTA,2019-01-04,2019-01-03,8881.49,9225.02,343.53,3.8679,up,1.0
day_over_day,DJUA,2019-01-04,2019-01-03,701.55,711.91,10.36,1.4767,up,1.0
day_over_day,SP500,2019-01-04,2019-01-03,2447.89,2531.94,84.05,3.4336,up,1.5
day_over_day,DJUA,2019-01-07,2019-01-04,711.91,704.45,-7.46,-1.0479,down,1.0
day_over_day,DJCA,2019-01-08,2019-01-07,7763.19,7857.45,94.26,1.2142,up,1.0
day_over_day,DJIA,2019-01-08,2019-01-07,23531.35,23787.45,256.1,1.0883,up,1.0
day_over_day,DJTA,2019-01-08,2019-01-07,9296.23,9447.85,151.62,1.631,up,1.0
day_over_day,DJTA,2019-01-09,2019-01-08,9447.85,9583.25,135.4,1.4331,up,1.0
week_over_week,DJCA,2019-01-10,2019-01-03,7504.21,7946.79,442.58,5.8978,up,5.0
week_over_week,DJIA,2019-01-10,2019-01-03,22686.22,24001.92,1315.7,5.7996,up,5.0
week_over_week,DJTA,2019-01-10,2019-01-03,8881.49,9624.7,743.21,8.3681,up,5.0
day_over_day,DJUA,2019-01-10,2019-01-09,707.29,717.04,9.75,1.3785,up,1.0
week_over_week,SP500,2019-01-10,2019-01-03,2447.89,2596.64,148.75,6.0767,up,5.0
day_over_day,DJUA,2019-01-14,2019-01-11,713.86,695.08,-18.78,-2.6308,down,1.0
day_over_day,DJTA,2019-01-17,2019-01-16,9608.3,9756.75,148.45,1.545,up,1.0
day_over_day,DJCA,2019-01-18,2019-01-17,8027.7,8148.46,120.76,1.5043,up,1.0
day_over_day,DJIA,2019-01-18,2019-01-17,24370.1,24706.35,336.25,1.3798,up,1.0
day_over_day,DJTA,2019-01-18,2019-01-17,9756.75,10012.06,255.31,2.6168,up,1.0
day_over_day,DJCA,2019-01-22,2019-01-18,8148.46,8052.49,-95.97,-1.1778,down,1.0
day_over_day,DJIA,2019-01-22,2019-01-18,24706.35,24404.48,-301.87,-1.2218,down,1.0
day_over_day,DJTA,2019-01-22,2019-01-18,10012.06,9822.22,-189.84,-1.8961,down,1.0
day_over_day,DJUA,2019-01-23,2019-01-22,707.81,714.97,7.16,1.0116,up,1.0
day_over_day,DJTA,2019-01-24,2019-01-23,9734.92,9842.52,107.6,1.1053,up,1.0
day_over_day,DJUA,2019-01-25,2019-01-24,717.96,708.2,-9.76,-1.3594,down,1.0
day_over_day,DJCA,2019-01-30,2019-01-29,8115.68,8231.6,115.92,1.4283,up,1.0
day_over_day,DJIA,2019-01-30,2019-01-29,24579.96,25014.86,434.9,1.7693,up,1.0
day_over_day,DJTA,2019-01-30,2019-01-29,9967.32,10078.7,111.38,1.1175,up,1.0
day_over_day,SP500,2019-01-30,2019-01-29,2640.0,2681.05,41.05,1.5549,up,1.5
day_over_day,DJUA,2019-01-31,2019-01-30,712.1,727.25,15.15,2.1275,up,1.0
day_over_day,DJUA,2019-02-07,2019-02-06,726.3,736.0,9.7,1.3355,up,1.0
day_over_day,DJTA,2019-02-11,2019-02-08,10177.03,10304.45,127.42,1.252,up,1.0
day_over_day,DJCA,2019-02-12,2019-02-11,8333.83,8437.87,104.04,1.2484,up,1.0
day_over_day,DJIA,2019-02-12,2019-02-11,25053.11,25425.76,372.65,1.4874,up,1.0
day_over_day,DJTA,2019-02-12,2019-02-11,10304.45,10445.27,140.82,1.3666,up,1.0
day_over_day,DJCA,2019-02-15,2019-02-14,8453.13,8550.06,96.93,1.1467,up,1.0
day_over_day,DJIA,2019-02-15,2019-02-14,25439.39,25883.25,443.86,1.7448,up,1.0
day_over_day,DJCA,2019-03-11,2019-03-08,8420.47,8511.18,90.71,1.0773,up,1.0
day_over_day,DJTA,2019-03-11,2019-03-08,10116.86,10312.92,196.06,1.938,up,1.0
day_over_day,DJTA,2019-03-13,2019-03-12,10261.53,10367.12,105.59,1.029,up,1.0
day_over_day,DJTA,2019-03-18,2019-03-15,10310.12,10414.36,104.24,1.011,up,1.0
day_over_day,DJTA,2019-03-19,2019-03-18,10414.36,10277.32,-137.04,-1.3159,down,1.0
day_over_day,DJUA,2019-03-19,2019-03-18,776.77,768.2,-8.57,-1.1033,down,1.0
day_over_day,DJTA,2019-03-20,2019-03-19,10277.32,10143.26,-134.06,-1.3044,down,1.0
day_over_day,DJCA,2019-03-21,2019-03-20,8492.88,8580.07,87.19,1.0266,up,1.0
day_over_day,DJTA,2019-03-21,2019-03-20,10143.26,10285.67,142.41,1.404,up,1.0
day_over_day,DJUA,2019-03-21,2019-03-20,770.92,779.35,8.43,1.0935,up,1.0
day_over_day,DJCA,2019-03-22,2019-03-21,8580.07,8451.46,-128.61,-1.4989,down,1.0
day_over_day,DJIA,2019-03-22,2019-03-21,25962.51,25502.32,-460.19,-1.7725,down,1.0
day_over_day,DJTA,2019-03-22,2019-03-21,10285.67,10052.3,-233.37,-2.2689,down,1.0
day_over_day,SP500,2019-03-22,2019-03-21,2854.88,2800.71,-54.17,-1.8975,down,1.5
day_over_day,DJTA,2019-03-26,2019-03-25,10000.79,10107.41,106.62,1.0661,up,1.0
day_over_day,DJTA,2019-03-28,2019-03-27,10197.64,10319.63,121.99,1.1963,up,1.0
day_over_day,DJUA,2019-03-28,2019-03-27,783.74,774.06,-9.68,-1.2351,down,1.0
day_over_day,DJCA,2019-04-01,2019-03-29,8598.46,8703.81,105.35,1.2252,up,1.0
day_over_day,DJIA,2019-04-01,2019-03-29,25928.68,26258.42,329.74,1.2717,up,1.0
day_over_day,DJTA,2019-04-01,2019-03-29,10407.96,10643.65,235.69,2.2645,up,1.0
week_over_week,DJTA,2019-04-01,2019-03-25,10000.79,10643.65,642.86,6.4281,up,5.0
week_over_week,DJTA,2019-04-02,2019-03-26,10107.41,10625.54,518.13,5.1262,up,5.0
day_over_day,DJUA,2019-04-05,2019-04-04,772.35,780.29,7.94,1.028,up,1.0
day_over_day,DJCA,2019-04-12,2019-04-11,8717.36,8807.05,89.69,1.0289,up,1.0
day_over_day,DJIA,2019-04-12,2019-04-11,26143.05,26412.3,269.25,1.0299,up,1.0
day_over_day,DJTA,2019-04-12,2019-04-11,10785.08,10912.19,127.11,1.1786,up,1.0
day_over_day,DJUA,2019-04-16,2019-04-15,782.09,771.69,-10.4,-1.3298,down,1.0
day_over_day,DJTA,2019-04-17,2019-04-16,10826.72,10935.6,108.88,1.0057,up,1.0
day_over_day,DJTA,2019-04-25,2019-04-24,11098.99,10845.62,-253.37,-2.2828,down,1.0
day_over_day,DJUA,2019-04-30,2019-04-29,777.47,790.0,12.53,1.6116,up,1.0
day_over_day,DJTA,2019-05-01,2019-04-30,10847.02,10661.57,-185.45,-1.7097,down,1.0
day_over_day,DJUA,2019-05-01,2019-04-30,790.0,780.39,-9.61,-1.2165,down,1.0
day_over_day,DJTA,2019-05-02,2019-05-01,10661.57,10787.64,126.07,1.1825,up,1.0
day_over_day,DJTA,2019-05-03,2019-05-02,10787.64,10958.89,171.25,1.5875,up,1.0
day_over_day,DJCA,2019-05-07,2019-05-06,8799.73,8654.69,-145.04,-1.6482,down,1.0
day_over_day,DJIA,2019-05-07,2019-05-06,26438.48,25965.09,-473.39,-1.7905,down,1.0
day_over_day,DJTA,2019-05-07,2019-05-06,10902.01,10670.47,-231.54,-2.1238,down,1.0
day_over_day,SP500,2019-05-07,2019-05-06,2932.47,2884.05,-48.42,-1.6512,down,1.5
day_over_day,DJUA,2019-05-08,2019-05-07,775.14,765.94,-9.2,-1.1869,down,1.0
day_over_day,DJUA,2019-05-10,2019-05-09,765.1,777.46,12.36,1.6155,up,1.0
day_over_day,DJCA,2019-05-13,2019-05-10,8640.08,8475.82,-164.26,-1.9011,down,1.0
day_over_day,DJIA,2019-05-13,2019-05-10,25942.37,25324.99,-617.38,-2.3798,down,1.0
day_over_day,DJTA,2019-05-13,2019-05-10,10602.19,10305.85,-296.34,-2.7951,down,1.0
week_over_week,DJTA,2019-05-13,2019-05-06,10902.01,10305.85,-596.16,-5.4683,down,5.0
day_over_day,DJUA,2019-05-13,2019-05-10,777.46,786.63,9.17,1.1795,up,1.0
day_over_day,SP500,2019-05-13,2019-05-10,2881.4,2811.87,-69.53,-2.4131,down,1.5
day_over_day,DJTA,2019-05-14,2019-05-13,10305.85,10454.97,149.12,1.4469,up,1.0
day_over_day,DJTA,2019-05-16,2019-05-15,10475.08,10605.61,130.53,1.2461,up,1.0
day_over_day,DJTA,2019-05-17,2019-05-16,10605.61,10491.85,-113.76,-1.0726,down,1.0
day_over_day,DJTA,2019-05-22,2019-05-21,10510.87,10332.98,-177.89,-1.6924,down,1.0
day_over_day,DJUA,2019-05-22,2019-05-21,791.93,800.52,8.59,1.0847,up,1.0
day_over_day,DJIA,2019-05-23,2019-05-22,25776.61,25490.47,-286.14,-1.1101,down,1.0
day_over_day,DJTA,2019-05-23,2019-05-22,10332.98,10171.61,-161.37,-1.5617,down,1.0
day_over_day,DJCA,2019-05-28,2019-05-24,8523.01,8426.17,-96.84,-1.1362,down,1.0
day_over_day,DJTA,2019-05-28,2019-05-24,10137.59,10005.97,-131.62,-1.2983,down,1.0
day_over_day,DJUA,2019-05-28,2019-05-24,804.71,791.96,-12.75,-1.5844,down,1.0
day_over_day,DJUA,2019-05-29,2019-05-28,791.96,781.83,-10.13,-1.2791,down,1.0
day_over_day,DJCA,2019-05-31,2019-05-30,8356.25,8253.53,-102.72,-1.2293,down,1.0
day_over_day,DJIA,2019-05-31,2019-05-30,25169.88,24815.04,-354.84,-1.4098,down,1.0
day_over_day,DJTA,2019-05-31,2019-05-30,9926.47,9738.03,-188.44,-1.8984,down,1.0
day_over_day,DJCA,2019-06-04,2019-06-03,8272.52,8441.96,169.44,2.0482,up,1.0
day_over_day,DJIA,2019-06-04,2019-06-03,24819.78,25332.18,512.4,2.0645,up,1.0
day_over_day,DJTA,2019-06-04,2019-06-03,9759.86,10083.76,323.9,3.3187,up,1.0
day_over_day,SP500,2019-06-04,2019-06-03,2744.45,2803.27,58.82,2.1432,up,1.5
day_over_day,DJCA,2019-06-05,2019-06-04,8441.96,8531.34,89.38,1.0588,up,1.0
day_over_day,DJUA,2019-06-05,2019-06-04,793.18,810.15,16.97,2.1395,up,1.0
day_over_day,DJIA,2019-06-07,2019-06-06,25720.66,25983.94,263.28,1.0236,up,1.0
week_over_week,DJIA,2019-06-10,2019-06-03,24819.78,26062.68,1242.9,5.0077,up,5.0
week_over_week,SP500,2019-06-10,2019-06-03,2744.45,2886.73,142.28,5.1843,up,5.0
day_over_day,DJUA,2019-06-12,2019-06-11,796.46,805.78,9.32,1.1702,up,1.0
day_over_day,DJTA,2019-06-17,2019-06-14,10305.3,10199.04,-106.26,-1.0311,down,1.0
day_over_day,DJCA,2019-06-18,2019-06-17,8653.93,8741.3,87.37,1.0096,up,1.0
day_over_day,DJIA,2019-06-18,2019-06-17,26112.53,26465.54,353.01,1.3519,up,1.0
day_over_day,DJTA,2019-06-18,2019-06-17,10199.04,10320.85,121.81,1.1943,up,1.0
day_over_day,DJTA,2019-06-24,2019-06-21,10352.49,10197.39,-155.1,-1.4982,down,1.0
day_over_day,DJUA,2019-06-26,2019-06-25,821.4,804.66,-16.74,-2.038,down,1.0
day_over_day,DJTA,2019-06-27,2019-06-26,10176.79,10308.53,131.74,1.2945,up,1.0
day_over_day,DJTA,2019-06-28,2019-06-27,10308.53,10461.98,153.45,1.4886,up,1.0
day_over_day,DJUA,2019-07-02,2019-07-01,807.77,818.0,10.23,1.2664,up,1.0
day_over_day,DJCA,2019-07-12,2019-07-11,8907.61,8999.09,91.48,1.027,up,1.0
day_over_day,DJTA,2019-07-12,2019-07-11,10390.04,10637.31,247.27,2.3799,up,1.0
day_over_day,DJTA,2019-07-16,2019-07-15,10601.03,10794.59,193.56,1.8259,up,1.0
day_over_day,DJCA,2019-07-17,2019-07-16,9028.06,8929.16,-98.9,-1.0955,down,1.0
day_over_day,DJTA,2019-07-17,2019-07-16,10794.59,10406.93,-387.66,-3.5912,down,1.0
day_over_day,DJTA,2019-07-18,2019-07-17,10406.93,10537.51,130.58,1.2547,up,1.0
day_over_day,DJUA,2019-07-19,2019-07-18,831.33,820.08,-11.25,-1.3533,down,1.0
day_over_day,DJIA,2019-07-31,2019-07-30,27198.02,26864.27,-333.75,-1.2271,down,1.0
day_over_day,DJCA,2019-08-01,2019-07-31,8895.21,8798.44,-96.77,-1.0879,down,1.0
day_over_day,DJIA,2019-08-01,2019-07-31,26864.27,26583.42,-280.85,-1.0454,down,1.0
day_over_day,DJTA,2019-08-01,2019-07-31,10701.75,10433.45,-268.3,-2.5071,down,1.0
day_over_day,DJCA,2019-08-05,2019-08-02,8769.46,8524.96,-244.5,-2.7881,down,1.0
week_over_week,DJCA,2019-08-05,2019-07-29,8997.47,8524.96,-472.51,-5.2516,down,5.0
day_over_day,DJIA,2019-08-05,2019-08-02,26485.01,25717.74,-767.27,-2.897,down,1.0
week_over_week,DJIA,2019-08-05,2019-07-29,27221.35,25717.74,-1503.61,-5.5236,down,5.0
day_over_day,DJTA,2019-08-05,2019-08-02,10374.43,10040.23,-334.2,-3.2214,down,1.0
week_over_week,DJTA,2019-08-05,2019-07-29,10776.0,10040.23,-735.77,-6.8279,down,5.0
day_over_day,DJUA,2019-08-05,2019-08-02,817.87,803.29,-14.58,-1.7827,down,1.0
day_over_day,SP500,2019-08-05,2019-08-02,2932.05,2844.74,-87.31,-2.9778,down,1.5
week_over_week,SP500,2019-08-05,2019-07-29,3020.97,2844.74,-176.23,-5.8336,down,5.0
day_over_day,DJCA,2019-08-06,2019-08-05,8524.96,8632.73,107.77,1.2642,up,1.0
day_over_day,DJIA,2019-08-06,2019-08-05,25717.74,26029.52,311.78,1.2123,up,1.0
day_over_day,DJTA,2019-08-06,2019-08-05,10040.23,10172.52,132.29,1.3176,up,1.0
week_over_week,DJTA,2019-08-06,2019-07-30,10784.84,10172.52,-612.32,-5.6776,down,5.0
day_over_day,DJUA,2019-08-06,2019-08-05,803.29,814.22,10.93,1.3607,up,1.0
week_over_week,DJTA,2019-08-07,2019-07-31,10701.75,10150.21,-551.54,-5.1537,down,5.0
day_over_day,DJCA,2019-08-08,2019-08-07,8629.23,8751.5,122.27,1.4169,up,1.0
day_over_day,DJIA,2019-08-08,2019-08-07,26007.07,26378.19,371.12,1.427,up,1.0
day_over_day,DJTA,2019-08-08,2019-08-07,10150.21,10324.38,174.17,1.7159,up,1.0
day_over_day,SP500,2019-08-08,2019-08-07,2883.98,2938.09,54.11,1.8762,up,1.5
day_over_day,DJTA,2019-08-09,2019-08-08,10324.38,10207.21,-117.17,-1.1349,down,1.0
day_over_day,DJCA,2019-08-12,2019-08-09,8711.58,8600.79,-110.79,-1.2718,down,1.0
day_over_day,DJIA,2019-08-12,2019-08-09,26287.44,25907.37,-380.07,-1.4458,down,1.0
day_over_day,DJTA,2019-08-12,2019-08-09,10207.21,10033.58,-173.63,-1.7011,down,1.0
day_over_day,DJCA,2019-08-13,2019-08-12,8600.79,8695.74,94.95,1.104,up,1.0
day_over_day,DJIA,2019-08-13,2019-08-12,25907.37,26279.91,372.54,1.438,up,1.0
day_over_day,DJTA,2019-08-13,2019-08-12,10033.58,10148.68,115.1,1.1471,up,1.0
day_over_day,DJCA,2019-08-14,2019-08-13,8695.74,8464.66,-231.08,-2.6574,down,1.0
day_over_day,DJIA,2019-08-14,2019-08-13,26279.91,25479.42,-800.49,-3.046,down,1.0
day_over_day,DJTA,2019-08-14,2019-08-13,10148.68,9842.4,-306.28,-3.0179,down,1.0
day_over_day,SP500,2019-08-14,2019-08-13,2926.32,2840.6,-85.72,-2.9293,down,1.5
week_over_week,DJTA,2019-08-15,2019-08-08,10324.38,9764.49,-559.89,-5.423,down,5.0
day_over_day,DJUA,2019-08-15,2019-08-14,818.21,828.66,10.45,1.2772,up,1.0
day_over_day,DJCA,2019-08-16,2019-08-15,8486.36,8592.81,106.45,1.2544,up,1.0
day_over_day,DJIA,2019-08-16,2019-08-15,25579.39,25886.01,306.62,1.1987,up,1.0
day_over_day,DJTA,2019-08-16,2019-08-15,9764.49,9967.32,202.83,2.0772,up,1.0
day_over_day,DJTA,2019-08-19,2019-08-16,9967.32,10081.38,114.06,1.1443,up,1.0
day_over_day,DJTA,2019-08-21,2019-08-20,10006.03,10107.47,101.44,1.0138,up,1.0
day_over_day,DJCA,2019-08-23,2019-08-22,8702.15,8496.74,-205.41,-2.3605,down,1.0
day_over_day,DJIA,2019-08-23,2019-08-22,26252.24,25628.9,-623.34,-2.3744,down,1.0
day_over_day,DJTA,2019-08-23,2019-08-22,10073.15,9739.74,-333.41,-3.3099,down,1.0
day_over_day,SP500,2019-08-23,2019-08-22,2922.95,2847.11,-75.84,-2.5946,down,1.5
day_over_day,DJCA,2019-08-26,2019-08-23,8496.74,8587.56,90.82,1.0689,up,1.0
day_over_day,DJIA,2019-08-26,2019-08-23,25628.9,25898.83,269.93,1.0532,up,1.0
day_over_day,DJUA,2019-08-26,2019-08-23,832.03,842.4,10.37,1.2463,up,1.0
day_over_day,DJTA,2019-08-27,2019-08-26,9834.72,9734.68,-100.04,-1.0172,down,1.0
day_over_day,DJIA,2019-08-28,2019-08-27,25777.9,26036.1,258.2,1.0016,up,1.0
day_over_day,DJTA,2019-08-28,2019-08-27,9734.68,9907.15,172.47,1.7717,up,1.0
day_over_day,DJCA,2019-08-29,2019-08-28,8625.66,8739.01,113.35,1.3141,up,1.0
day_over_day,DJIA,2019-08-29,2019-08-28,26036.1,26362.25,326.15,1.2527,up,1.0
day_over_day,DJTA,2019-08-29,2019-08-28,9907.15,10105.4,198.25,2.0011,up,1.0
day_over_day,DJIA,2019-09-03,2019-08-30,26403.28,26118.02,-285.26,-1.0804,down,1.0
day_over_day,DJTA,2019-09-03,2019-08-30,10126.98,9991.52,-135.46,-1.3376,down,1.0
day_over_day,DJUA,2019-09-03,2019-08-30,845.52,860.85,15.33,1.8131,up,1.0
day_over_day,DJTA,2019-09-04,2019-09-03,9991.52,10111.31,119.79,1.1989,up,1.0
day_over_day,DJCA,2019-09-05,2019-09-04,8767.65,8872.87,105.22,1.2001,up,1.0
day_over_day,DJIA,2019-09-05,2019-09-04,26355.47,26728.15,372.68,1.4141,up,1.0
day_over_day,DJTA,2019-09-05,2019-09-04,10111.31,10369.92,258.61,2.5576,up,1.0
day_over_day,DJUA,2019-09-05,2019-09-04,860.92,849.45,-11.47,-1.3323,down,1.0
day_over_day,DJTA,2019-09-09,2019-09-06,10302.92,10510.56,207.64,2.0154,up,1.0
day_over_day,DJTA,2019-09-10,2019-09-09,10510.56,10672.12,161.56,1.5371,up,1.0
week_over_week,DJTA,2019-09-10,2019-09-03,9991.52,10672.12,680.6,6.8118,up,5.0
week_over_week,DJTA,2019-09-11,2019-09-04,10111.31,10761.19,649.88,6.4273,up,5.0
day_over_day,DJTA,2019-09-18,2019-09-17,10705.65,10576.34,-129.31,-1.2079,down,1.0
day_over_day,DJUA,2019-09-24,2019-09-23,864.33,874.74,10.41,1.2044,up,1.0
day_over_day,DJCA,2019-10-01,2019-09-30,8961.15,8835.45,-125.7,-1.4027,down,1.0
day_over_day,DJIA,2019-10-01,2019-09-30,26916.83,26573.04,-343.79,-1.2772,down,1.0
day_over_day,DJTA,2019-10-01,2019-09-30,10363.58,10119.6,-243.98,-2.3542,down,1.0
day_over_day,DJCA,2019-10-02,2019-10-01,8835.45,8672.26,-163.19,-1.847,down,1.0
day_over_day,DJIA,2019-10-02,2019-10-01,26573.04,26078.62,-494.42,-1.8606,down,1.0
day_over_day,DJTA,2019-10-02,2019-10-01,10119.6,9884.35,-235.25,-2.3247,down,1.0
week_over_week,DJTA,2019-10-02,2019-09-25,10433.32,9884.35,-548.97,-5.2617,down,5.0
day_over_day,DJUA,2019-10-02,2019-10-01,874.26,864.1,-10.16,-1.1621,down,1.0
day_over_day,SP500,2019-10-02,2019-10-01,2940.25,2887.61,-52.64,-1.7903,down,1.5
day_over_day,DJCA,2019-10-04,2019-10-03,8710.66,8827.92,117.26,1.3462,up,1.0
day_over_day,DJIA,2019-10-04,2019-10-03,26201.04,26573.72,372.68,1.4224,up,1.0
day_over_day,DJTA,2019-10-04,2019-10-03,9925.98,10029.84,103.86,1.0463,up,1.0
day_over_day,DJUA,2019-10-04,2019-10-03,867.45,880.5,13.05,1.5044,up,1.0
day_over_day,DJCA,2019-10-08,2019-10-07,8798.55,8684.32,-114.23,-1.2983,down,1.0
day_over_day,DJIA,2019-10-08,2019-10-07,26478.02,26164.04,-313.98,-1.1858,down,1.0
day_over_day,DJTA,2019-10-08,2019-10-07,10014.56,9829.2,-185.36,-1.8509,down,1.0
day_over_day,SP500,2019-10-08,2019-10-07,2938.79,2893.06,-45.73,-1.5561,down,1.5
day_over_day,DJTA,2019-10-09,2019-10-08,9829.2,9943.33,114.13,1.1611,up,1.0
day_over_day,DJTA,2019-10-10,2019-10-09,9943.33,10067.33,124.0,1.2471,up,1.0
day_over_day,DJCA,2019-10-11,2019-10-10,8805.96,8904.75,98.79,1.1219,up,1.0
day_over_day,DJIA,2019-10-11,2019-10-10,26496.67,26816.59,319.92,1.2074,up,1.0
day_over_day,DJTA,2019-10-11,2019-10-10,10067.33,10291.98,224.65,2.2315,up,1.0
day_over_day,DJTA,2019-10-15,2019-10-14,10256.1,10386.29,130.19,1.2694,up,1.0
week_over_week,DJTA,2019-10-15,2019-10-08,9829.2,10386.29,557.09,5.6677,up,5.0
day_over_day,DJTA,2019-10-21,2019-10-18,10508.74,10652.12,143.38,1.3644,up,1.0
day_over_day,DJTA,2019-10-25,2019-10-24,10676.57,10856.41,179.84,1.6844,up,1.0
day_over_day,DJUA,2019-10-25,2019-10-24,879.82,866.92,-12.9,-1.4662,down,1.0
day_over_day,DJUA,2019-10-28,2019-10-25,866.92,854.55,-12.37,-1.4269,down,1.0
day_over_day,DJTA,2019-10-30,2019-10-29,10829.77,10639.2,-190.57,-1.7597,down,1.0
day_over_day,DJTA,2019-10-31,2019-10-30,10639.2,10498.86,-140.34,-1.3191,down,1.0
day_over_day,DJCA,2019-11-01,2019-10-31,8994.23,9103.41,109.18,1.2139,up,1.0
day_over_day,DJIA,2019-11-01,2019-10-31,27046.23,27347.36,301.13,1.1134,up,1.0
day_over_day,DJTA,2019-11-01,2019-10-31,10498.86,10738.81,239.95,2.2855,up,1.0
day_over_day,DJTA,2019-11-04,2019-11-01,10738.81,10982.15,243.34,2.266,up,1.0
day_over_day,DJUA,2019-11-04,2019-11-01,867.83,856.93,-10.9,-1.256,down,1.0
day_over_day,DJUA,2019-11-05,2019-11-04,856.93,848.26,-8.67,-1.0118,down,1.0
week_over_week,DJTA,2019-11-07,2019-10-31,10498.86,11091.37,592.51,5.6436,up,5.0
day_over_day,DJUA,2019-11-07,2019-11-06,850.36,838.34,-12.02,-1.4135,down,1.0
day_over_day,DJTA,2019-11-13,2019-11-12,10959.26,10842.63,-116.63,-1.0642,down,1.0
day_over_day,DJUA,2019-11-13,2019-11-12,832.2,844.31,12.11,1.4552,up,1.0
day_over_day,DJTA,2019-11-20,2019-11-19,10847.63,10695.04,-152.59,-1.4067,down,1.0
day_over_day,DJTA,2019-11-25,2019-11-22,10785.15,10948.5,163.35,1.5146,up,1.0
day_over_day,DJTA,2019-12-02,2019-11-29,10857.57,10734.85,-122.72,-1.1303,down,1.0
day_over_day,DJCA,2019-12-03,2019-12-02,9145.63,9050.72,-94.91,-1.0378,down,1.0
day_over_day,DJIA,2019-12-03,2019-12-02,27783.04,27502.81,-280.23,-1.0086,down,1.0
day_over_day,DJTA,2019-12-03,2019-12-02,10734.85,10499.29,-235.56,-2.1943,down,1.0
day_over_day,DJIA,2019-12-06,2019-12-05,27677.79,28015.06,337.27,1.2186,up,1.0
day_over_day,DJTA,2019-12-06,2019-12-05,10574.88,10708.54,133.66,1.2639,up,1.0
day_over_day,DJTA,2019-12-12,2019-12-11,10678.89,10789.41,110.52,1.0349,up,1.0
day_over_day,DJUA,2019-12-16,2019-12-13,856.85,867.33,10.48,1.2231,up,1.0
day_over_day,DJIA,2020-01-02,2019-12-31,28538.44,28868.8,330.36,1.1576,up,1.0
day_over_day,DJUA,2020-01-02,2019-12-31,879.17,866.82,-12.35,-1.4047,down,1.0
day_over_day,DJUA,2020-01-15,2020-01-14,882.07,895.82,13.75,1.5588,up,1.0
day_over_day,DJTA,2020-01-21,2020-01-17,11278.85,11075.01,-203.84,-1.8073,down,1.0
day_over_day,DJTA,2020-01-23,2020-01-22,10999.36,11143.42,144.06,1.3097,up,1.0
day_over_day,DJCA,2020-01-27,2020-01-24,9603.24,9456.34,-146.9,-1.5297,down,1.0
day_over_day,DJIA,2020-01-27,2020-01-24,28989.73,28535.8,-453.93,-1.5658,down,1.0
day_over_day,DJTA,2020-01-27,2020-01-24,11059.84,10796.83,-263.01,-2.3781,down,1.0
day_over_day,SP500,2020-01-27,2020-01-24,3295.47,3243.63,-51.84,-1.5731,down,1.5
day_over_day,DJCA,2020-01-31,2020-01-30,9550.49,9370.29,-180.2,-1.8868,down,1.0
day_over_day,DJIA,2020-01-31,2020-01-30,28859.44,28256.03,-603.41,-2.0909,down,1.0
day_over_day,DJTA,2020-01-31,2020-01-30,10833.17,10566.74,-266.43,-2.4594,down,1.0
day_over_day,SP500,2020-01-31,2020-01-30,3283.66,3225.52,-58.14,-1.7706,down,1.5
day_over_day,DJCA,2020-02-04,2020-02-03,9406.73,9506.66,99.93,1.0623,up,1.0
day_over_day,DJIA,2020-02-04,2020-02-03,28399.81,28807.63,407.82,1.436,up,1.0
day_over_day,DJTA,2020-02-04,2020-02-03,10590.66,10783.03,192.37,1.8164,up,1.0
day_over_day,DJUA,2020-02-04,2020-02-03,940.67,930.34,-10.33,-1.0982,down,1.0
day_over_day,DJCA,2020-02-05,2020-02-04,9506.66,9638.33,131.67,1.385,up,1.0
day_over_day,DJIA,2020-02-05,2020-02-04,28807.63,29290.85,483.22,1.6774,up,1.0
day_over_day,DJTA,2020-02-05,2020-02-04,10783.03,10928.84,145.81,1.3522,up,1.0
day_over_day,DJTA,2020-02-14,2020-02-13,10994.14,10862.92,-131.22,-1.1935,down,1.0
day_over_day,DJUA,2020-02-19,2020-02-18,960.89,950.01,-10.88,-1.1323,down,1.0
day_over_day,DJTA,2020-02-21,2020-02-20,11032.96,10908.94,-124.02,-1.1241,down,1.0
day_over_day,DJCA,2020-02-24,2020-02-21,9602.49,9296.87,-305.62,-3.1827,down,1.0
day_over_day,DJIA,2020-02-24,2020-02-21,28992.41,27960.8,-1031.61,-3.5582,down,1.0
day_over_day,DJTA,2020-02-24,2020-02-21,10908.94,10509.92,-399.02,-3.6577,down,1.0
day_over_day,DJUA,2020-02-24,2020-02-21,948.74,935.91,-12.83,-1.3523,down,1.0
day_over_day,SP500,2020-02-24,2020-02-21,3337.75,3225.89,-111.86,-3.3514,down,1.5
day_over_day,DJCA,2020-02-25,2020-02-24,9296.87,8996.46,-300.41,-3.2313,down,1.0
week_over_week,DJCA,2020-02-25,2020-02-18,9661.41,8996.46,-664.95,-6.8825,down,5.0
day_over_day,DJIA,2020-02-25,2020-02-24,27960.8,27081.36,-879.44,-3.1453,down,1.0
week_over_week,DJIA,2020-02-25,2020-02-18,29232.19,27081.36,-2150.83,-7.3577,down,5.0
day_over_day,DJTA,2020-02-25,2020-02-24,10509.92,10061.46,-448.46,-4.267,down,1.0
week_over_week,DJTA,2020-02-25,2020-02-18,10865.58,10061.46,-804.12,-7.4006,down,5.0
day_over_day,DJUA,2020-02-25,2020-02-24,935.91,915.77,-20.14,-2.1519,down,1.0
day_over_day,SP500,2020-02-25,2020-02-24,3225.89,3128.21,-97.68,-3.028,down,1.5
week_over_week,SP500,2020-02-25,2020-02-18,3370.29,3128.21,-242.08,-7.1828,down,5.0
week_over_week,DJCA,2020-02-26,2020-02-19,9680.12,8909.77,-770.35,-7.9581,down,5.0
week_over_week,DJIA,2020-02-26,2020-02-19,29348.03,26957.59,-2390.44,-8.1451,down,5.0
day_over_day,DJTA,2020-02-26,2020-02-25,10061.46,9840.89,-220.57,-2.1922,down,1.0
week_over_week,DJTA,2020-02-26,2020-02-19,10943.24,9840.89,-1102.35,-10.0733,down,5.0
week_over_week,SP500,2020-02-26,2020-02-19,3386.15,3116.39,-269.76,-7.9666,down,5.0
day_over_day,DJCA,2020-02-27,2020-02-26,8909.77,8530.18,-379.59,-4.2604,down,1.0
week_over_week,DJCA,2020-02-27,2020-02-20,9679.08,8530.18,-1148.9,-11.8699,down,5.0
day_over_day,DJIA,2020-02-27,2020-02-26,26957.59,25766.64,-1190.95,-4.4179,down,1.0
week_over_week,DJIA,2020-02-27,2020-02-20,29219.98,25766.64,-3453.34,-11.8184,down,5.0
day_over_day,DJTA,2020-02-27,2020-02-26,9840.89,9484.44,-356.45,-3.6221,down,1.0
week_over_week,DJTA,2020-02-27,2020-02-20,11032.96,9484.44,-1548.52,-14.0354,down,5.0
day_over_day,DJUA,2020-02-27,2020-02-26,906.97,865.47,-41.5,-4.5757,down,1.0
week_over_week,DJUA,2020-02-27,2020-02-20,952.4,865.47,-86.93,-9.1275,down,5.0
day_over_day,SP500,2020-02-27,2020-02-26,3116.39,2978.76,-137.63,-4.4163,down,1.5
week_over_week,SP500,2020-02-27,2020-02-20,3373.23,2978.76,-394.47,-11.6941,down,5.0
day_over_day,DJCA,2020-02-28,2020-02-27,8530.18,8394.63,-135.55,-1.5891,down,1.0
week_over_week,DJCA,2020-02-28,2020-02-21,9602.49,8394.63,-1207.86,-12.5786,down,5.0
day_over_day,DJIA,2020-02-28,2020-02-27,25766.64,25409.36,-357.28,-1.3866,down,1.0
week_over_week,DJIA,2020-02-28,2020-02-21,28992.41,25409.36,-3583.05,-12.3586,down,5.0
day_over_day,DJTA,2020-02-28,2020-02-27,9484.44,9388.19,-96.25,-1.0148,down,1.0
week_over_week,DJTA,2020-02-28,2020-02-21,10908.94,9388.19,-1520.75,-13.9404,down,5.0
day_over_day,DJUA,2020-02-28,2020-02-27,865.47,839.96,-25.51,-2.9475,down,1.0
week_over_week,DJUA,2020-02-28,2020-02-21,948.74,839.96,-108.78,-11.4657,down,5.0
week_over_week,SP500,2020-02-28,2020-02-21,3337.75,2954.22,-383.53,-11.4907,down,5.0
day_over_day,DJCA,2020-03-02,2020-02-28,8394.63,8746.05,351.42,4.1862,up,1.0
week_over_week,DJCA,2020-03-02,2020-02-24,9296.87,8746.05,-550.82,-5.9248,down,5.0
day_over_day,DJIA,2020-03-02,2020-02-28,25409.36,26703.32,1293.96,5.0925,up,1.0
week_over_week,DJTA,2020-03-02,2020-02-24,10509.92,9475.68,-1034.24,-9.8406,down,5.0
day_over_day,DJUA,2020-03-02,2020-02-28,839.96,886.52,46.56,5.5431,up,1.0
week_over_week,DJUA,2020-03-02,2020-02-24,935.91,886.52,-49.39,-5.2772,down,5.0
day_over_day,SP500,2020-03-02,2020-02-28,2954.22,3090.23,136.01,4.6039,up,1.5
day_over_day,DJCA,2020-03-03,2020-03-02,8746.05,8520.3,-225.75,-2.5812,down,1.0
week_over_week,DJCA,2020-03-03,2020-02-25,8996.46,8520.3,-476.16,-5.2927,down,5.0
day_over_day,DJIA,2020-03-03,2020-03-02,26703.32,25917.41,-785.91,-2.9431,down,1.0
day_over_day,DJTA,2020-03-03,2020-03-02,9475.68,9200.67,-275.01,-2.9023,down,1.0
week_over_week,DJTA,2020-03-03,2020-02-25,10061.46,9200.67,-860.79,-8.5553,down,5.0
day_over_day,DJUA,2020-03-03,2020-03-02,886.52,877.25,-9.27,-1.0457,down,1.0
day_over_day,SP500,2020-03-03,2020-03-02,3090.23,3003.37,-86.86,-2.8108,down,1.5
day_over_day,DJCA,2020-03-04,2020-03-03,8520.3,8900.54,380.24,4.4628,up,1.0
day_over_day,DJIA,2020-03-04,2020-03-03,25917.41,27090.86,1173.45,4.5277,up,1.0
day_over_day,DJTA,2020-03-04,2020-03-03,9200.67,9512.05,311.38,3.3843,up,1.0
day_over_day,DJUA,2020-03-04,2020-03-03,877.25,926.14,48.89,5.5731,up,1.0
day_over_day,SP500,2020-03-04,2020-03-03,3003.37,3130.12,126.75,4.2203,up,1.5
day_over_day,DJCA,2020-03-05,2020-03-04,8900.54,8575.61,-324.93,-3.6507,down,1.0
day_over_day,DJIA,2020-03-05,2020-03-04,27090.86,26121.28,-969.58,-3.579,down,1.0
day_over_day,DJTA,2020-03-05,2020-03-04,9512.05,9010.92,-501.13,-5.2684,down,1.0
day_over_day,DJUA,2020-03-05,2020-03-04,926.14,908.14,-18.0,-1.9436,down,1.0
day_over_day,SP500,2020-03-05,2020-03-04,3130.12,3023.94,-106.18,-3.3922,down,1.5
week_over_week,DJUA,2020-03-06,2020-02-28,839.96,901.7,61.74,7.3504,up,5.0
day_over_day,SP500,2020-03-06,2020-03-05,3023.94,2972.37,-51.57,-1.7054,down,1.5
day_over_day,DJCA,2020-03-09,2020-03-06,8503.09,7842.88,-660.21,-7.7644,down,1.0
week_over_week,DJCA,2020-03-09,2020-03-02,8746.05,7842.88,-903.17,-10.3266,down,5.0
day_over_day,DJIA,2020-03-09,2020-03-06,25864.78,23851.02,-2013.76,-7.7857,down,1.0
week_over_week,DJIA,2020-03-09,2020-03-02,26703.32,23851.02,-2852.3,-10.6814,down,5.0
day_over_day,DJTA,2020-03-09,2020-03-06,8956.06,8083.49,-872.57,-9.7428,down,1.0
week_over_week,DJTA,2020-03-09,2020-03-02,9475.68,8083.49,-1392.19,-14.6922,down,5.0
day_over_day,DJUA,2020-03-09,2020-03-06,901.7,852.8,-48.9,-5.4231,down,1.0
day_over_day,SP500,2020-03-09,2020-03-06,2972.37,2746.56,-225.81,-7.597,down,1.5
week_over_week,SP500,2020-03-09,2020-03-02,3090.23,2746.56,-343.67,-11.1212,down,5.0
day_over_day,DJCA,2020-03-10,2020-03-09,7842.88,8172.27,329.39,4.1999,up,1.0
day_over_day,DJIA,2020-03-10,2020-03-09,23851.02,25018.16,1167.14,4.8935,up,1.0
day_over_day,DJTA,2020-03-10,2020-03-09,8083.49,8520.84,437.35,5.4104,up,1.0
week_over_week,DJTA,2020-03-10,2020-03-03,9200.67,8520.84,-679.83,-7.3889,down,5.0
day_over_day,SP500,2020-03-10,2020-03-09,2746.56,2882.23,135.67,4.9396,up,1.5
day_over_day,DJCA,2020-03-11,2020-03-10,8172.27,7720.97,-451.3,-5.5223,down,1.0
week_over_week,DJCA,2020-03-11,2020-03-04,8900.54,7720.97,-1179.57,-13.2528,down,5.0
day_over_day,DJIA,2020-03-11,2020-03-10,25018.16,23553.22,-1464.94,-5.8555,down,1.0
week_over_week,DJIA,2020-03-11,2020-03-04,27090.86,23553.22,-3537.64,-13.0584,down,5.0
day_over_day,DJTA,2020-03-11,2020-03-10,8520.84,8126.09,-394.75,-4.6328,down,1.0
week_over_week,DJTA,2020-03-11,2020-03-04,9512.05,8126.09,-1385.96,-14.5706,down,5.0
day_over_day,DJUA,2020-03-11,2020-03-10,860.03,812.44,-47.59,-5.5335,down,1.0
week_over_week,DJUA,2020-03-11,2020-03-04,926.14,812.44,-113.7,-12.2768,down,5.0
day_over_day,SP500,2020-03-11,2020-03-10,2882.23,2741.38,-140.85,-4.8868,down,1.5
week_over_week,SP500,2020-03-11,2020-03-04,3130.12,2741.38,-388.74,-12.4193,down,5.0
day_over_day,DJCA,2020-03-12,2020-03-11,7720.97,6924.4,-796.57,-10.317,down,1.0
week_over_week,DJCA,2020-03-12,2020-03-05,8575.61,6924.4,-1651.21,-19.2547,down,5.0
day_over_day,DJIA,2020-03-12,2020-03-11,23553.22,21200.62,-2352.6,-9.9884,down,1.0
week_over_week,DJIA,2020-03-12,2020-03-05,26121.28,21200.62,-4920.66,-18.8377,down,5.0
day_over_day,DJTA,2020-03-12,2020-03-11,8126.09,7259.02,-867.07,-10.6702,down,1.0
week_over_week,DJTA,2020-03-12,2020-03-05,9010.92,7259.02,-1751.9,-19.442,down,5.0
day_over_day,DJUA,2020-03-12,2020-03-11,812.44,723.88,-88.56,-10.9005,down,1.0
week_over_week,DJUA,2020-03-12,2020-03-05,908.14,723.88,-184.26,-20.2898,down,5.0
day_over_day,SP500,2020-03-12,2020-03-11,2741.38,2480.64,-260.74,-9.5113,down,1.5
week_over_week,SP500,2020-03-12,2020-03-05,3023.94,2480.64,-543.3,-17.9666,down,5.0
day_over_day,DJCA,2020-03-13,2020-03-12,6924.4,7519.6,595.2,8.5957,up,1.0
week_over_week,DJCA,2020-03-13,2020-03-06,8503.09,7519.6,-983.49,-11.5663,down,5.0
day_over_day,DJIA,2020-03-13,2020-03-12,21200.62,23185.62,1985.0,9.3629,up,1.0
week_over_week,DJIA,2020-03-13,2020-03-06,25864.78,23185.62,-2679.16,-10.3583,down,5.0
day_over_day,DJTA,2020-03-13,2020-03-12,7259.02,7939.4,680.38,9.3729,up,1.0
week_over_week,DJTA,2020-03-13,2020-03-06,8956.06,7939.4,-1016.66,-11.3516,down,5.0
day_over_day,DJUA,2020-03-13,2020-03-12,723.88,762.6,38.72,5.349,up,1.0
week_over_week,DJUA,2020-03-13,2020-03-06,901.7,762.6,-139.1,-15.4264,down,5.0
day_over_day,SP500,2020-03-13,2020-03-12,2480.64,2711.02,230.38,9.2871,up,1.5
week_over_week,SP500,2020-03-13,2020-03-06,2972.37,2711.02,-261.35,-8.7926,down,5.0
day_over_day,DJCA,2020-03-16,2020-03-13,7519.6,6596.71,-922.89,-12.2731,down,1.0
week_over_week,DJCA,2020-03-16,2020-03-09,7842.88,6596.71,-1246.17,-15.8892,down,5.0
day_over_day,DJIA,2020-03-16,2020-03-13,23185.62,20188.52,-2997.1,-12.9265,down,1.0
week_over_week,DJIA,2020-03-16,2020-03-09,23851.02,20188.52,-3662.5,-15.3557,down,5.0
day_over_day,DJTA,2020-03-16,2020-03-13,7939.4,7023.44,-915.96,-11.5369,down,1.0
week_over_week,DJTA,2020-03-16,2020-03-09,8083.49,7023.44,-1060.05,-13.1138,down,5.0
day_over_day,DJUA,2020-03-16,2020-03-13,762.6,678.03,-84.57,-11.0897,down,1.0
week_over_week,DJUA,2020-03-16,2020-03-09,852.8,678.03,-174.77,-20.4937,down,5.0
day_over_day,SP500,2020-03-16,2020-03-13,2711.02,2386.13,-324.89,-11.9841,down,1.5
week_over_week,SP500,2020-03-16,2020-03-09,2746.56,2386.13,-360.43,-13.123,down,5.0
day_over_day,DJCA,2020-03-17,2020-03-16,6596.71,7059.9,463.19,7.0215,up,1.0
week_over_week,DJCA,2020-03-17,2020-03-10,8172.27,7059.9,-1112.37,-13.6115,down,5.0
day_over_day,DJIA,2020-03-17,2020-03-16,20188.52,21237.38,1048.86,5.1953,up,1.0
week_over_week,DJIA,2020-03-17,2020-03-10,25018.16,21237.38,-3780.78,-15.1121,down,5.0
day_over_day,DJTA,2020-03-17,2020-03-16,7023.44,7468.23,444.79,6.3329,up,1.0
week_over_week,DJTA,2020-03-17,2020-03-10,8520.84,7468.23,-1052.61,-12.3534,down,5.0
day_over_day,DJUA,2020-03-17,2020-03-16,678.03,769.69,91.66,13.5186,up,1.0
week_over_week,DJUA,2020-03-17,2020-03-10,860.03,769.69,-90.34,-10.5043,down,5.0
day_over_day,SP500,2020-03-17,2020-03-16,2386.13,2529.19,143.06,5.9955,up,1.5
week_over_week,SP500,2020-03-17,2020-03-10,2882.23,2529.19,-353.04,-12.2488,down,5.0
day_over_day,DJCA,2020-03-18,2020-03-17,7059.9,6638.87,-421.03,-5.9637,down,1.0
week_over_week,DJCA,2020-03-18,2020-03-11,7720.97,6638.87,-1082.1,-14.0151,down,5.0
day_over_day,DJIA,2020-03-18,2020-03-17,21237.38,19898.92,-1338.46,-6.3024,down,1.0
week_over_week,DJIA,2020-03-18,2020-03-11,23553.22,19898.92,-3654.3,-15.5151,down,5.0
day_over_day,DJTA,2020-03-18,2020-03-17,7468.23,6971.44,-496.79,-6.652,down,1.0
week_over_week,DJTA,2020-03-18,2020-03-11,8126.09,6971.44,-1154.65,-14.2092,down,5.0
day_over_day,DJUA,2020-03-18,2020-03-17,769.69,737.25,-32.44,-4.2147,down,1.0
week_over_week,DJUA,2020-03-18,2020-03-11,812.44,737.25,-75.19,-9.2548,down,5.0
day_over_day,SP500,2020-03-18,2020-03-17,2529.19,2398.1,-131.09,-5.1831,down,1.5
week_over_week,SP500,2020-03-18,2020-03-11,2741.38,2398.1,-343.28,-12.5222,down,5.0
week_over_week,DJIA,2020-03-19,2020-03-12,21200.62,20087.19,-1113.43,-5.2519,down,5.0
day_over_day,DJTA,2020-03-19,2020-03-18,6971.44,7078.73,107.29,1.539,up,1.0
day_over_day,DJUA,2020-03-19,2020-03-18,737.25,695.92,-41.33,-5.606,down,1.0
day_over_day,DJCA,2020-03-20,2020-03-19,6621.89,6304.73,-317.16,-4.7896,down,1.0
week_over_week,DJCA,2020-03-20,2020-03-13,7519.6,6304.73,-1214.87,-16.156,down,5.0
day_over_day,DJIA,2020-03-20,2020-03-19,20087.19,19173.98,-913.21,-4.5462,down,1.0
week_over_week,DJIA,2020-03-20,2020-03-13,23185.62,19173.98,-4011.64,-17.3023,down,5.0
day_over_day,DJTA,2020-03-20,2020-03-19,7078.73,6837.72,-241.01,-3.4047,down,1.0
week_over_week,DJTA,2020-03-20,2020-03-13,7939.4,6837.72,-1101.68,-13.8761,down,5.0
day_over_day,DJUA,2020-03-20,2020-03-19,695.92,646.13,-49.79,-7.1546,down,1.0
week_over_week,DJUA,2020-03-20,2020-03-13,762.6,646.13,-116.47,-15.2728,down,5.0
day_over_day,SP500,2020-03-20,2020-03-19,2409.39,2304.92,-104.47,-4.336,down,1.5
week_over_week,SP500,2020-03-20,2020-03-13,2711.02,2304.92,-406.1,-14.9796,down,5.0
day_over_day,DJCA,2020-03-23,2020-03-20,6304.73,6100.31,-204.42,-3.2423,down,1.0
week_over_week,DJCA,2020-03-23,2020-03-16,6596.71,6100.31,-496.4,-7.525,down,5.0
day_over_day,DJIA,2020-03-23,2020-03-20,19173.98,18591.93,-582.05,-3.0356,down,1.0
week_over_week,DJIA,2020-03-23,2020-03-16,20188.52,18591.93,-1596.59,-7.9084,down,5.0
day_over_day,DJTA,2020-03-23,2020-03-20,6837.72,6703.63,-134.09,-1.961,down,1.0
day_over_day,DJUA,2020-03-23,2020-03-20,646.13,610.89,-35.24,-5.454,down,1.0
week_over_week,DJUA,2020-03-23,2020-03-16,678.03,610.89,-67.14,-9.9022,down,5.0
day_over_day,SP500,2020-03-23,2020-03-20,2304.92,2237.4,-67.52,-2.9294,down,1.5
week_over_week,SP500,2020-03-23,2020-03-16,2386.13,2237.4,-148.73,-6.2331,down,5.0
day_over_day,DJCA,2020-03-24,2020-03-23,6100.31,6797.83,697.52,11.4342,up,1.0
day_over_day,DJIA,2020-03-24,2020-03-23,18591.93,20704.91,2112.98,11.365,up,1.0
day_over_day,DJTA,2020-03-24,2020-03-23,6703.63,7540.8,837.17,12.4883,up,1.0
day_over_day,DJUA,2020-03-24,2020-03-23,610.89,673.89,63.0,10.3128,up,1.0
week_over_week,DJUA,2020-03-24,2020-03-17,769.69,673.89,-95.8,-12.4466,down,5.0
day_over_day,SP500,2020-03-24,2020-03-23,2237.4,2447.33,209.93,9.3828,up,1.5
day_over_day,DJCA,2020-03-25,2020-03-24,6797.83,6975.88,178.05,2.6192,up,1.0
week_over_week,DJCA,2020-03-25,2020-03-18,6638.87,6975.88,337.01,5.0763,up,5.0
day_over_day,DJIA,2020-03-25,2020-03-24,20704.91,21200.55,495.64,2.3938,up,1.0
week_over_week,DJIA,2020-03-25,2020-03-18,19898.92,21200.55,1301.63,6.5412,up,5.0
day_over_day,DJTA,2020-03-25,2020-03-24,7540.8,7724.87,184.07,2.441,up,1.0
week_over_week,DJTA,2020-03-25,2020-03-18,6971.44,7724.87,753.43,10.8074,up,5.0
day_over_day,DJUA,2020-03-25,2020-03-24,673.89,697.96,24.07,3.5718,up,1.0
week_over_week,DJUA,2020-03-25,2020-03-18,737.25,697.96,-39.29,-5.3293,down,5.0
day_over_day,DJCA,2020-03-26,2020-03-25,6975.88,7412.43,436.55,6.258,up,1.0
week_over_week,DJCA,2020-03-26,2020-03-19,6621.89,7412.43,790.54,11.9383,up,5.0
day_over_day,DJIA,2020-03-26,2020-03-25,21200.55,22552.17,1351.62,6.3754,up,1.0
week_over_week,DJIA,2020-03-26,2020-03-19,20087.19,22552.17,2464.98,12.2714,up,5.0
day_over_day,DJTA,2020-03-26,2020-03-25,7724.87,8045.47,320.6,4.1502,up,1.0
week_over_week,DJTA,2020-03-26,2020-03-19,7078.73,8045.47,966.74,13.657,up,5.0
day_over_day,DJUA,2020-03-26,2020-03-25,697.96,757.92,59.96,8.5908,up,1.0
week_over_week,DJUA,2020-03-26,2020-03-19,695.92,757.92,62.0,8.9091,up,5.0
day_over_day,SP500,2020-03-26,2020-03-25,2475.56,2630.07,154.51,6.2414,up,1.5
week_over_week,SP500,2020-03-26,2020-03-19,2409.39,2630.07,220.68,9.1592,up,5.0
day_over_day,DJCA,2020-03-27,2020-03-26,7412.43,7165.62,-246.81,-3.3297,down,1.0
week_over_week,DJCA,2020-03-27,2020-03-20,6304.73,7165.62,860.89,13.6547,up,5.0
day_over_day,DJIA,2020-03-27,2020-03-26,22552.17,21636.78,-915.39,-4.059,down,1.0
week_over_week,DJIA,2020-03-27,2020-03-20,19173.98,21636.78,2462.8,12.8445,up,5.0
day_over_day,DJTA,2020-03-27,2020-03-26,8045.47,7699.18,-346.29,-4.3042,down,1.0
week_over_week,DJTA,2020-03-27,2020-03-20,6837.72,7699.18,861.46,12.5986,up,5.0
week_over_week,DJUA,2020-03-27,2020-03-20,646.13,758.93,112.8,17.4578,up,5.0
day_over_day,SP500,2020-03-27,2020-03-26,2630.07,2541.47,-88.6,-3.3687,down,1.5
week_over_week,SP500,2020-03-27,2020-03-20,2304.92,2541.47,236.55,10.2628,up,5.0
day_over_day,DJCA,2020-03-30,2020-03-27,7165.62,7365.27,199.65,2.7862,up,1.0
week_over_week,DJCA,2020-03-30,2020-03-23,6100.31,7365.27,1264.96,20.736,up,5.0
day_over_day,DJIA,2020-03-30,2020-03-27,21636.78,22327.48,690.7,3.1922,up,1.0
week_over_week,DJIA,2020-03-30,2020-03-23,18591.93,22327.48,3735.55,20.0923,up,5.0
day_over_day,DJTA,2020-03-30,2020-03-27,7699.18,7790.91,91.73,1.1914,up,1.0
week_over_week,DJTA,2020-03-30,2020-03-23,6703.63,7790.91,1087.28,16.2193,up,5.0
day_over_day,DJUA,2020-03-30,2020-03-27,758.93,785.14,26.21,3.4535,up,1.0
week_over_week,DJUA,2020-03-30,2020-03-23,610.89,785.14,174.25,28.524,up,5.0
day_over_day,SP500,2020-03-30,2020-03-27,2541.47,2626.65,85.18,3.3516,up,1.5
week_over_week,SP500,2020-03-30,2020-03-23,2237.4,2626.65,389.25,17.3974,up,5.0
day_over_day,DJCA,2020-03-31,2020-03-30,7365.27,7221.21,-144.06,-1.9559,down,1.0
week_over_week,DJCA,2020-03-31,2020-03-24,6797.83,7221.21,423.38,6.2282,up,5.0
day_over_day,DJIA,2020-03-31,2020-03-30,22327.48,21917.16,-410.32,-1.8377,down,1.0
week_over_week,DJIA,2020-03-31,2020-03-24,20704.91,21917.16,1212.25,5.8549,up,5.0
day_over_day,DJUA,2020-03-31,2020-03-30,785.14,756.16,-28.98,-3.6911,down,1.0
week_over_week,DJUA,2020-03-31,2020-03-24,673.89,756.16,82.27,12.2082,up,5.0
day_over_day,SP500,2020-03-31,2020-03-30,2626.65,2584.59,-42.06,-1.6013,down,1.5
week_over_week,SP500,2020-03-31,2020-03-24,2447.33,2584.59,137.26,5.6086,up,5.0
day_over_day,DJCA,2020-04-01,2020-03-31,7221.21,6866.08,-355.13,-4.9179,down,1.0
day_over_day,DJIA,2020-04-01,2020-03-31,21917.16,20943.51,-973.65,-4.4424,down,1.0
day_over_day,DJTA,2020-04-01,2020-03-31,7732.32,7352.58,-379.74,-4.9111,down,1.0
day_over_day,DJUA,2020-04-01,2020-03-31,756.16,708.04,-48.12,-6.3637,down,1.0
day_over_day,SP500,2020-04-01,2020-03-31,2584.59,2470.5,-114.09,-4.4142,down,1.5
day_over_day,DJCA,2020-04-02,2020-04-01,6866.08,7014.83,148.75,2.1664,up,1.0
week_over_week,DJCA,2020-04-02,2020-03-26,7412.43,7014.83,-397.6,-5.364,down,5.0
day_over_day,DJIA,2020-04-02,2020-04-01,20943.51,21413.44,469.93,2.2438,up,1.0
week_over_week,DJIA,2020-04-02,2020-03-26,22552.17,21413.44,-1138.73,-5.0493,down,5.0
day_over_day,DJTA,2020-04-02,2020-04-01,7352.58,7445.71,93.13,1.2666,up,1.0
week_over_week,DJTA,2020-04-02,2020-03-26,8045.47,7445.71,-599.76,-7.4546,down,5.0
day_over_day,DJUA,2020-04-02,2020-04-01,708.04,729.36,21.32,3.0111,up,1.0
day_over_day,SP500,2020-04-02,2020-04-01,2470.5,2526.9,56.4,2.2829,up,1.5
day_over_day,DJCA,2020-04-03,2020-04-02,7014.83,6873.01,-141.82,-2.0217,down,1.0
day_over_day,DJIA,2020-04-03,2020-04-02,21413.44,21052.53,-360.91,-1.6854,down,1.0
day_over_day,DJTA,2020-04-03,2020-04-02,7445.71,7305.31,-140.4,-1.8856,down,1.0
week_over_week,DJTA,2020-04-03,2020-03-27,7699.18,7305.31,-393.87,-5.1157,down,5.0
day_over_day,DJUA,2020-04-03,2020-04-02,729.36,706.01,-23.35,-3.2014,down,1.0
week_over_week,DJUA,2020-04-03,2020-03-27,758.93,706.01,-52.92,-6.973,down,5.0
day_over_day,SP500,2020-04-03,2020-04-02,2526.9,2488.65,-38.25,-1.5137,down,1.5
day_over_day,DJCA,2020-04-06,2020-04-03,6873.01,7392.72,519.71,7.5616,up,1.0
day_over_day,DJIA,2020-04-06,2020-04-03,21052.53,22679.99,1627.46,7.7305,up,1.0
day_over_day,DJTA,2020-04-06,2020-04-03,7305.31,7837.69,532.38,7.2876,up,1.0
day_over_day,DJUA,2020-04-06,2020-04-03,706.01,758.06,52.05,7.3724,up,1.0
day_over_day,SP500,2020-04-06,2020-04-03,2488.65,2663.68,175.03,7.0331,up,1.5
day_over_day,DJCA,2020-04-08,2020-04-07,7380.33,7660.88,280.55,3.8013,up,1.0
week_over_week,DJCA,2020-04-08,2020-04-01,6866.08,7660.88,794.8,11.5757,up,5.0
day_over_day,DJIA,2020-04-08,2020-04-07,22653.86,23433.57,779.71,3.4418,up,1.0
week_over_week,DJIA,2020-04-08,2020-04-01,20943.51,23433.57,2490.06,11.8894,up,5.0
day_over_day,DJTA,2020-04-08,2020-04-07,7865.49,8152.39,286.9,3.6476,up,1.0
week_over_week,DJTA,2020-04-08,2020-04-01,7352.58,8152.39,799.81,10.878,up,5.0
day_over_day,DJUA,2020-04-08,2020-04-07,750.81,789.15,38.34,5.1065,up,1.0
week_over_week,DJUA,2020-04-08,2020-04-01,708.04,789.15,81.11,11.4556,up,5.0
day_over_day,SP500,2020-04-08,2020-04-07,2659.41,2749.98,90.57,3.4056,up,1.5
week_over_week,SP500,2020-04-08,2020-04-01,2470.5,2749.98,279.48,11.3127,up,5.0
day_over_day,DJCA,2020-04-09,2020-04-08,7660.88,7804.73,143.85,1.8777,up,1.0
week_over_week,DJCA,2020-04-09,2020-04-02,7014.83,7804.73,789.9,11.2604,up,5.0
day_over_day,DJIA,2020-04-09,2020-04-08,23433.57,23719.37,285.8,1.2196,up,1.0
week_over_week,DJIA,2020-04-09,2020-04-02,21413.44,23719.37,2305.93,10.7686,up,5.0
day_over_day,DJTA,2020-04-09,2020-04-08,8152.39,8236.92,84.53,1.0369,up,1.0
week_over_week,DJTA,2020-04-09,2020-04-02,7445.71,8236.92,791.21,10.6264,up,5.0
day_over_day,DJUA,2020-04-09,2020-04-08,789.15,827.83,38.68,4.9015,up,1.0
week_over_week,DJUA,2020-04-09,2020-04-02,729.36,827.83,98.47,13.5009,up,5.0
week_over_week,SP500,2020-04-09,2020-04-02,2526.9,2789.82,262.92,10.4048,up,5.0
day_over_day,DJCA,2020-04-13,2020-04-09,7804.73,7650.63,-154.1,-1.9744,down,1.0
day_over_day,DJIA,2020-04-13,2020-04-09,23719.37,23390.77,-328.6,-1.3854,down,1.0
day_over_day,DJTA,2020-04-13,2020-04-09,8236.92,8036.98,-199.94,-2.4274,down,1.0
day_over_day,DJUA,2020-04-13,2020-04-09,827.83,801.39,-26.44,-3.1939,down,1.0
week_over_week,DJUA,2020-04-13,2020-04-06,758.06,801.39,43.33,5.7159,up,5.0
day_over_day,DJCA,2020-04-14,2020-04-13,7650.63,7830.89,180.26,2.3561,up,1.0
week_over_week,DJCA,2020-04-14,2020-04-07,7380.33,7830.89,450.56,6.1049,up,5.0
day_over_day,DJIA,2020-04-14,2020-04-13,23390.77,23949.76,558.99,2.3898,up,1.0
week_over_week,DJIA,2020-04-14,2020-04-07,22653.86,23949.76,1295.9,5.7204,up,5.0
day_over_day,DJTA,2020-04-14,2020-04-13,8036.98,8177.69,140.71,1.7508,up,1.0
day_over_day,DJUA,2020-04-14,2020-04-13,801.39,825.1,23.71,2.9586,up,1.0
week_over_week,DJUA,2020-04-14,2020-04-07,750.81,825.1,74.29,9.8946,up,5.0
day_over_day,SP500,2020-04-14,2020-04-13,2761.63,2846.06,84.43,3.0573,up,1.5
week_over_week,SP500,2020-04-14,2020-04-07,2659.41,2846.06,186.65,7.0185,up,5.0
day_over_day,DJCA,2020-04-15,2020-04-14,7830.89,7656.83,-174.06,-2.2227,down,1.0
day_over_day,DJIA,2020-04-15,2020-04-14,23949.76,23504.35,-445.41,-1.8598,down,1.0
day_over_day,DJTA,2020-04-15,2020-04-14,8177.69,8003.23,-174.46,-2.1334,down,1.0
day_over_day,DJUA,2020-04-15,2020-04-14,825.1,796.95,-28.15,-3.4117,down,1.0
day_over_day,SP500,2020-04-15,2020-04-14,2846.06,2783.36,-62.7,-2.203,down,1.5
day_over_day,DJCA,2020-04-17,2020-04-16,7659.7,7896.55,236.85,3.0922,up,1.0
day_over_day,DJIA,2020-04-17,2020-04-16,23537.68,24242.49,704.81,2.9944,up,1.0
day_over_day,DJTA,2020-04-17,2020-04-16,7981.93,8233.81,251.88,3.1556,up,1.0
day_over_day,DJUA,2020-04-17,2020-04-16,797.54,823.98,26.44,3.3152,up,1.0
day_over_day,SP500,2020-04-17,2020-04-16,2799.55,2874.56,75.01,2.6794,up,1.5
day_over_day,DJCA,2020-04-20,2020-04-17,7896.55,7673.59,-222.96,-2.8235,down,1.0
day_over_day,DJIA,2020-04-20,2020-04-17,24242.49,23650.44,-592.05,-2.4422,down,1.0
day_over_day,DJTA,2020-04-20,2020-04-17,8233.81,7969.73,-264.08,-3.2073,down,1.0
day_over_day,DJUA,2020-04-20,2020-04-17,823.98,794.85,-29.13,-3.5353,down,1.0
day_over_day,SP500,2020-04-20,2020-04-17,2874.56,2823.16,-51.4,-1.7881,down,1.5
day_over_day,DJCA,2020-04-21,2020-04-20,7673.59,7500.98,-172.61,-2.2494,down,1.0
day_over_day,DJIA,2020-04-21,2020-04-20,23650.44,23018.88,-631.56,-2.6704,down,1.0
day_over_day,DJTA,2020-04-21,2020-04-20,7969.73,7844.37,-125.36,-1.573,down,1.0
day_over_day,DJUA,2020-04-21,2020-04-20,794.85,780.99,-13.86,-1.7437,down,1.0
week_over_week,DJUA,2020-04-21,2020-04-14,825.1,780.99,-44.11,-5.346,down,5.0
day_over_day,SP500,2020-04-21,2020-04-20,2823.16,2736.56,-86.6,-3.0675,down,1.5
day_over_day,DJCA,2020-04-22,2020-04-21,7500.98,7630.38,129.4,1.7251,up,1.0
day_over_day,DJIA,2020-04-22,2020-04-21,23018.88,23475.82,456.94,1.9851,up,1.0
day_over_day,DJUA,2020-04-22,2020-04-21,780.99,804.41,23.42,2.9988,up,1.0
day_over_day,SP500,2020-04-22,2020-04-21,2736.56,2799.31,62.75,2.293,up,1.5
day_over_day,DJTA,2020-04-23,2020-04-22,7840.59,7951.66,111.07,1.4166,up,1.0
day_over_day,DJUA,2020-04-23,2020-04-22,804.41,790.75,-13.66,-1.6981,down,1.0
day_over_day,DJCA,2020-04-24,2020-04-23,7636.44,7724.05,87.61,1.1473,up,1.0
day_over_day,DJIA,2020-04-24,2020-04-23,23515.26,23775.27,260.01,1.1057,up,1.0
day_over_day,DJTA,2020-04-24,2020-04-23,7951.66,8092.4,140.74,1.7699,up,1.0
day_over_day,DJCA,2020-04-27,2020-04-24,7724.05,7860.19,136.14,1.7625,up,1.0
day_over_day,DJIA,2020-04-27,2020-04-24,23775.27,24133.78,358.51,1.5079,up,1.0
day_over_day,DJTA,2020-04-27,2020-04-24,8092.4,8317.42,225.02,2.7806,up,1.0
day_over_day,DJUA,2020-04-27,2020-04-24,795.09,805.8,10.71,1.347,up,1.0
day_over_day,DJTA,2020-04-28,2020-04-27,8317.42,8407.32,89.9,1.0809,up,1.0
week_over_week,DJTA,2020-04-28,2020-04-21,7844.37,8407.32,562.95,7.1765,up,5.0
day_over_day,DJCA,2020-04-29,2020-04-28,7871.68,8008.44,136.76,1.7374,up,1.0
day_over_day,DJIA,2020-04-29,2020-04-28,24101.55,24633.86,532.31,2.2086,up,1.0
day_over_day,DJTA,2020-04-29,2020-04-28,8407.32,8628.62,221.3,2.6322,up,1.0
week_over_week,DJTA,2020-04-29,2020-04-22,7840.59,8628.62,788.03,10.0506,up,5.0
day_over_day,SP500,2020-04-29,2020-04-28,2863.39,2939.51,76.12,2.6584,up,1.5
week_over_week,SP500,2020-04-29,2020-04-22,2799.31,2939.51,140.2,5.0084,up,5.0
day_over_day,DJCA,2020-04-30,2020-04-29,8008.44,7862.52,-145.92,-1.8221,down,1.0
day_over_day,DJIA,2020-04-30,2020-04-29,24633.86,24345.72,-288.14,-1.1697,down,1.0
day_over_day,DJTA,2020-04-30,2020-04-29,8628.62,8377.08,-251.54,-2.9152,down,1.0
week_over_week,DJTA,2020-04-30,2020-04-23,7951.66,8377.08,425.42,5.3501,up,5.0
day_over_day,DJUA,2020-04-30,2020-04-29,798.48,778.29,-20.19,-2.5286,down,1.0
day_over_day,DJCA,2020-05-01,2020-04-30,7862.52,7658.99,-203.53,-2.5886,down,1.0
day_over_day,DJIA,2020-05-01,2020-04-30,24345.72,23723.69,-622.03,-2.555,down,1.0
day_over_day,DJTA,2020-05-01,2020-04-30,8377.08,8144.86,-232.22,-2.7721,down,1.0
day_over_day,DJUA,2020-05-01,2020-04-30,778.29,759.08,-19.21,-2.4682,down,1.0
day_over_day,SP500,2020-05-01,2020-04-30,2912.43,2830.71,-81.72,-2.8059,down,1.5
day_over_day,DJTA,2020-05-04,2020-05-01,8144.86,7980.96,-163.9,-2.0123,down,1.0
day_over_day,DJUA,2020-05-04,2020-05-01,759.08,767.37,8.29,1.0921,up,1.0
day_over_day,DJCA,2020-05-06,2020-05-05,7694.53,7578.68,-115.85,-1.5056,down,1.0
week_over_week,DJCA,2020-05-06,2020-04-29,8008.44,7578.68,-429.76,-5.3663,down,5.0
day_over_day,DJTA,2020-05-06,2020-05-05,8047.3,7931.83,-115.47,-1.4349,down,1.0
week_over_week,DJTA,2020-05-06,2020-04-29,8628.62,7931.83,-696.79,-8.0753,down,5.0
day_over_day,DJUA,2020-05-06,2020-05-05,773.21,746.35,-26.86,-3.4738,down,1.0
week_over_week,DJUA,2020-05-06,2020-04-29,798.48,746.35,-52.13,-6.5287,down,5.0
day_over_day,DJCA,2020-05-07,2020-05-06,7578.68,7654.66,75.98,1.0025,up,1.0
day_over_day,DJTA,2020-05-07,2020-05-06,7931.83,8050.59,118.76,1.4973,up,1.0
day_over_day,DJCA,2020-05-08,2020-05-07,7654.66,7824.07,169.41,2.2132,up,1.0
day_over_day,DJIA,2020-05-08,2020-05-07,23875.89,24331.32,455.43,1.9075,up,1.0
day_over_day,DJTA,2020-05-08,2020-05-07,8050.59,8332.5,281.91,3.5017,up,1.0
day_over_day,DJUA,2020-05-08,2020-05-07,751.97,764.11,12.14,1.6144,up,1.0
day_over_day,SP500,2020-05-08,2020-05-07,2881.19,2929.8,48.61,1.6872,up,1.5
day_over_day,DJTA,2020-05-11,2020-05-08,8332.5,8234.18,-98.32,-1.18,down,1.0
day_over_day,DJCA,2020-05-12,2020-05-11,7778.02,7625.26,-152.76,-1.964,down,1.0
day_over_day,DJIA,2020-05-12,2020-05-11,24221.99,23764.78,-457.21,-1.8876,down,1.0
day_over_day,DJTA,2020-05-12,2020-05-11,8234.18,8000.55,-233.63,-2.8373,down,1.0
day_over_day,DJUA,2020-05-12,2020-05-11,761.83,753.3,-8.53,-1.1197,down,1.0
day_over_day,SP500,2020-05-12,2020-05-11,2930.32,2870.12,-60.2,-2.0544,down,1.5
day_over_day,DJCA,2020-05-13,2020-05-12,7625.26,7478.46,-146.8,-1.9252,down,1.0
day_over_day,DJIA,2020-05-13,2020-05-12,23764.78,23247.97,-516.81,-2.1747,down,1.0
day_over_day,DJTA,2020-05-13,2020-05-12,8000.55,7823.8,-176.75,-2.2092,down,1.0
day_over_day,SP500,2020-05-13,2020-05-12,2870.12,2820.0,-50.12,-1.7463,down,1.5
day_over_day,DJCA,2020-05-14,2020-05-13,7478.46,7571.68,93.22,1.2465,up,1.0
day_over_day,DJIA,2020-05-14,2020-05-13,23247.97,23625.34,377.37,1.6232,up,1.0
day_over_day,DJTA,2020-05-15,2020-05-14,7861.34,7761.0,-100.34,-1.2764,down,1.0
week_over_week,DJTA,2020-05-15,2020-05-08,8332.5,7761.0,-571.5,-6.8587,down,5.0
day_over_day,DJUA,2020-05-15,2020-05-14,754.78,744.49,-10.29,-1.3633,down,1.0
day_over_day,DJCA,2020-05-18,2020-05-15,7542.66,7889.39,346.73,4.5969,up,1.0
day_over_day,DJIA,2020-05-18,2020-05-15,23685.42,24597.37,911.95,3.8503,up,1.0
day_over_day,DJTA,2020-05-18,2020-05-15,7761.0,8322.86,561.86,7.2395,up,1.0
day_over_day,DJUA,2020-05-18,2020-05-15,744.49,773.18,28.69,3.8536,up,1.0
day_over_day,SP500,2020-05-18,2020-05-15,2863.7,2953.91,90.21,3.1501,up,1.5
day_over_day,DJCA,2020-05-19,2020-05-18,7889.39,7773.22,-116.17,-1.4725,down,1.0
day_over_day,DJIA,2020-05-19,2020-05-18,24597.37,24206.86,-390.51,-1.5876,down,1.0
day_over_day,DJTA,2020-05-19,2020-05-18,8322.86,8228.93,-93.93,-1.1286,down,1.0
day_over_day,DJUA,2020-05-19,2020-05-18,773.18,761.4,-11.78,-1.5236,down,1.0
day_over_day,DJCA,2020-05-20,2020-05-19,7773.22,7899.45,126.23,1.6239,up,1.0
week_over_week,DJCA,2020-05-20,2020-05-13,7478.46,7899.45,420.99,5.6294,up,5.0
day_over_day,DJIA,2020-05-20,2020-05-19,24206.86,24575.9,369.04,1.5245,up,1.0
week_over_week,DJIA,2020-05-20,2020-05-13,23247.97,24575.9,1327.93,5.712,up,5.0
day_over_day,DJTA,2020-05-20,2020-05-19,8228.93,8488.98,260.05,3.1602,up,1.0
week_over_week,DJTA,2020-05-20,2020-05-13,7823.8,8488.98,665.18,8.502,up,5.0
day_over_day,SP500,2020-05-20,2020-05-19,2922.94,2971.61,48.67,1.6651,up,1.5
week_over_week,SP500,2020-05-20,2020-05-13,2820.0,2971.61,151.61,5.3762,up,5.0
week_over_week,DJTA,2020-05-21,2020-05-14,7861.34,8452.85,591.51,7.5243,up,5.0
week_over_week,DJTA,2020-05-22,2020-05-15,7761.0,8470.09,709.09,9.1366,up,5.0
day_over_day,DJUA,2020-05-22,2020-05-21,754.02,763.93,9.91,1.3143,up,1.0
day_over_day,DJCA,2020-05-26,2020-05-22,7878.64,8079.96,201.32,2.5553,up,1.0
day_over_day,DJIA,2020-05-26,2020-05-22,24465.16,24995.11,529.95,2.1661,up,1.0
day_over_day,DJTA,2020-05-26,2020-05-22,8470.09,8895.61,425.52,5.0238,up,1.0
week_over_week,DJTA,2020-05-26,2020-05-19,8228.93,8895.61,666.68,8.1017,up,5.0
day_over_day,DJCA,2020-05-27,2020-05-26,8079.96,8255.95,175.99,2.1781,up,1.0
day_over_day,DJIA,2020-05-27,2020-05-26,24995.11,25548.27,553.16,2.2131,up,1.0
day_over_day,DJTA,2020-05-27,2020-05-26,8895.61,9151.39,255.78,2.8754,up,1.0
week_over_week,DJTA,2020-05-27,2020-05-20,8488.98,9151.39,662.41,7.8032,up,5.0
day_over_day,DJUA,2020-05-27,2020-05-26,769.03,777.69,8.66,1.1261,up,1.0
day_over_day,DJTA,2020-05-28,2020-05-27,9151.39,9005.43,-145.96,-1.5949,down,1.0
week_over_week,DJTA,2020-05-28,2020-05-21,8452.85,9005.43,552.58,6.5372,up,5.0
day_over_day,DJUA,2020-05-28,2020-05-27,777.69,800.8,23.11,2.9716,up,1.0
week_over_week,DJUA,2020-05-28,2020-05-21,754.02,800.8,46.78,6.2041,up,5.0
week_over_week,DJTA,2020-05-29,2020-05-22,8470.09,8969.79,499.7,5.8996,up,5.0
week_over_week,DJUA,2020-05-29,2020-05-22,763.93,806.92,42.99,5.6275,up,5.0
week_over_week,DJTA,2020-06-01,2020-05-22,8470.09,8965.91,495.82,5.8538,up,5.0
day_over_day,DJUA,2020-06-01,2020-05-29,806.92,815.33,8.41,1.0422,up,1.0
week_over_week,DJUA,2020-06-01,2020-05-22,763.93,815.33,51.4,6.7284,up,5.0
day_over_day,DJCA,2020-06-02,2020-06-01,8271.8,8368.23,96.43,1.1658,up,1.0
day_over_day,DJIA,2020-06-02,2020-06-01,25475.02,25742.65,267.63,1.0506,up,1.0
day_over_day,DJTA,2020-06-02,2020-06-01,8965.91,9134.88,168.97,1.8846,up,1.0
week_over_week,DJUA,2020-06-02,2020-05-26,769.03,820.4,51.37,6.6798,up,5.0
day_over_day,DJCA,2020-06-03,2020-06-02,8368.23,8554.09,185.86,2.221,up,1.0
day_over_day,DJIA,2020-06-03,2020-06-02,25742.65,26269.89,527.24,2.0481,up,1.0
day_over_day,DJTA,2020-06-03,2020-06-02,9134.88,9440.77,305.89,3.3486,up,1.0
day_over_day,DJUA,2020-06-03,2020-06-02,820.4,831.27,10.87,1.325,up,1.0
week_over_week,DJUA,2020-06-03,2020-05-27,777.69,831.27,53.58,6.8896,up,5.0
day_over_day,DJTA,2020-06-04,2020-06-03,9440.77,9575.25,134.48,1.4245,up,1.0
week_over_week,DJTA,2020-06-04,2020-05-28,9005.43,9575.25,569.82,6.3275,up,5.0
day_over_day,DJUA,2020-06-04,2020-06-03,831.27,814.06,-17.21,-2.0703,down,1.0
day_over_day,DJCA,2020-06-05,2020-06-04,8553.37,8797.87,244.5,2.8585,up,1.0
week_over_week,DJCA,2020-06-05,2020-05-29,8239.6,8797.87,558.27,6.7755,up,5.0
day_over_day,DJIA,2020-06-05,2020-06-04,26281.82,27110.98,829.16,3.1549,up,1.0
week_over_week,DJIA,2020-06-05,2020-05-29,25383.11,27110.98,1727.87,6.8072,up,5.0
day_over_day,DJTA,2020-06-05,2020-06-04,9575.25,9872.96,297.71,3.1092,up,1.0
week_over_week,DJTA,2020-06-05,2020-05-29,8969.79,9872.96,903.17,10.069,up,5.0
day_over_day,DJUA,2020-06-05,2020-06-04,814.06,826.52,12.46,1.5306,up,1.0
day_over_day,SP500,2020-06-05,2020-06-04,3112.35,3193.93,81.58,2.6212,up,1.5
day_over_day,DJCA,2020-06-08,2020-06-05,8797.87,8962.47,164.6,1.8709,up,1.0
week_over_week,DJCA,2020-06-08,2020-06-01,8271.8,8962.47,690.67,8.3497,up,5.0
day_over_day,DJIA,2020-06-08,2020-06-05,27110.98,27572.44,461.46,1.7021,up,1.0
week_over_week,DJIA,2020-06-08,2020-06-01,25475.02,27572.44,2097.42,8.2332,up,5.0
day_over_day,DJTA,2020-06-08,2020-06-05,9872.96,10052.85,179.89,1.822,up,1.0
week_over_week,DJTA,2020-06-08,2020-06-01,8965.91,10052.85,1086.94,12.123,up,5.0
day_over_day,DJUA,2020-06-08,2020-06-05,826.52,847.26,20.74,2.5093,up,1.0
week_over_week,SP500,2020-06-08,2020-06-01,3055.73,3232.39,176.66,5.7813,up,5.0
day_over_day,DJCA,2020-06-09,2020-06-08,8962.47,8825.49,-136.98,-1.5284,down,1.0
week_over_week,DJCA,2020-06-09,2020-06-02,8368.23,8825.49,457.26,5.4642,up,5.0
day_over_day,DJIA,2020-06-09,2020-06-08,27572.44,27272.3,-300.14,-1.0886,down,1.0
week_over_week,DJIA,2020-06-09,2020-06-02,25742.65,27272.3,1529.65,5.9421,up,5.0
day_over_day,DJTA,2020-06-09,2020-06-08,10052.85,9825.57,-227.28,-2.2609,down,1.0
week_over_week,DJTA,2020-06-09,2020-06-02,9134.88,9825.57,690.69,7.561,up,5.0
day_over_day,DJUA,2020-06-09,2020-06-08,847.26,830.34,-16.92,-1.997,down,1.0
day_over_day,DJCA,2020-06-10,2020-06-09,8825.49,8708.66,-116.83,-1.3238,down,1.0
day_over_day,DJIA,2020-06-10,2020-06-09,27272.3,26989.99,-282.31,-1.0352,down,1.0
day_over_day,DJTA,2020-06-10,2020-06-09,9825.57,9579.07,-246.5,-2.5088,down,1.0
day_over_day,DJCA,2020-06-11,2020-06-10,8708.66,8137.92,-570.74,-6.5537,down,1.0
day_over_day,DJIA,2020-06-11,2020-06-10,26989.99,25128.17,-1861.82,-6.8982,down,1.0
day_over_day,DJTA,2020-06-11,2020-06-10,9579.07,8839.36,-739.71,-7.7221,down,1.0
week_over_week,DJTA,2020-06-11,2020-06-04,9575.25,8839.36,-735.89,-7.6853,down,5.0
day_over_day,DJUA,2020-06-11,2020-06-10,824.72,793.23,-31.49,-3.8183,down,1.0
day_over_day,SP500,2020-06-11,2020-06-10,3190.14,3002.1,-188.04,-5.8944,down,1.5
day_over_day,DJCA,2020-06-12,2020-06-11,8137.92,8280.24,142.32,1.7488,up,1.0
week_over_week,DJCA,2020-06-12,2020-06-05,8797.87,8280.24,-517.63,-5.8836,down,5.0
day_over_day,DJIA,2020-06-12,2020-06-11,25128.17,25605.54,477.37,1.8997,up,1.0
week_over_week,DJIA,2020-06-12,2020-06-05,27110.98,25605.54,-1505.44,-5.5529,down,5.0
day_over_day,DJTA,2020-06-12,2020-06-11,8839.36,9081.9,242.54,2.7439,up,1.0
week_over_week,DJTA,2020-06-12,2020-06-05,9872.96,9081.9,-791.06,-8.0124,down,5.0
week_over_week,DJCA,2020-06-15,2020-06-08,8962.47,8339.43,-623.04,-6.9517,down,5.0
week_over_week,DJIA,2020-06-15,2020-06-08,27572.44,25763.16,-1809.28,-6.5619,down,5.0
week_over_week,DJTA,2020-06-15,2020-06-08,10052.85,9160.08,-892.77,-8.8808,down,5.0
week_over_week,DJUA,2020-06-15,2020-06-08,847.26,799.76,-47.5,-5.6063,down,5.0
week_over_week,SP500,2020-06-15,2020-06-08,3232.39,3066.59,-165.8,-5.1293,down,5.0
day_over_day,DJCA,2020-06-16,2020-06-15,8339.43,8465.82,126.39,1.5156,up,1.0
day_over_day,DJIA,2020-06-16,2020-06-15,25763.16,26289.98,526.82,2.0449,up,1.0
day_over_day,DJTA,2020-06-16,2020-06-15,9160.08,9259.63,99.55,1.0868,up,1.0
week_over_week,DJTA,2020-06-16,2020-06-09,9825.57,9259.63,-565.94,-5.7599,down,5.0
day_over_day,SP500,2020-06-16,2020-06-15,3066.59,3124.74,58.15,1.8962,up,1.5
day_over_day,DJCA,2020-06-19,2020-06-18,8408.05,8288.65,-119.4,-1.4201,down,1.0
day_over_day,DJTA,2020-06-19,2020-06-18,9207.63,9077.75,-129.88,-1.4106,down,1.0
day_over_day,DJUA,2020-06-19,2020-06-18,798.74,770.61,-28.13,-3.5218,down,1.0
day_over_day,DJUA,2020-06-22,2020-06-19,770.61,780.42,9.81,1.273,up,1.0
day_over_day,DJTA,2020-06-23,2020-06-22,9061.98,9181.57,119.59,1.3197,up,1.0
day_over_day,DJCA,2020-06-24,2020-06-23,8370.31,8163.9,-206.41,-2.466,down,1.0
day_over_day,DJIA,2020-06-24,2020-06-23,26156.1,25445.94,-710.16,-2.7151,down,1.0
day_over_day,DJTA,2020-06-24,2020-06-23,9181.57,8899.24,-282.33,-3.075,down,1.0
day_over_day,SP500,2020-06-24,2020-06-23,3131.29,3050.33,-80.96,-2.5855,down,1.5
day_over_day,DJIA,2020-06-25,2020-06-24,25445.94,25745.6,299.66,1.1776,up,1.0
day_over_day,DJTA,2020-06-25,2020-06-24,8899.24,9000.3,101.06,1.1356,up,1.0
day_over_day,DJUA,2020-06-25,2020-06-24,767.6,757.34,-10.26,-1.3366,down,1.0
week_over_week,DJUA,2020-06-25,2020-06-18,798.74,757.34,-41.4,-5.1832,down,5.0
day_over_day,DJCA,2020-06-26,2020-06-25,8223.63,8028.39,-195.24,-2.3741,down,1.0
day_over_day,DJIA,2020-06-26,2020-06-25,25745.6,25015.55,-730.05,-2.8356,down,1.0
day_over_day,DJTA,2020-06-26,2020-06-25,9000.3,8805.74,-194.56,-2.1617,down,1.0
day_over_day,DJUA,2020-06-26,2020-06-25,757.34,749.4,-7.94,-1.0484,down,1.0
day_over_day,SP500,2020-06-26,2020-06-25,3083.76,3009.05,-74.71,-2.4227,down,1.5
day_over_day,DJCA,2020-06-29,2020-06-26,8028.39,8219.33,190.94,2.3783,up,1.0
day_over_day,DJIA,2020-06-29,2020-06-26,25015.55,25595.8,580.25,2.3196,up,1.0
day_over_day,DJTA,2020-06-29,2020-06-26,8805.74,9052.64,246.9,2.8039,up,1.0
day_over_day,DJUA,2020-06-29,2020-06-26,749.4,764.39,14.99,2.0003,up,1.0
day_over_day,DJTA,2020-06-30,2020-06-29,9052.64,9172.72,120.08,1.3265,up,1.0
day_over_day,SP500,2020-06-30,2020-06-29,3053.24,3100.29,47.05,1.541,up,1.5
day_over_day,DJUA,2020-07-01,2020-06-30,767.5,785.15,17.65,2.2997,up,1.0
day_over_day,DJCA,2020-07-06,2020-07-02,8344.08,8449.43,105.35,1.2626,up,1.0
day_over_day,DJIA,2020-07-06,2020-07-02,25827.36,26287.03,459.67,1.7798,up,1.0
day_over_day,DJTA,2020-07-06,2020-07-02,9235.7,9386.94,151.24,1.6376,up,1.0
day_over_day,SP500,2020-07-06,2020-07-02,3130.01,3179.72,49.71,1.5882,up,1.5
day_over_day,DJCA,2020-07-07,2020-07-06,8449.43,8344.36,-105.07,-1.2435,down,1.0
day_over_day,DJIA,2020-07-07,2020-07-06,26287.03,25890.18,-396.85,-1.5097,down,1.0
day_over_day,DJTA,2020-07-07,2020-07-06,9386.94,9278.61,-108.33,-1.1541,down,1.0
day_over_day,DJCA,2020-07-09,2020-07-08,8401.4,8277.25,-124.15,-1.4777,down,1.0
day_over_day,DJIA,2020-07-09,2020-07-08,26067.28,25706.09,-361.19,-1.3856,down,1.0
day_over_day,DJTA,2020-07-09,2020-07-08,9322.43,9140.43,-182.0,-1.9523,down,1.0
day_over_day,DJUA,2020-07-09,2020-07-08,783.15,774.23,-8.92,-1.139,down,1.0
day_over_day,DJCA,2020-07-10,2020-07-09,8277.25,8415.93,138.68,1.6754,up,1.0
day_over_day,DJIA,2020-07-10,2020-07-09,25706.09,26075.3,369.21,1.4363,up,1.0
day_over_day,DJTA,2020-07-10,2020-07-09,9140.43,9312.48,172.05,1.8823,up,1.0
day_over_day,DJUA,2020-07-10,2020-07-09,774.23,791.35,17.12,2.2112,up,1.0
day_over_day,DJCA,2020-07-14,2020-07-13,8416.33,8572.4,156.07,1.8544,up,1.0
day_over_day,DJIA,2020-07-14,2020-07-13,26085.8,26642.59,556.79,2.1345,up,1.0
day_over_day,DJTA,2020-07-14,2020-07-13,9305.95,9465.24,159.29,1.7117,up,1.0
day_over_day,DJUA,2020-07-14,2020-07-13,791.24,799.91,8.67,1.0957,up,1.0
day_over_day,DJCA,2020-07-15,2020-07-14,8572.4,8667.57,95.17,1.1102,up,1.0
day_over_day,DJTA,2020-07-15,2020-07-14,9465.24,9737.44,272.2,2.8758,up,1.0
week_over_week,DJTA,2020-07-16,2020-07-09,9140.43,9791.39,650.96,7.1218,up,5.0
day_over_day,DJUA,2020-07-16,2020-07-15,796.47,809.52,13.05,1.6385,up,1.0
day_over_day,DJTA,2020-07-17,2020-07-16,9791.39,9900.09,108.7,1.1102,up,1.0
week_over_week,DJTA,2020-07-17,2020-07-10,9312.48,9900.09,587.61,6.3099,up,5.0
day_over_day,DJUA,2020-07-17,2020-07-16,809.52,828.6,19.08,2.357,up,1.0
day_over_day,DJTA,2020-07-20,2020-07-17,9900.09,9745.13,-154.96,-1.5652,down,1.0
day_over_day,DJUA,2020-07-20,2020-07-17,828.6,817.04,-11.56,-1.3951,down,1.0
day_over_day,DJUA,2020-07-22,2020-07-21,820.47,829.5,9.03,1.1006,up,1.0
day_over_day,DJIA,2020-07-23,2020-07-22,27005.84,26652.33,-353.51,-1.309,down,1.0
day_over_day,DJUA,2020-07-27,2020-07-24,825.74,813.02,-12.72,-1.5404,down,1.0
day_over_day,DJTA,2020-07-28,2020-07-27,9817.42,9696.55,-120.87,-1.2312,down,1.0
day_over_day,DJUA,2020-07-28,2020-07-27,813.02,825.47,12.45,1.5313,up,1.0
day_over_day,DJTA,2020-07-29,2020-07-28,9696.55,9906.38,209.83,2.164,up,1.0
day_over_day,DJUA,2020-08-03,2020-07-31,830.77,822.34,-8.43,-1.0147,down,1.0
day_over_day,DJUA,2020-08-04,2020-08-03,822.34,832.49,10.15,1.2343,up,1.0
day_over_day,DJIA,2020-08-05,2020-08-04,26828.47,27201.52,373.05,1.3905,up,1.0
day_over_day,DJTA,2020-08-05,2020-08-04,10086.66,10215.41,128.75,1.2764,up,1.0
day_over_day,DJTA,2020-08-06,2020-08-05,10215.41,10331.09,115.68,1.1324,up,1.0
day_over_day,DJTA,2020-08-07,2020-08-06,10331.09,10576.38,245.29,2.3743,up,1.0
week_over_week,DJTA,2020-08-07,2020-07-31,9994.81,10576.38,581.57,5.8187,up,5.0
day_over_day,DJUA,2020-08-07,2020-08-06,828.87,843.23,14.36,1.7325,up,1.0
day_over_day,DJCA,2020-08-10,2020-08-07,9040.58,9166.38,125.8,1.3915,up,1.0
day_over_day,DJIA,2020-08-10,2020-08-07,27433.48,27791.44,357.96,1.3048,up,1.0
day_over_day,DJTA,2020-08-10,2020-08-07,10576.38,10864.94,288.56,2.7283,up,1.0
week_over_week,DJTA,2020-08-10,2020-08-03,10011.72,10864.94,853.22,8.5222,up,5.0
week_over_week,DJTA,2020-08-11,2020-08-04,10086.66,10889.53,802.87,7.9597,up,5.0
day_over_day,DJUA,2020-08-11,2020-08-10,841.03,821.99,-19.04,-2.2639,down,1.0
day_over_day,DJCA,2020-08-12,2020-08-11,9116.6,9208.97,92.37,1.0132,up,1.0
day_over_day,DJIA,2020-08-12,2020-08-11,27686.91,27976.84,289.93,1.0472,up,1.0
week_over_week,DJTA,2020-08-12,2020-08-05,10215.41,10936.1,720.69,7.0549,up,5.0
day_over_day,DJUA,2020-08-12,2020-08-11,821.99,836.74,14.75,1.7944,up,1.0
week_over_week,DJTA,2020-08-13,2020-08-06,10331.09,10886.48,555.39,5.3759,up,5.0
day_over_day,DJUA,2020-08-14,2020-08-13,834.39,824.87,-9.52,-1.141,down,1.0
day_over_day,DJCA,2020-08-24,2020-08-21,9151.03,9282.43,131.4,1.4359,up,1.0
day_over_day,DJIA,2020-08-24,2020-08-21,27930.33,28308.46,378.13,1.3538,up,1.0
day_over_day,DJTA,2020-08-24,2020-08-21,10940.68,11148.61,207.93,1.9005,up,1.0
day_over_day,DJUA,2020-08-24,2020-08-21,809.61,817.71,8.1,1.0005,up,1.0
day_over_day,DJUA,2020-08-26,2020-08-25,810.8,798.89,-11.91,-1.4689,down,1.0
day_over_day,DJTA,2020-08-28,2020-08-27,11205.61,11322.0,116.39,1.0387,up,1.0
day_over_day,DJTA,2020-08-31,2020-08-28,11322.0,11185.35,-136.65,-1.2069,down,1.0
day_over_day,DJTA,2020-09-01,2020-08-31,11185.35,11316.69,131.34,1.1742,up,1.0
day_over_day,DJUA,2020-09-01,2020-08-31,803.22,794.08,-9.14,-1.1379,down,1.0
day_over_day,DJCA,2020-09-02,2020-09-01,9339.25,9499.77,160.52,1.7188,up,1.0
day_over_day,DJIA,2020-09-02,2020-09-01,28645.66,29100.5,454.84,1.5878,up,1.0
day_over_day,DJTA,2020-09-02,2020-09-01,11316.69,11451.51,134.82,1.1913,up,1.0
day_over_day,DJUA,2020-09-02,2020-09-01,794.08,818.68,24.6,3.0979,up,1.0
day_over_day,SP500,2020-09-02,2020-09-01,3526.65,3580.84,54.19,1.5366,up,1.5
day_over_day,DJCA,2020-09-03,2020-09-02,9499.77,9265.28,-234.49,-2.4684,down,1.0
day_over_day,DJIA,2020-09-03,2020-09-02,29100.5,28292.73,-807.77,-2.7758,down,1.0
day_over_day,DJTA,2020-09-03,2020-09-02,11451.51,11168.57,-282.94,-2.4708,down,1.0
day_over_day,DJUA,2020-09-03,2020-09-02,818.68,808.12,-10.56,-1.2899,down,1.0
day_over_day,SP500,2020-09-03,2020-09-02,3580.84,3455.06,-125.78,-3.5126,down,1.5
day_over_day,DJCA,2020-09-08,2020-09-04,9238.33,9076.56,-161.77,-1.7511,down,1.0
day_over_day,DJIA,2020-09-08,2020-09-04,28133.31,27500.89,-632.42,-2.2479,down,1.0
day_over_day,DJTA,2020-09-08,2020-09-04,11225.51,11080.87,-144.64,-1.2885,down,1.0
day_over_day,SP500,2020-09-08,2020-09-04,3426.96,3331.84,-95.12,-2.7756,down,1.5
week_over_week,SP500,2020-09-08,2020-09-01,3526.65,3331.84,-194.81,-5.5239,down,5.0
day_over_day,DJCA,2020-09-09,2020-09-08,9076.56,9215.53,138.97,1.5311,up,1.0
day_over_day,DJIA,2020-09-09,2020-09-08,27500.89,27940.47,439.58,1.5984,up,1.0
day_over_day,DJTA,2020-09-09,2020-09-08,11080.87,11244.98,164.11,1.481,up,1.0
day_over_day,DJUA,2020-09-09,2020-09-08,798.63,809.51,10.88,1.3623,up,1.0
day_over_day,SP500,2020-09-09,2020-09-08,3331.84,3398.96,67.12,2.0145,up,1.5
week_over_week,SP500,2020-09-09,2020-09-02,3580.84,3398.96,-181.88,-5.0793,down,5.0
day_over_day,DJCA,2020-09-10,2020-09-09,9215.53,9099.44,-116.09,-1.2597,down,1.0
day_over_day,DJIA,2020-09-10,2020-09-09,27940.47,27534.58,-405.89,-1.4527,down,1.0
day_over_day,DJUA,2020-09-10,2020-09-09,809.51,796.34,-13.17,-1.6269,down,1.0
day_over_day,SP500,2020-09-10,2020-09-09,3398.96,3339.19,-59.77,-1.7585,down,1.5
day_over_day,DJCA,2020-09-14,2020-09-11,9152.92,9256.7,103.78,1.1338,up,1.0
day_over_day,DJIA,2020-09-14,2020-09-11,27665.64,27993.33,327.69,1.1845,up,1.0
day_over_day,DJUA,2020-09-14,2020-09-11,799.93,810.94,11.01,1.3764,up,1.0
day_over_day,DJCA,2020-09-18,2020-09-17,9274.59,9178.93,-95.66,-1.0314,down,1.0
day_over_day,DJTA,2020-09-18,2020-09-17,11552.36,11431.92,-120.44,-1.0426,down,1.0
day_over_day,DJUA,2020-09-18,2020-09-17,810.81,797.95,-12.86,-1.5861,down,1.0
day_over_day,DJCA,2020-09-21,2020-09-18,9178.93,9009.48,-169.45,-1.8461,down,1.0
day_over_day,DJIA,2020-09-21,2020-09-18,27657.42,27147.7,-509.72,-1.843,down,1.0
day_over_day,DJTA,2020-09-21,2020-09-18,11431.92,11129.51,-302.41,-2.6453,down,1.0
day_over_day,DJCA,2020-09-23,2020-09-22,9064.7,8912.4,-152.3,-1.6801,down,1.0
day_over_day,DJIA,2020-09-23,2020-09-22,27288.18,26763.13,-525.05,-1.9241,down,1.0
day_over_day,DJTA,2020-09-23,2020-09-22,11215.01,11095.09,-119.92,-1.0693,down,1.0
day_over_day,DJUA,2020-09-23,2020-09-22,799.37,785.16,-14.21,-1.7776,down,1.0
day_over_day,SP500,2020-09-23,2020-09-22,3315.57,3236.92,-78.65,-2.3721,down,1.5
day_over_day,DJUA,2020-09-24,2020-09-23,785.16,795.93,10.77,1.3717,up,1.0
day_over_day,DJCA,2020-09-25,2020-09-24,8946.61,9069.85,123.24,1.3775,up,1.0
day_over_day,DJIA,2020-09-25,2020-09-24,26815.44,27173.96,358.52,1.337,up,1.0
day_over_day,DJTA,2020-09-25,2020-09-24,11117.48,11270.0,152.52,1.3719,up,1.0
day_over_day,DJUA,2020-09-25,2020-09-24,795.93,808.13,12.2,1.5328,up,1.0
day_over_day,SP500,2020-09-25,2020-09-24,3246.59,3298.46,51.87,1.5977,up,1.5
day_over_day,DJCA,2020-09-28,2020-09-25,9069.85,9188.66,118.81,1.3099,up,1.0
day_over_day,DJIA,2020-09-28,2020-09-25,27173.96,27584.06,410.1,1.5092,up,1.0
day_over_day,DJTA,2020-09-28,2020-09-25,11270.0,11440.95,170.95,1.5169,up,1.0
day_over_day,SP500,2020-09-28,2020-09-25,3298.46,3351.6,53.14,1.6111,up,1.5
day_over_day,DJTA,2020-09-29,2020-09-28,11440.95,11301.01,-139.94,-1.2232,down,1.0
day_over_day,DJIA,2020-09-30,2020-09-29,27452.66,27781.7,329.04,1.1986,up,1.0
day_over_day,DJUA,2020-10-01,2020-09-30,814.7,824.27,9.57,1.1747,up,1.0
day_over_day,DJCA,2020-10-05,2020-10-02,9217.9,9368.48,150.58,1.6336,up,1.0
day_over_day,DJIA,2020-10-05,2020-10-02,27682.81,28148.64,465.83,1.6827,up,1.0
day_over_day,DJTA,2020-10-05,2020-10-02,11297.1,11482.09,184.99,1.6375,up,1.0
day_over_day,DJUA,2020-10-05,2020-10-02,832.49,844.57,12.08,1.4511,up,1.0
day_over_day,SP500,2020-10-05,2020-10-02,3348.44,3408.63,60.19,1.7976,up,1.5
day_over_day,DJIA,2020-10-06,2020-10-05,28148.64,27772.76,-375.88,-1.3353,down,1.0
week_over_week,DJUA,2020-10-06,2020-09-29,808.99,850.89,41.9,5.1793,up,5.0
day_over_day,DJCA,2020-10-07,2020-10-06,9289.77,9469.63,179.86,1.9361,up,1.0
day_over_day,DJIA,2020-10-07,2020-10-06,27772.76,28303.46,530.7,1.9109,up,1.0
day_over_day,DJTA,2020-10-07,2020-10-06,11399.14,11690.02,290.88,2.5518,up,1.0
day_over_day,DJUA,2020-10-07,2020-10-06,850.89,859.99,9.1,1.0695,up,1.0
week_over_week,DJUA,2020-10-07,2020-09-30,814.7,859.99,45.29,5.5591,up,5.0
day_over_day,SP500,2020-10-07,2020-10-06,3360.95,3419.45,58.5,1.7406,up,1.5
day_over_day,DJUA,2020-10-08,2020-10-07,859.99,875.3,15.31,1.7803,up,1.0
week_over_week,DJUA,2020-10-08,2020-10-01,824.27,875.3,51.03,6.1909,up,5.0
week_over_week,DJUA,2020-10-09,2020-10-02,832.49,875.81,43.32,5.2037,up,5.0
day_over_day,SP500,2020-10-12,2020-10-09,3477.13,3534.22,57.09,1.6419,up,1.5
day_over_day,DJTA,2020-10-16,2020-10-15,11988.83,11836.43,-152.4,-1.2712,down,1.0
day_over_day,DJUA,2020-10-16,2020-10-15,875.22,884.52,9.3,1.0626,up,1.0
day_over_day,DJCA,2020-10-19,2020-10-16,9603.02,9484.21,-118.81,-1.2372,down,1.0
day_over_day,DJIA,2020-10-19,2020-10-16,28606.31,28195.42,-410.89,-1.4364,down,1.0
day_over_day,DJTA,2020-10-19,2020-10-16,11836.43,11708.09,-128.34,-1.0843,down,1.0
day_over_day,SP500,2020-10-19,2020-10-16,3483.81,3426.92,-56.89,-1.633,down,1.5
day_over_day,DJTA,2020-10-20,2020-10-19,11708.09,11860.3,152.21,1.3,up,1.0
day_over_day,DJTA,2020-10-21,2020-10-20,11860.3,11725.02,-135.28,-1.1406,down,1.0
day_over_day,DJUA,2020-10-22,2020-10-21,877.1,891.28,14.18,1.6167,up,1.0
day_over_day,DJTA,2020-10-23,2020-10-22,11748.55,11880.13,131.58,1.12,up,1.0
day_over_day,DJCA,2020-10-26,2020-10-23,9576.2,9389.79,-186.41,-1.9466,down,1.0
day_over_day,DJIA,2020-10-26,2020-10-23,28335.57,27685.38,-650.19,-2.2946,down,1.0
day_over_day,DJTA,2020-10-26,2020-10-23,11880.13,11604.82,-275.31,-2.3174,down,1.0
day_over_day,SP500,2020-10-26,2020-10-23,3465.39,3400.97,-64.42,-1.859,down,1.5
day_over_day,DJTA,2020-10-27,2020-10-26,11604.82,11431.61,-173.21,-1.4926,down,1.0
day_over_day,DJCA,2020-10-28,2020-10-27,9307.29,8976.63,-330.66,-3.5527,down,1.0
week_over_week,DJCA,2020-10-28,2020-10-21,9489.82,8976.63,-513.19,-5.4078,down,5.0
day_over_day,DJIA,2020-10-28,2020-10-27,27463.19,26519.95,-943.24,-3.4346,down,1.0
week_over_week,DJIA,2020-10-28,2020-10-21,28210.82,26519.95,-1690.87,-5.9937,down,5.0
day_over_day,DJTA,2020-10-28,2020-10-27,11431.61,10945.62,-485.99,-4.2513,down,1.0
week_over_week,DJTA,2020-10-28,2020-10-21,11725.02,10945.62,-779.4,-6.6473,down,5.0
day_over_day,DJUA,2020-10-28,2020-10-27,890.68,865.33,-25.35,-2.8461,down,1.0
day_over_day,SP500,2020-10-28,2020-10-27,3390.68,3271.03,-119.65,-3.5288,down,1.5
week_over_week,DJCA,2020-10-29,2020-10-22,9549.86,9058.22,-491.64,-5.1481,down,5.0
week_over_week,DJIA,2020-10-29,2020-10-22,28363.66,26659.11,-1704.55,-6.0096,down,5.0
day_over_day,DJTA,2020-10-29,2020-10-28,10945.62,11183.52,237.9,2.1735,up,1.0
week_over_week,DJCA,2020-10-30,2020-10-23,9576.2,8994.36,-581.84,-6.0759,down,5.0
week_over_week,DJIA,2020-10-30,2020-10-23,28335.57,26501.6,-1833.97,-6.4723,down,5.0
week_over_week,DJTA,2020-10-30,2020-10-23,11880.13,11106.19,-773.94,-6.5146,down,5.0
day_over_day,DJUA,2020-10-30,2020-10-29,867.65,857.77,-9.88,-1.1387,down,1.0
week_over_week,SP500,2020-10-30,2020-10-23,3465.39,3269.96,-195.43,-5.6395,down,5.0
day_over_day,DJCA,2020-11-02,2020-10-30,8994.36,9132.36,138.0,1.5343,up,1.0
day_over_day,DJIA,2020-11-02,2020-10-30,26501.6,26925.05,423.45,1.5978,up,1.0
day_over_day,DJUA,2020-11-02,2020-10-30,857.77,876.56,18.79,2.1906,up,1.0
day_over_day,DJCA,2020-11-03,2020-11-02,9132.36,9336.27,203.91,2.2328,up,1.0
day_over_day,DJIA,2020-11-03,2020-11-02,26925.05,27480.03,554.98,2.0612,up,1.0
day_over_day,DJTA,2020-11-03,2020-11-02,11216.42,11559.96,343.54,3.0628,up,1.0
day_over_day,DJUA,2020-11-03,2020-11-02,876.56,889.78,13.22,1.5082,up,1.0
day_over_day,SP500,2020-11-03,2020-11-02,3310.24,3369.16,58.92,1.7799,up,1.5
day_over_day,DJIA,2020-11-04,2020-11-03,27480.03,27847.66,367.63,1.3378,up,1.0
week_over_week,DJIA,2020-11-04,2020-10-28,26519.95,27847.66,1327.71,5.0065,up,5.0
day_over_day,DJTA,2020-11-04,2020-11-03,11559.96,11391.91,-168.05,-1.4537,down,1.0
day_over_day,DJUA,2020-11-04,2020-11-03,889.78,877.69,-12.09,-1.3588,down,1.0
day_over_day,SP500,2020-11-04,2020-11-03,3369.16,3443.44,74.28,2.2047,up,1.5
week_over_week,SP500,2020-11-04,2020-10-28,3271.03,3443.44,172.41,5.2708,up,5.0
day_over_day,DJCA,2020-11-05,2020-11-04,9352.63,9530.97,178.34,1.9068,up,1.0
week_over_week,DJCA,2020-11-05,2020-10-29,9058.22,9530.97,472.75,5.219,up,5.0
day_over_day,DJIA,2020-11-05,2020-11-04,27847.66,28390.18,542.52,1.9482,up,1.0
week_over_week,DJIA,2020-11-05,2020-10-29,26659.11,28390.18,1731.07,6.4934,up,5.0
day_over_day,DJTA,2020-11-05,2020-11-04,11391.91,11669.58,277.67,2.4374,up,1.0
day_over_day,SP500,2020-11-05,2020-11-04,3443.44,3510.45,67.01,1.946,up,1.5
week_over_week,SP500,2020-11-05,2020-10-29,3310.11,3510.45,200.34,6.0524,up,5.0
week_over_week,DJCA,2020-11-06,2020-10-30,8994.36,9500.04,505.68,5.6222,up,5.0
week_over_week,DJIA,2020-11-06,2020-10-30,26501.6,28323.4,1821.8,6.8743,up,5.0
week_over_week,SP500,2020-11-06,2020-10-30,3269.96,3509.44,239.48,7.3236,up,5.0
day_over_day,DJCA,2020-11-09,2020-11-06,9500.04,9753.13,253.09,2.6641,up,1.0
week_over_week,DJCA,2020-11-09,2020-11-02,9132.36,9753.13,620.77,6.7975,up,5.0
day_over_day,DJIA,2020-11-09,2020-11-06,28323.4,29157.97,834.57,2.9466,up,1.0
week_over_week,DJIA,2020-11-09,2020-11-02,26925.05,29157.97,2232.92,8.2931,up,5.0
day_over_day,DJTA,2020-11-09,2020-11-06,11614.65,11900.46,285.81,2.4608,up,1.0
week_over_week,DJTA,2020-11-09,2020-11-02,11216.42,11900.46,684.04,6.0986,up,5.0
day_over_day,DJUA,2020-11-09,2020-11-06,881.76,898.85,17.09,1.9382,up,1.0
week_over_week,SP500,2020-11-09,2020-11-02,3310.24,3550.5,240.26,7.2581,up,5.0
day_over_day,DJCA,2020-11-10,2020-11-09,9753.13,9875.34,122.21,1.253,up,1.0
week_over_week,DJCA,2020-11-10,2020-11-03,9336.27,9875.34,539.07,5.7739,up,5.0
week_over_week,DJIA,2020-11-10,2020-11-03,27480.03,29420.92,1940.89,7.0629,up,5.0
day_over_day,DJTA,2020-11-10,2020-11-09,11900.46,12096.55,196.09,1.6478,up,1.0
day_over_day,DJUA,2020-11-10,2020-11-09,898.85,916.18,17.33,1.928,up,1.0
week_over_week,SP500,2020-11-10,2020-11-03,3369.16,3545.53,176.37,5.2348,up,5.0
week_over_week,DJCA,2020-11-11,2020-11-04,9352.63,9853.43,500.8,5.3546,up,5.0
week_over_week,DJIA,2020-11-11,2020-11-04,27847.66,29397.63,1549.97,5.5659,up,5.0
week_over_week,DJTA,2020-11-11,2020-11-04,11391.91,12006.71,614.8,5.3968,up,5.0
day_over_day,DJCA,2020-11-12,2020-11-11,9853.43,9730.23,-123.2,-1.2503,down,1.0
day_over_day,DJIA,2020-11-12,2020-11-11,29397.63,29080.17,-317.46,-1.0799,down,1.0
day_over_day,DJTA,2020-11-12,2020-11-11,12006.71,11838.75,-167.96,-1.3989,down,1.0
day_over_day,DJUA,2020-11-12,2020-11-11,917.19,902.1,-15.09,-1.6452,down,1.0
day_over_day,DJCA,2020-11-13,2020-11-12,9730.23,9875.68,145.45,1.4948,up,1.0
day_over_day,DJIA,2020-11-13,2020-11-12,29080.17,29479.81,399.64,1.3743,up,1.0
day_over_day,DJTA,2020-11-13,2020-11-12,11838.75,12085.32,246.57,2.0827,up,1.0
day_over_day,DJCA,2020-11-16,2020-11-13,9875.68,10044.34,168.66,1.7078,up,1.0
day_over_day,DJIA,2020-11-16,2020-11-13,29479.81,29950.44,470.63,1.5964,up,1.0
day_over_day,DJTA,2020-11-16,2020-11-13,12085.32,12394.02,308.7,2.5543,up,1.0
day_over_day,DJUA,2020-11-17,2020-11-16,917.38,899.01,-18.37,-2.0024,down,1.0
day_over_day,DJCA,2020-11-18,2020-11-17,9989.4,9873.75,-115.65,-1.1577,down,1.0
day_over_day,DJIA,2020-11-18,2020-11-17,29783.35,29438.42,-344.93,-1.1581,down,1.0
day_over_day,DJUA,2020-11-18,2020-11-17,899.01,881.37,-17.64,-1.9622,down,1.0
day_over_day,DJCA,2020-11-23,2020-11-20,9801.24,9905.81,104.57,1.0669,up,1.0
day_over_day,DJIA,2020-11-23,2020-11-20,29263.48,29591.27,327.79,1.1201,up,1.0
day_over_day,DJTA,2020-11-23,2020-11-20,12232.1,12424.11,192.01,1.5697,up,1.0
day_over_day,DJCA,2020-11-24,2020-11-23,9905.81,10072.95,167.14,1.6873,up,1.0
day_over_day,DJIA,2020-11-24,2020-11-23,29591.27,30046.24,454.97,1.5375,up,1.0
day_over_day,DJTA,2020-11-24,2020-11-23,12424.11,12715.38,291.27,2.3444,up,1.0
day_over_day,DJUA,2020-11-24,2020-11-23,873.01,882.62,9.61,1.1008,up,1.0
day_over_day,SP500,2020-11-24,2020-11-23,3577.59,3635.41,57.82,1.6162,up,1.5
day_over_day,DJUA,2020-11-30,2020-11-27,873.18,861.74,-11.44,-1.3102,down,1.0
day_over_day,DJTA,2020-12-04,2020-12-03,12586.82,12742.08,155.26,1.2335,up,1.0
day_over_day,DJUA,2020-12-04,2020-12-03,866.89,856.13,-10.76,-1.2412,down,1.0
day_over_day,DJCA,2020-12-14,2020-12-11,10017.75,9916.33,-101.42,-1.0124,down,1.0
day_over_day,DJTA,2020-12-14,2020-12-11,12672.38,12382.97,-289.41,-2.2838,down,1.0
day_over_day,DJCA,2020-12-15,2020-12-14,9916.33,10035.91,119.58,1.2059,up,1.0
day_over_day,DJIA,2020-12-15,2020-12-14,29861.55,30199.31,337.76,1.1311,up,1.0
day_over_day,DJUA,2020-12-15,2020-12-14,852.81,871.54,18.73,2.1963,up,1.0
day_over_day,DJUA,2020-12-16,2020-12-15,871.54,859.59,-11.95,-1.3711,down,1.0
day_over_day,DJTA,2020-12-17,2020-12-16,12497.95,12639.18,141.23,1.13,up,1.0
day_over_day,DJUA,2020-12-18,2020-12-17,866.78,857.26,-9.52,-1.0983,down,1.0
day_over_day,DJUA,2020-12-21,2020-12-18,857.26,844.96,-12.3,-1.4348,down,1.0
day_over_day,DJUA,2020-12-31,2020-12-30,850.59,864.64,14.05,1.6518,up,1.0
day_over_day,DJCA,2021-01-04,2020-12-31,10108.71,9938.66,-170.05,-1.6822,down,1.0
day_over_day,DJIA,2021-01-04,2020-12-31,30606.48,30223.89,-382.59,-1.25,down,1.0
day_over_day,DJTA,2021-01-04,2020-12-31,12506.93,12230.03,-276.9,-2.214,down,1.0
day_over_day,DJUA,2021-01-04,2020-12-31,864.64,843.0,-21.64,-2.5028,down,1.0
day_over_day,DJTA,2021-01-05,2021-01-04,12230.03,12359.23,129.2,1.0564,up,1.0
day_over_day,DJCA,2021-01-06,2021-01-05,9997.64,10182.87,185.23,1.8527,up,1.0
day_over_day,DJIA,2021-01-06,2021-01-05,30391.6,30829.4,437.8,1.4405,up,1.0
day_over_day,DJTA,2021-01-06,2021-01-05,12359.23,12706.32,347.09,2.8083,up,1.0
day_over_day,DJUA,2021-01-06,2021-01-05,842.21,857.58,15.37,1.825,up,1.0
day_over_day,DJUA,2021-01-07,2021-01-06,857.58,844.03,-13.55,-1.58,down,1.0
week_over_week,DJTA,2021-01-11,2021-01-04,12230.03,12869.55,639.52,5.2291,up,5.0
day_over_day,DJTA,2021-01-12,2021-01-11,12869.55,13051.78,182.23,1.416,up,1.0
week_over_week,DJTA,2021-01-12,2021-01-05,12359.23,13051.78,692.55,5.6035,up,5.0
day_over_day,DJUA,2021-01-13,2021-01-12,839.33,855.74,16.41,1.9551,up,1.0
day_over_day,DJTA,2021-01-14,2021-01-13,12971.81,13113.11,141.3,1.0893,up,1.0
day_over_day,DJTA,2021-01-15,2021-01-14,13113.11,12946.28,-166.83,-1.2722,down,1.0
day_over_day,DJUA,2021-01-15,2021-01-14,851.26,861.09,9.83,1.1548,up,1.0
day_over_day,DJCA,2021-01-20,2021-01-19,10243.54,10354.18,110.64,1.0801,up,1.0
day_over_day,DJTA,2021-01-20,2021-01-19,12900.15,13126.0,225.85,1.7508,up,1.0
day_over_day,DJTA,2021-01-21,2021-01-20,13126.0,12899.06,-226.94,-1.7289,down,1.0
day_over_day,DJUA,2021-01-25,2021-01-22,857.94,872.17,14.23,1.6586,up,1.0
day_over_day,DJTA,2021-01-26,2021-01-25,12849.82,12643.27,-206.55,-1.6074,down,1.0
day_over_day,DJCA,2021-01-27,2021-01-26,10202.13,9966.52,-235.61,-2.3094,down,1.0
day_over_day,DJIA,2021-01-27,2021-01-26,30937.04,30303.17,-633.87,-2.0489,down,1.0
day_over_day,DJTA,2021-01-27,2021-01-26,12643.27,12277.04,-366.23,-2.8966,down,1.0
week_over_week,DJTA,2021-01-27,2021-01-20,13126.0,12277.04,-848.96,-6.4678,down,5.0
day_over_day,DJUA,2021-01-27,2021-01-26,864.41,844.37,-20.04,-2.3183,down,1.0
day_over_day,SP500,2021-01-27,2021-01-26,3849.62,3750.77,-98.85,-2.5678,down,1.5
day_over_day,DJCA,2021-01-28,2021-01-27,9966.52,10067.4,100.88,1.0122,up,1.0
day_over_day,DJTA,2021-01-28,2021-01-27,12277.04,12404.96,127.92,1.0419,up,1.0
day_over_day,DJUA,2021-01-28,2021-01-27,844.37,853.22,8.85,1.0481,up,1.0
day_over_day,DJCA,2021-01-29,2021-01-28,10067.4,9877.01,-190.39,-1.8912,down,1.0
day_over_day,DJIA,2021-01-29,2021-01-28,30603.36,29982.62,-620.74,-2.0283,down,1.0
day_over_day,DJTA,2021-01-29,2021-01-28,12404.96,12087.99,-316.97,-2.5552,down,1.0
week_over_week,DJTA,2021-01-29,2021-01-22,12856.54,12087.99,-768.55,-5.9779,down,5.0
day_over_day,SP500,2021-01-29,2021-01-28,3787.38,3714.24,-73.14,-1.9312,down,1.5
day_over_day,DJTA,2021-02-01,2021-01-29,12087.99,12250.0,162.01,1.3403,up,1.0
day_over_day,SP500,2021-02-01,2021-01-29,3714.24,3773.86,59.62,1.6052,up,1.5
day_over_day,DJCA,2021-02-02,2021-02-01,9963.34,10125.83,162.49,1.6309,up,1.0
day_over_day,DJIA,2021-02-02,2021-02-01,30211.91,30687.48,475.57,1.5741,up,1.0
day_over_day,DJTA,2021-02-02,2021-02-01,12250.0,12522.98,272.98,2.2284,up,1.0
day_over_day,DJCA,2021-02-04,2021-02-03,10128.83,10244.48,115.65,1.1418,up,1.0
day_over_day,DJIA,2021-02-04,2021-02-03,30723.6,31055.86,332.26,1.0814,up,1.0
day_over_day,DJTA,2021-02-04,2021-02-03,12527.57,12707.72,180.15,1.438,up,1.0
week_over_week,DJTA,2021-02-05,2021-01-29,12087.99,12788.51,700.52,5.7952,up,5.0
week_over_week,DJTA,2021-02-08,2021-02-01,12250.0,12874.92,624.92,5.1014,up,5.0
day_over_day,DJTA,2021-02-12,2021-02-11,12953.73,13175.09,221.36,1.7089,up,1.0
day_over_day,DJTA,2021-02-19,2021-02-18,13049.7,13274.21,224.51,1.7204,up,1.0
day_over_day,DJUA,2021-02-19,2021-02-18,857.98,846.51,-11.47,-1.3369,down,1.0
day_over_day,DJUA,2021-02-22,2021-02-19,846.51,830.38,-16.13,-1.9055,down,1.0
day_over_day,DJCA,2021-02-24,2021-02-23,10432.98,10547.4,114.42,1.0967,up,1.0
day_over_day,DJIA,2021-02-24,2021-02-23,31537.35,31961.86,424.51,1.3461,up,1.0
day_over_day,DJTA,2021-02-24,2021-02-23,13403.11,13630.55,227.44,1.6969,up,1.0
day_over_day,DJUA,2021-02-24,2021-02-23,835.85,825.65,-10.2,-1.2203,down,1.0
day_over_day,DJCA,2021-02-25,2021-02-24,10547.4,10363.89,-183.51,-1.7399,down,1.0
day_over_day,DJIA,2021-02-25,2021-02-24,31961.86,31402.01,-559.85,-1.7516,down,1.0
day_over_day,DJTA,2021-02-25,2021-02-24,13630.55,13372.26,-258.29,-1.8949,down,1.0
day_over_day,DJUA,2021-02-25,2021-02-24,825.65,814.39,-11.26,-1.3638,down,1.0
week_over_week,DJUA,2021-02-25,2021-02-18,857.98,814.39,-43.59,-5.0805,down,5.0
day_over_day,SP500,2021-02-25,2021-02-24,3925.43,3829.34,-96.09,-2.4479,down,1.5
day_over_day,DJCA,2021-02-26,2021-02-25,10363.89,10231.46,-132.43,-1.2778,down,1.0
day_over_day,DJIA,2021-02-26,2021-02-25,31402.01,30932.37,-469.64,-1.4956,down,1.0
day_over_day,DJUA,2021-02-26,2021-02-25,814.39,795.61,-18.78,-2.306,down,1.0
week_over_week,DJUA,2021-02-26,2021-02-19,846.51,795.61,-50.9,-6.0129,down,5.0
day_over_day,DJCA,2021-03-01,2021-02-26,10231.46,10435.4,203.94,1.9933,up,1.0
day_over_day,DJIA,2021-03-01,2021-02-26,30932.37,31535.51,603.14,1.9499,up,1.0
day_over_day,DJTA,2021-03-01,2021-02-26,13331.27,13618.09,286.82,2.1515,up,1.0
day_over_day,DJUA,2021-03-01,2021-02-26,795.61,810.38,14.77,1.8564,up,1.0
day_over_day,SP500,2021-03-01,2021-02-26,3811.15,3901.82,90.67,2.3791,up,1.5
day_over_day,DJCA,2021-03-04,2021-03-03,10348.77,10213.87,-134.9,-1.3035,down,1.0
day_over_day,DJIA,2021-03-04,2021-03-03,31270.09,30924.14,-345.95,-1.1063,down,1.0
day_over_day,DJTA,2021-03-04,2021-03-03,13548.44,13219.66,-328.78,-2.4267,down,1.0
day_over_day,DJCA,2021-03-05,2021-03-04,10213.87,10435.92,222.05,2.174,up,1.0
day_over_day,DJIA,2021-03-05,2021-03-04,30924.14,31496.3,572.16,1.8502,up,1.0
day_over_day,DJTA,2021-03-05,2021-03-04,13219.66,13627.98,408.32,3.0887,up,1.0
day_over_day,DJUA,2021-03-05,2021-03-04,800.17,814.03,13.86,1.7321,up,1.0
day_over_day,SP500,2021-03-05,2021-03-04,3768.47,3841.94,73.47,1.9496,up,1.5
day_over_day,DJUA,2021-03-08,2021-03-05,814.03,823.45,9.42,1.1572,up,1.0
day_over_day,DJCA,2021-03-10,2021-03-09,10563.94,10683.0,119.06,1.127,up,1.0
day_over_day,DJIA,2021-03-10,2021-03-09,31832.74,32297.02,464.28,1.4585,up,1.0
week_over_week,DJCA,2021-03-11,2021-03-04,10213.87,10747.71,533.84,5.2266,up,5.0
week_over_week,DJIA,2021-03-11,2021-03-04,30924.14,32485.59,1561.45,5.0493,up,5.0
day_over_day,DJTA,2021-03-11,2021-03-10,13869.9,14022.72,152.82,1.1018,up,1.0
week_over_week,DJTA,2021-03-11,2021-03-04,13219.66,14022.72,803.06,6.0747,up,5.0
day_over_day,DJUA,2021-03-12,2021-03-11,834.27,844.88,10.61,1.2718,up,1.0
day_over_day,DJUA,2021-03-15,2021-03-12,844.88,856.77,11.89,1.4073,up,1.0
day_over_day,DJTA,2021-03-16,2021-03-15,14242.67,14020.73,-221.94,-1.5583,down,1.0
day_over_day,DJUA,2021-03-17,2021-03-16,859.04,847.92,-11.12,-1.2945,down,1.0
day_over_day,DJTA,2021-03-23,2021-03-22,14168.51,13906.55,-261.96,-1.8489,down,1.0
day_over_day,DJUA,2021-03-23,2021-03-22,847.67,859.13,11.46,1.3519,up,1.0
day_over_day,DJTA,2021-03-24,2021-03-23,13906.55,14051.15,144.6,1.0398,up,1.0
day_over_day,DJTA,2021-03-25,2021-03-24,14051.15,14278.04,226.89,1.6147,up,1.0
day_over_day,DJCA,2021-03-26,2021-03-25,10886.73,11052.32,165.59,1.521,up,1.0
day_over_day,DJIA,2021-03-26,2021-03-25,32619.48,33072.88,453.4,1.39,up,1.0
day_over_day,DJTA,2021-03-26,2021-03-25,14278.04,14605.79,327.75,2.2955,up,1.0
day_over_day,SP500,2021-03-26,2021-03-25,3909.52,3974.54,65.02,1.6631,up,1.5
day_over_day,DJTA,2021-03-30,2021-03-29,14527.41,14726.57,199.16,1.3709,up,1.0
week_over_week,DJTA,2021-03-30,2021-03-23,13906.55,14726.57,820.02,5.8966,up,5.0
day_over_day,DJCA,2021-04-05,2021-04-01,11108.27,11229.33,121.06,1.0898,up,1.0
day_over_day,DJIA,2021-04-05,2021-04-01,33153.21,33527.19,373.98,1.128,up,1.0
day_over_day,DJUA,2021-04-05,2021-04-01,879.51,889.88,10.37,1.1791,up,1.0
day_over_day,DJUA,2021-04-13,2021-04-12,892.01,902.59,10.58,1.1861,up,1.0
day_over_day,DJUA,2021-04-15,2021-04-14,907.34,917.19,9.85,1.0856,up,1.0
day_over_day,DJUA,2021-04-20,2021-04-19,920.83,933.37,12.54,1.3618,up,1.0
day_over_day,DJTA,2021-04-23,2021-04-22,14920.95,15133.43,212.48,1.424,up,1.0
day_over_day,DJTA,2021-04-27,2021-04-26,15095.61,15312.66,217.05,1.4378,up,1.0
day_over_day,DJTA,2021-05-03,2021-04-30,15347.0,15618.6,271.6,1.7697,up,1.0
day_over_day,DJUA,2021-05-05,2021-05-04,917.25,902.3,-14.95,-1.6299,down,1.0
day_over_day,DJTA,2021-05-07,2021-05-06,15724.41,15943.3,218.89,1.392,up,1.0
day_over_day,DJUA,2021-05-10,2021-05-07,909.9,919.93,10.03,1.1023,up,1.0
day_over_day,DJCA,2021-05-11,2021-05-10,11738.22,11581.97,-156.25,-1.3311,down,1.0
day_over_day,DJIA,2021-05-11,2021-05-10,34742.82,34269.16,-473.66,-1.3633,down,1.0
day_over_day,DJTA,2021-05-11,2021-05-10,15929.46,15708.35,-221.11,-1.3881,down,1.0
day_over_day,DJUA,2021-05-11,2021-05-10,919.93,910.14,-9.79,-1.0642,down,1.0
day_over_day,DJCA,2021-05-12,2021-05-11,11581.97,11336.69,-245.28,-2.1178,down,1.0
day_over_day,DJIA,2021-05-12,2021-05-11,34269.16,33587.66,-681.5,-1.9887,down,1.0
day_over_day,DJTA,2021-05-12,2021-05-11,15708.35,15348.59,-359.76,-2.2902,down,1.0
day_over_day,DJUA,2021-05-12,2021-05-11,910.14,889.1,-21.04,-2.3117,down,1.0
day_over_day,SP500,2021-05-12,2021-05-11,4152.1,4063.04,-89.06,-2.1449,down,1.5
day_over_day,DJCA,2021-05-13,2021-05-12,11336.69,11523.53,186.84,1.6481,up,1.0
day_over_day,DJIA,2021-05-13,2021-05-12,33587.66,34021.45,433.79,1.2915,up,1.0
day_over_day,DJTA,2021-05-13,2021-05-12,15348.59,15701.99,353.4,2.3025,up,1.0
day_over_day,DJUA,2021-05-13,2021-05-12,889.1,905.11,16.01,1.8007,up,1.0
day_over_day,DJCA,2021-05-14,2021-05-13,11523.53,11644.37,120.84,1.0486,up,1.0
day_over_day,DJIA,2021-05-14,2021-05-13,34021.45,34382.13,360.68,1.0602,up,1.0
day_over_day,DJTA,2021-05-14,2021-05-13,15701.99,15917.46,215.47,1.3722,up,1.0
day_over_day,DJTA,2021-05-18,2021-05-17,15833.3,15642.98,-190.32,-1.202,down,1.0
day_over_day,DJUA,2021-05-25,2021-05-24,907.57,897.73,-9.84,-1.0842,down,1.0
day_over_day,DJTA,2021-06-09,2021-06-08,15480.78,15288.53,-192.25,-1.2419,down,1.0
day_over_day,DJTA,2021-06-16,2021-06-15,15305.39,15138.68,-166.71,-1.0892,down,1.0
day_over_day,DJUA,2021-06-16,2021-06-15,918.43,903.93,-14.5,-1.5788,down,1.0
day_over_day,DJTA,2021-06-17,2021-06-16,15138.68,14820.03,-318.65,-2.1049,down,1.0
day_over_day,DJCA,2021-06-18,2021-06-17,11302.4,11117.55,-184.85,-1.6355,down,1.0
day_over_day,DJIA,2021-06-18,2021-06-17,33823.45,33290.08,-533.37,-1.5769,down,1.0
day_over_day,DJTA,2021-06-18,2021-06-17,14820.03,14622.9,-197.13,-1.3302,down,1.0
day_over_day,DJUA,2021-06-18,2021-06-17,907.74,884.86,-22.88,-2.5205,down,1.0
day_over_day,DJCA,2021-06-21,2021-06-18,11117.55,11313.31,195.76,1.7608,up,1.0
day_over_day,DJIA,2021-06-21,2021-06-18,33290.08,33876.97,586.89,1.763,up,1.0
day_over_day,DJTA,2021-06-21,2021-06-18,14622.9,14907.64,284.74,1.9472,up,1.0
day_over_day,DJUA,2021-06-21,2021-06-18,884.86,896.92,12.06,1.3629,up,1.0
day_over_day,DJUA,2021-06-23,2021-06-22,890.32,880.12,-10.2,-1.1457,down,1.0
day_over_day,DJUA,2021-06-25,2021-06-24,878.97,889.07,10.1,1.1491,up,1.0
day_over_day,DJUA,2021-06-29,2021-06-28,893.21,878.16,-15.05,-1.6849,down,1.0
day_over_day,DJTA,2021-07-01,2021-06-30,14880.79,15077.58,196.79,1.3224,up,1.0
day_over_day,DJUA,2021-07-01,2021-06-30,876.07,885.16,9.09,1.0376,up,1.0
day_over_day,DJTA,2021-07-06,2021-07-02,15036.23,14884.99,-151.24,-1.0058,down,1.0
day_over_day,DJCA,2021-07-08,2021-07-07,11482.15,11321.73,-160.42,-1.3971,down,1.0
day_over_day,DJTA,2021-07-08,2021-07-07,14965.66,14475.22,-490.44,-3.2771,down,1.0
day_over_day,DJCA,2021-07-09,2021-07-08,11321.73,11490.9,169.17,1.4942,up,1.0
day_over_day,DJIA,2021-07-09,2021-07-08,34421.93,34870.16,448.23,1.3022,up,1.0
day_over_day,DJTA,2021-07-09,2021-07-08,14475.22,14842.77,367.55,2.5392,up,1.0
day_over_day,DJUA,2021-07-15,2021-07-14,896.49,906.73,10.24,1.1422,up,1.0
day_over_day,DJTA,2021-07-16,2021-07-15,14696.17,14491.91,-204.26,-1.3899,down,1.0
day_over_day,DJCA,2021-07-19,2021-07-16,11416.47,11199.55,-216.92,-1.9001,down,1.0
day_over_day,DJIA,2021-07-19,2021-07-16,34687.85,33962.04,-725.81,-2.0924,down,1.0
day_over_day,DJTA,2021-07-19,2021-07-16,14491.91,14264.26,-227.65,-1.5709,down,1.0
day_over_day,DJUA,2021-07-19,2021-07-16,914.61,899.18,-15.43,-1.6871,down,1.0
day_over_day,SP500,2021-07-19,2021-07-16,4327.16,4258.49,-68.67,-1.587,down,1.5
day_over_day,DJCA,2021-07-20,2021-07-19,11199.55,11372.93,173.38,1.5481,up,1.0
day_over_day,DJIA,2021-07-20,2021-07-19,33962.04,34511.99,549.95,1.6193,up,1.0
day_over_day,DJTA,2021-07-20,2021-07-19,14264.26,14548.31,284.05,1.9913,up,1.0
day_over_day,SP500,2021-07-20,2021-07-19,4258.49,4323.06,64.57,1.5163,up,1.5
day_over_day,DJUA,2021-07-21,2021-07-20,902.5,892.29,-10.21,-1.1313,down,1.0
day_over_day,DJUA,2021-07-23,2021-07-22,892.98,904.54,11.56,1.2945,up,1.0
day_over_day,DJTA,2021-07-27,2021-07-26,14772.7,14446.56,-326.14,-2.2077,down,1.0
day_over_day,DJUA,2021-07-27,2021-07-26,904.4,920.94,16.54,1.8288,up,1.0
day_over_day,DJUA,2021-07-30,2021-07-29,917.25,907.42,-9.83,-1.0717,down,1.0
day_over_day,DJTA,2021-08-03,2021-08-02,14376.86,14586.01,209.15,1.4548,up,1.0
day_over_day,DJCA,2021-08-04,2021-08-03,11531.06,11393.39,-137.67,-1.1939,down,1.0
day_over_day,DJTA,2021-08-04,2021-08-03,14586.01,14243.68,-342.33,-2.347,down,1.0
day_over_day,DJTA,2021-08-05,2021-08-04,14243.68,14422.91,179.23,1.2583,up,1.0
day_over_day,DJUA,2021-08-05,2021-08-04,919.19,930.75,11.56,1.2576,up,1.0
day_over_day,DJTA,2021-08-09,2021-08-06,14502.32,14333.58,-168.74,-1.1635,down,1.0
day_over_day,DJTA,2021-08-10,2021-08-09,14333.58,14601.75,268.17,1.8709,up,1.0
day_over_day,DJTA,2021-08-11,2021-08-10,14601.75,14867.42,265.67,1.8194,up,1.0
day_over_day,DJTA,2021-08-17,2021-08-16,14986.8,14825.14,-161.66,-1.0787,down,1.0
day_over_day,DJIA,2021-08-18,2021-08-17,35343.28,34960.69,-382.59,-1.0825,down,1.0
day_over_day,DJTA,2021-08-19,2021-08-18,14704.26,14520.14,-184.12,-1.2522,down,1.0
day_over_day,DJUA,2021-08-20,2021-08-19,940.96,950.75,9.79,1.0404,up,1.0
day_over_day,DJUA,2021-08-23,2021-08-20,950.75,939.44,-11.31,-1.1896,down,1.0
day_over_day,DJTA,2021-08-27,2021-08-26,14723.71,14905.0,181.29,1.2313,up,1.0
day_over_day,DJTA,2021-08-31,2021-08-30,14836.0,14661.48,-174.52,-1.1763,down,1.0
day_over_day,DJUA,2021-09-01,2021-08-31,934.3,945.37,11.07,1.1848,up,1.0
day_over_day,DJTA,2021-09-02,2021-09-01,14751.62,14910.52,158.9,1.0772,up,1.0
day_over_day,DJTA,2021-09-03,2021-09-02,14910.52,14751.62,-158.9,-1.0657,down,1.0
day_over_day,DJUA,2021-09-07,2021-09-03,944.93,932.26,-12.67,-1.3408,down,1.0
day_over_day,DJUA,2021-09-08,2021-09-07,932.26,949.12,16.86,1.8085,up,1.0
day_over_day,DJTA,2021-09-09,2021-09-08,14597.43,14442.54,-154.89,-1.0611,down,1.0
day_over_day,DJUA,2021-09-10,2021-09-09,944.08,929.14,-14.94,-1.5825,down,1.0
day_over_day,DJTA,2021-09-14,2021-09-13,14448.56,14285.46,-163.1,-1.1288,down,1.0
day_over_day,DJTA,2021-09-17,2021-09-16,14455.72,14267.96,-187.76,-1.2989,down,1.0
day_over_day,DJUA,2021-09-17,2021-09-16,916.73,903.8,-12.93,-1.4104,down,1.0
day_over_day,DJCA,2021-09-20,2021-09-17,11331.34,11170.27,-161.07,-1.4215,down,1.0
day_over_day,DJIA,2021-09-20,2021-09-17,34584.88,33970.47,-614.41,-1.7765,down,1.0
day_over_day,DJTA,2021-09-20,2021-09-17,14267.96,14096.07,-171.89,-1.2047,down,1.0
day_over_day,SP500,2021-09-20,2021-09-17,4432.99,4357.73,-75.26,-1.6977,down,1.5
day_over_day,DJCA,2021-09-23,2021-09-22,11201.54,11342.75,141.21,1.2606,up,1.0
day_over_day,DJIA,2021-09-23,2021-09-22,34258.32,34764.82,506.5,1.4785,up,1.0
day_over_day,DJTA,2021-09-23,2021-09-22,14000.78,14234.4,233.62,1.6686,up,1.0
day_over_day,DJUA,2021-09-27,2021-09-24,892.8,882.07,-10.73,-1.2018,down,1.0
day_over_day,DJCA,2021-09-28,2021-09-27,11393.63,11228.51,-165.12,-1.4492,down,1.0
day_over_day,DJIA,2021-09-28,2021-09-27,34869.37,34299.99,-569.38,-1.6329,down,1.0
day_over_day,DJTA,2021-09-28,2021-09-27,14473.72,14321.22,-152.5,-1.0536,down,1.0
day_over_day,DJUA,2021-09-28,2021-09-27,882.07,869.74,-12.33,-1.3978,down,1.0
day_over_day,SP500,2021-09-28,2021-09-27,4443.11,4352.63,-90.48,-2.0364,down,1.5
day_over_day,DJUA,2021-09-29,2021-09-28,869.74,882.29,12.55,1.443,up,1.0
day_over_day,DJCA,2021-09-30,2021-09-29,11251.51,11080.34,-171.17,-1.5213,down,1.0
day_over_day,DJIA,2021-09-30,2021-09-29,34390.72,33843.92,-546.8,-1.59,down,1.0
day_over_day,DJTA,2021-09-30,2021-09-29,14243.49,14002.42,-241.07,-1.6925,down,1.0
day_over_day,DJCA,2021-10-01,2021-09-30,11080.34,11224.3,143.96,1.2992,up,1.0
day_over_day,DJIA,2021-10-01,2021-09-30,33843.92,34326.46,482.54,1.4258,up,1.0
day_over_day,DJTA,2021-10-01,2021-09-30,14002.42,14250.71,248.29,1.7732,up,1.0
day_over_day,DJUA,2021-10-04,2021-10-01,872.82,885.7,12.88,1.4757,up,1.0
day_over_day,DJTA,2021-10-05,2021-10-04,14210.0,14461.74,251.74,1.7716,up,1.0
day_over_day,DJUA,2021-10-06,2021-10-05,884.12,896.25,12.13,1.372,up,1.0
day_over_day,DJUA,2021-10-11,2021-10-08,884.7,874.63,-10.07,-1.1382,down,1.0
day_over_day,DJUA,2021-10-13,2021-10-12,879.4,890.14,10.74,1.2213,up,1.0
day_over_day,DJCA,2021-10-14,2021-10-13,11359.19,11530.15,170.96,1.505,up,1.0
day_over_day,DJIA,2021-10-14,2021-10-13,34377.81,34912.56,534.75,1.5555,up,1.0
day_over_day,DJTA,2021-10-14,2021-10-13,14710.53,14943.39,232.86,1.5829,up,1.0
day_over_day,DJUA,2021-10-14,2021-10-13,890.14,900.09,9.95,1.1178,up,1.0
day_over_day,SP500,2021-10-14,2021-10-13,4363.8,4438.26,74.46,1.7063,up,1.5
day_over_day,DJCA,2021-10-15,2021-10-14,11530.15,11654.47,124.32,1.0782,up,1.0
day_over_day,DJIA,2021-10-15,2021-10-14,34912.56,35294.76,382.2,1.0947,up,1.0
day_over_day,DJTA,2021-10-15,2021-10-14,14943.39,15190.68,247.29,1.6548,up,1.0
day_over_day,DJUA,2021-10-18,2021-10-15,898.54,889.48,-9.06,-1.0083,down,1.0
day_over_day,DJUA,2021-10-19,2021-10-18,889.48,902.25,12.77,1.4357,up,1.0
day_over_day,DJTA,2021-10-20,2021-10-19,15304.48,15461.68,157.2,1.0272,up,1.0
week_over_week,DJTA,2021-10-20,2021-10-13,14710.53,15461.68,751.15,5.1062,up,5.0
day_over_day,DJUA,2021-10-20,2021-10-19,902.25,916.16,13.91,1.5417,up,1.0
day_over_day,DJTA,2021-10-21,2021-10-20,15461.68,15617.13,155.45,1.0054,up,1.0
day_over_day,DJTA,2021-10-27,2021-10-26,15936.69,15723.52,-213.17,-1.3376,down,1.0
day_over_day,DJTA,2021-10-28,2021-10-27,15723.52,15921.69,198.17,1.2603,up,1.0
day_over_day,DJCA,2021-11-02,2021-11-01,11969.12,12229.4,260.28,2.1746,up,1.0
day_over_day,DJTA,2021-11-02,2021-11-01,15943.09,17039.38,1096.29,6.8763,up,1.0
week_over_week,DJTA,2021-11-02,2021-10-26,15936.69,17039.38,1102.69,6.9192,up,5.0
day_over_day,DJTA,2021-11-03,2021-11-02,17039.38,16860.98,-178.4,-1.047,down,1.0
week_over_week,DJTA,2021-11-03,2021-10-27,15723.52,16860.98,1137.46,7.2341,up,5.0
week_over_week,DJTA,2021-11-04,2021-10-28,15921.69,16733.13,811.44,5.0964,up,5.0
week_over_week,DJTA,2021-11-05,2021-10-29,15906.58,16843.98,937.4,5.8932,up,5.0
week_over_week,DJTA,2021-11-08,2021-11-01,15943.09,16890.4,947.31,5.9418,up,5.0
day_over_day,DJUA,2021-11-08,2021-11-05,918.63,907.0,-11.63,-1.266,down,1.0
day_over_day,DJTA,2021-11-09,2021-11-08,16890.4,16655.47,-234.93,-1.3909,down,1.0
day_over_day,DJUA,2021-11-15,2021-11-12,908.29,919.61,11.32,1.2463,up,1.0
day_over_day,DJTA,2021-11-17,2021-11-16,16791.41,16550.01,-241.4,-1.4376,down,1.0
day_over_day,DJTA,2021-11-22,2021-11-19,16517.46,16739.03,221.57,1.3414,up,1.0
day_over_day,DJCA,2021-11-26,2021-11-24,12135.99,11803.29,-332.7,-2.7414,down,1.0
day_over_day,DJIA,2021-11-26,2021-11-24,35804.38,34899.34,-905.04,-2.5277,down,1.0
day_over_day,DJTA,2021-11-26,2021-11-24,16826.22,16215.65,-610.57,-3.6287,down,1.0
day_over_day,DJUA,2021-11-26,2021-11-24,922.85,906.95,-15.9,-1.7229,down,1.0
day_over_day,SP500,2021-11-26,2021-11-24,4701.46,4594.62,-106.84,-2.2725,down,1.5
day_over_day,DJUA,2021-11-29,2021-11-26,906.95,920.57,13.62,1.5017,up,1.0
day_over_day,DJCA,2021-11-30,2021-11-29,11903.52,11621.08,-282.44,-2.3727,down,1.0
day_over_day,DJIA,2021-11-30,2021-11-29,35135.94,34483.72,-652.22,-1.8563,down,1.0
day_over_day,DJTA,2021-11-30,2021-11-29,16362.01,15843.15,-518.86,-3.1711,down,1.0
week_over_week,DJTA,2021-11-30,2021-11-23,16874.53,15843.15,-1031.38,-6.1121,down,5.0
day_over_day,DJUA,2021-11-30,2021-11-29,920.57,893.56,-27.01,-2.9341,down,1.0
day_over_day,SP500,2021-11-30,2021-11-29,4655.27,4567.0,-88.27,-1.8961,down,1.5
day_over_day,DJCA,2021-12-01,2021-11-30,11621.08,11455.34,-165.74,-1.4262,down,1.0
week_over_week,DJCA,2021-12-01,2021-11-24,12135.99,11455.34,-680.65,-5.6085,down,5.0
day_over_day,DJIA,2021-12-01,2021-11-30,34483.72,34022.04,-461.68,-1.3388,down,1.0
day_over_day,DJTA,2021-12-01,2021-11-30,15843.15,15493.55,-349.6,-2.2066,down,1.0
week_over_week,DJTA,2021-12-01,2021-11-24,16826.22,15493.55,-1332.67,-7.9202,down,5.0
day_over_day,DJCA,2021-12-02,2021-12-01,11455.34,11691.81,236.47,2.0643,up,1.0
day_over_day,DJIA,2021-12-02,2021-12-01,34022.04,34639.79,617.75,1.8157,up,1.0
day_over_day,DJTA,2021-12-02,2021-12-01,15493.55,15949.23,455.68,2.9411,up,1.0
week_over_week,DJTA,2021-12-02,2021-11-24,16826.22,15949.23,-876.99,-5.212,down,5.0
day_over_day,DJUA,2021-12-02,2021-12-01,892.49,904.1,11.61,1.3009,up,1.0
day_over_day,DJUA,2021-12-03,2021-12-02,904.1,914.03,9.93,1.0983,up,1.0
day_over_day,DJCA,2021-12-06,2021-12-03,11700.51,11925.4,224.89,1.9221,up,1.0
day_over_day,DJIA,2021-12-06,2021-12-03,34580.08,35227.03,646.95,1.8709,up,1.0
day_over_day,DJTA,2021-12-06,2021-12-03,15967.24,16327.63,360.39,2.2571,up,1.0
day_over_day,DJUA,2021-12-06,2021-12-03,914.03,927.09,13.06,1.4288,up,1.0
day_over_day,DJIA,2021-12-07,2021-12-06,35227.03,35719.43,492.4,1.3978,up,1.0
day_over_day,SP500,2021-12-07,2021-12-06,4591.67,4686.75,95.08,2.0707,up,1.5
week_over_week,DJCA,2021-12-08,2021-12-01,11455.34,12034.39,579.05,5.0548,up,5.0
week_over_week,DJIA,2021-12-08,2021-12-01,34022.04,35754.75,1732.71,5.0929,up,5.0
week_over_week,DJTA,2021-12-08,2021-12-01,15493.55,16304.8,811.25,5.236,up,5.0
day_over_day,DJTA,2021-12-13,2021-12-10,16404.67,16210.82,-193.85,-1.1817,down,1.0
day_over_day,DJUA,2021-12-13,2021-12-10,935.67,947.26,11.59,1.2387,up,1.0
day_over_day,DJTA,2021-12-14,2021-12-13,16210.82,16008.0,-202.82,-1.2511,down,1.0
day_over_day,DJCA,2021-12-15,2021-12-14,11946.79,12067.54,120.75,1.0107,up,1.0
day_over_day,DJIA,2021-12-15,2021-12-14,35544.18,35927.43,383.25,1.0782,up,1.0
day_over_day,DJUA,2021-12-15,2021-12-14,942.26,957.26,15.0,1.5919,up,1.0
day_over_day,SP500,2021-12-15,2021-12-14,4634.09,4709.85,75.76,1.6348,up,1.5
day_over_day,DJCA,2021-12-17,2021-12-16,12049.38,11886.94,-162.44,-1.3481,down,1.0
day_over_day,DJIA,2021-12-17,2021-12-16,35897.64,35365.44,-532.2,-1.4825,down,1.0
day_over_day,DJTA,2021-12-17,2021-12-16,16001.33,15828.97,-172.36,-1.0772,down,1.0
day_over_day,DJUA,2021-12-17,2021-12-16,962.87,950.07,-12.8,-1.3294,down,1.0
day_over_day,DJCA,2021-12-20,2021-12-17,11886.94,11753.69,-133.25,-1.121,down,1.0
day_over_day,DJIA,2021-12-20,2021-12-17,35365.44,34932.16,-433.28,-1.2252,down,1.0
day_over_day,DJTA,2021-12-20,2021-12-17,15828.97,15585.27,-243.7,-1.5396,down,1.0
day_over_day,DJCA,2021-12-21,2021-12-20,11753.69,11940.36,186.67,1.5882,up,1.0
day_over_day,DJIA,2021-12-21,2021-12-20,34932.16,35492.7,560.54,1.6047,up,1.0
day_over_day,DJTA,2021-12-21,2021-12-20,15585.27,15963.15,377.88,2.4246,up,1.0
day_over_day,SP500,2021-12-21,2021-12-20,4568.02,4649.23,81.21,1.7778,up,1.5
day_over_day,DJTA,2021-12-23,2021-12-22,15961.74,16186.96,225.22,1.411,up,1.0
day_over_day,DJTA,2021-12-27,2021-12-23,16186.96,16388.69,201.73,1.2463,up,1.0
week_over_week,DJTA,2021-12-27,2021-12-20,15585.27,16388.69,803.42,5.155,up,5.0
day_over_day,DJTA,2022-01-03,2021-12-31,16478.26,16302.79,-175.47,-1.0649,down,1.0
day_over_day,DJTA,2022-01-04,2022-01-03,16302.79,16579.59,276.8,1.6979,up,1.0
day_over_day,DJCA,2022-01-05,2022-01-04,12360.33,12232.56,-127.77,-1.0337,down,1.0
day_over_day,DJIA,2022-01-05,2022-01-04,36799.65,36407.11,-392.54,-1.0667,down,1.0
day_over_day,DJTA,2022-01-05,2022-01-04,16579.59,16344.15,-235.44,-1.4201,down,1.0
day_over_day,SP500,2022-01-05,2022-01-04,4793.54,4700.58,-92.96,-1.9393,down,1.5
day_over_day,DJTA,2022-01-10,2022-01-07,16268.77,16018.58,-250.19,-1.5379,down,1.0
day_over_day,DJUA,2022-01-11,2022-01-10,962.66,952.74,-9.92,-1.0305,down,1.0
day_over_day,DJCA,2022-01-18,2022-01-14,12015.33,11838.99,-176.34,-1.4676,down,1.0
day_over_day,DJIA,2022-01-18,2022-01-14,35911.81,35368.47,-543.34,-1.513,down,1.0
day_over_day,DJTA,2022-01-18,2022-01-14,15904.96,15657.47,-247.49,-1.5561,down,1.0
day_over_day,DJUA,2022-01-18,2022-01-14,953.07,942.76,-10.31,-1.0818,down,1.0
day_over_day,SP500,2022-01-18,2022-01-14,4662.85,4577.11,-85.74,-1.8388,down,1.5
day_over_day,DJCA,2022-01-21,2022-01-20,11686.78,11537.28,-149.5,-1.2792,down,1.0
day_over_day,DJIA,2022-01-21,2022-01-20,34715.39,34265.37,-450.02,-1.2963,down,1.0
day_over_day,DJTA,2022-01-21,2022-01-20,15521.64,15247.28,-274.36,-1.7676,down,1.0
day_over_day,SP500,2022-01-21,2022-01-20,4482.73,4397.94,-84.79,-1.8915,down,1.5
week_over_week,SP500,2022-01-21,2022-01-14,4662.85,4397.94,-264.91,-5.6813,down,5.0
day_over_day,DJTA,2022-01-24,2022-01-21,15247.28,15435.92,188.64,1.2372,up,1.0
day_over_day,DJUA,2022-01-24,2022-01-21,943.75,932.47,-11.28,-1.1952,down,1.0
week_over_week,SP500,2022-01-24,2022-01-14,4662.85,4410.13,-252.72,-5.4199,down,5.0
day_over_day,DJTA,2022-01-25,2022-01-24,15435.92,15181.39,-254.53,-1.6489,down,1.0
day_over_day,DJTA,2022-01-26,2022-01-25,15181.39,15028.61,-152.78,-1.0064,down,1.0
day_over_day,DJTA,2022-01-27,2022-01-26,15028.61,14809.93,-218.68,-1.4551,down,1.0
day_over_day,DJCA,2022-01-28,2022-01-27,11401.59,11581.05,179.46,1.574,up,1.0
day_over_day,DJIA,2022-01-28,2022-01-27,34160.78,34725.47,564.69,1.653,up,1.0
day_over_day,DJTA,2022-01-28,2022-01-27,14809.93,15048.62,238.69,1.6117,up,1.0
day_over_day,DJUA,2022-01-28,2022-01-27,930.25,941.03,10.78,1.1588,up,1.0
day_over_day,SP500,2022-01-28,2022-01-27,4326.51,4431.85,105.34,2.4348,up,1.5
day_over_day,DJCA,2022-01-31,2022-01-28,11581.05,11732.45,151.4,1.3073,up,1.0
day_over_day,DJIA,2022-01-31,2022-01-28,34725.47,35131.86,406.39,1.1703,up,1.0
day_over_day,DJTA,2022-01-31,2022-01-28,15048.62,15282.83,234.21,1.5564,up,1.0
day_over_day,DJUA,2022-01-31,2022-01-28,941.03,954.18,13.15,1.3974,up,1.0
day_over_day,SP500,2022-01-31,2022-01-28,4431.85,4515.55,83.7,1.8886,up,1.5
day_over_day,DJTA,2022-02-01,2022-01-31,15282.83,15610.48,327.65,2.1439,up,1.0
day_over_day,DJUA,2022-02-01,2022-01-31,954.18,942.61,-11.57,-1.2126,down,1.0
day_over_day,DJUA,2022-02-02,2022-02-01,942.61,955.23,12.62,1.3388,up,1.0
week_over_week,SP500,2022-02-02,2022-01-26,4349.93,4589.38,239.45,5.5047,up,5.0
day_over_day,DJCA,2022-02-03,2022-02-02,11928.45,11761.46,-166.99,-1.3999,down,1.0
day_over_day,DJIA,2022-02-03,2022-02-02,35629.33,35111.16,-518.17,-1.4543,down,1.0
day_over_day,DJTA,2022-02-03,2022-02-02,15739.82,15469.08,-270.74,-1.7201,down,1.0
day_over_day,SP500,2022-02-03,2022-02-02,4589.38,4477.44,-111.94,-2.4391,down,1.5
day_over_day,DJTA,2022-02-04,2022-02-03,15469.08,15214.31,-254.77,-1.647,down,1.0
day_over_day,DJIA,2022-02-08,2022-02-07,35091.13,35462.78,371.65,1.0591,up,1.0
day_over_day,DJTA,2022-02-08,2022-02-07,15192.95,15360.78,167.83,1.1047,up,1.0
day_over_day,DJCA,2022-02-09,2022-02-08,11799.77,11928.08,128.31,1.0874,up,1.0
day_over_day,DJTA,2022-02-09,2022-02-08,15360.78,15657.9,297.12,1.9343,up,1.0
day_over_day,DJCA,2022-02-10,2022-02-09,11928.08,11726.48,-201.6,-1.6901,down,1.0
day_over_day,DJIA,2022-02-10,2022-02-09,35768.06,35241.59,-526.47,-1.4719,down,1.0
day_over_day,DJTA,2022-02-10,2022-02-09,15657.9,15390.7,-267.2,-1.7065,down,1.0
day_over_day,DJUA,2022-02-10,2022-02-09,949.03,924.05,-24.98,-2.6322,down,1.0
day_over_day,SP500,2022-02-10,2022-02-09,4587.18,4504.08,-83.1,-1.8116,down,1.5
day_over_day,DJCA,2022-02-11,2022-02-10,11726.48,11545.87,-180.61,-1.5402,down,1.0
day_over_day,DJIA,2022-02-11,2022-02-10,35241.59,34738.06,-503.53,-1.4288,down,1.0
day_over_day,DJTA,2022-02-11,2022-02-10,15390.7,15000.22,-390.48,-2.5371,down,1.0
day_over_day,SP500,2022-02-11,2022-02-10,4504.08,4418.64,-85.44,-1.8969,down,1.5
day_over_day,DJIA,2022-02-15,2022-02-14,34566.17,34988.84,422.67,1.2228,up,1.0
day_over_day,SP500,2022-02-15,2022-02-14,4401.67,4471.07,69.4,1.5767,up,1.5
day_over_day,DJCA,2022-02-17,2022-02-16,11627.37,11445.61,-181.76,-1.5632,down,1.0
day_over_day,DJIA,2022-02-17,2022-02-16,34934.27,34312.03,-622.24,-1.7812,down,1.0
day_over_day,DJTA,2022-02-17,2022-02-16,15294.52,14999.06,-295.46,-1.9318,down,1.0
day_over_day,SP500,2022-02-17,2022-02-16,4475.01,4380.26,-94.75,-2.1173,down,1.5
day_over_day,DJCA,2022-02-22,2022-02-18,11395.14,11250.25,-144.89,-1.2715,down,1.0
day_over_day,DJIA,2022-02-22,2022-02-18,34079.18,33596.61,-482.57,-1.416,down,1.0
day_over_day,DJTA,2022-02-22,2022-02-18,14970.97,14734.98,-235.99,-1.5763,down,1.0
day_over_day,DJCA,2022-02-23,2022-02-22,11250.25,11091.16,-159.09,-1.4141,down,1.0
day_over_day,DJIA,2022-02-23,2022-02-22,33596.61,33131.76,-464.85,-1.3836,down,1.0
week_over_week,DJIA,2022-02-23,2022-02-16,34934.27,33131.76,-1802.51,-5.1597,down,5.0
day_over_day,DJTA,2022-02-23,2022-02-22,14734.98,14523.47,-211.51,-1.4354,down,1.0
week_over_week,DJTA,2022-02-23,2022-02-16,15294.52,14523.47,-771.05,-5.0413,down,5.0
day_over_day,DJUA,2022-02-23,2022-02-22,915.8,902.04,-13.76,-1.5025,down,1.0
day_over_day,SP500,2022-02-23,2022-02-22,4304.76,4225.5,-79.26,-1.8412,down,1.5
week_over_week,SP500,2022-02-23,2022-02-16,4475.01,4225.5,-249.51,-5.5756,down,5.0
day_over_day,DJTA,2022-02-24,2022-02-23,14523.47,14826.94,303.47,2.0895,up,1.0
day_over_day,DJCA,2022-02-25,2022-02-24,11179.31,11478.45,299.14,2.6758,up,1.0
day_over_day,DJIA,2022-02-25,2022-02-24,33223.83,34058.75,834.92,2.513,up,1.0
day_over_day,DJTA,2022-02-25,2022-02-24,14826.94,15207.21,380.27,2.5647,up,1.0
day_over_day,DJUA,2022-02-25,2022-02-24,905.49,938.25,32.76,3.6179,up,1.0
day_over_day,SP500,2022-02-25,2022-02-24,4288.7,4384.65,95.95,2.2373,up,1.5
day_over_day,DJCA,2022-03-01,2022-02-28,11465.86,11289.44,-176.42,-1.5387,down,1.0
day_over_day,DJIA,2022-03-01,2022-02-28,33892.6,33294.95,-597.65,-1.7634,down,1.0
day_over_day,DJTA,2022-03-01,2022-02-28,15268.45,15018.39,-250.06,-1.6378,down,1.0
day_over_day,SP500,2022-03-01,2022-02-28,4373.94,4306.26,-67.68,-1.5473,down,1.5
day_over_day,DJCA,2022-03-02,2022-03-01,11289.44,11509.75,220.31,1.9515,up,1.0
day_over_day,DJIA,2022-03-02,2022-03-01,33294.95,33891.35,596.4,1.7913,up,1.0
day_over_day,DJTA,2022-03-02,2022-03-01,15018.39,15413.34,394.95,2.6298,up,1.0
week_over_week,DJTA,2022-03-02,2022-02-23,14523.47,15413.34,889.87,6.1271,up,5.0
day_over_day,DJUA,2022-03-02,2022-03-01,939.0,950.64,11.64,1.2396,up,1.0
week_over_week,DJUA,2022-03-02,2022-02-23,902.04,950.64,48.6,5.3878,up,5.0
day_over_day,SP500,2022-03-02,2022-03-01,4306.26,4386.54,80.28,1.8643,up,1.5
day_over_day,DJUA,2022-03-03,2022-03-02,950.64,966.81,16.17,1.701,up,1.0
week_over_week,DJUA,2022-03-03,2022-02-24,905.49,966.81,61.32,6.772,up,5.0
day_over_day,DJUA,2022-03-04,2022-03-03,966.81,988.47,21.66,2.2404,up,1.0
week_over_week,DJUA,2022-03-04,2022-02-25,938.25,988.47,50.22,5.3525,up,5.0
day_over_day,DJCA,2022-03-07,2022-03-04,11513.67,11242.94,-270.73,-2.3514,down,1.0
day_over_day,DJIA,2022-03-07,2022-03-04,33614.8,32817.38,-797.42,-2.3722,down,1.0
day_over_day,DJTA,2022-03-07,2022-03-04,15392.41,14792.96,-599.45,-3.8945,down,1.0
week_over_week,DJUA,2022-03-07,2022-02-28,942.54,996.4,53.86,5.7143,up,5.0
day_over_day,SP500,2022-03-07,2022-03-04,4328.87,4201.09,-127.78,-2.9518,down,1.5
day_over_day,DJUA,2022-03-08,2022-03-07,996.4,979.67,-16.73,-1.679,down,1.0
day_over_day,DJCA,2022-03-09,2022-03-08,11166.9,11372.35,205.45,1.8398,up,1.0
day_over_day,DJIA,2022-03-09,2022-03-08,32632.64,33286.25,653.61,2.0029,up,1.0
day_over_day,DJTA,2022-03-09,2022-03-08,14736.6,15142.78,406.18,2.7563,up,1.0
day_over_day,SP500,2022-03-09,2022-03-08,4170.7,4277.88,107.18,2.5698,up,1.5
day_over_day,DJTA,2022-03-10,2022-03-09,15142.78,15322.05,179.27,1.1839,up,1.0
day_over_day,DJCA,2022-03-15,2022-03-14,11307.11,11526.14,219.03,1.9371,up,1.0
day_over_day,DJIA,2022-03-15,2022-03-14,32945.24,33544.34,599.1,1.8185,up,1.0
day_over_day,DJTA,2022-03-15,2022-03-14,15131.09,15519.07,387.98,2.5641,up,1.0
week_over_week,DJTA,2022-03-15,2022-03-08,14736.6,15519.07,782.47,5.3097,up,5.0
day_over_day,DJUA,2022-03-15,2022-03-14,976.73,988.17,11.44,1.1713,up,1.0
day_over_day,SP500,2022-03-15,2022-03-14,4173.11,4262.45,89.34,2.1408,up,1.5
day_over_day,DJCA,2022-03-16,2022-03-15,11526.14,11804.66,278.52,2.4164,up,1.0
day_over_day,DJIA,2022-03-16,2022-03-15,33544.34,34063.1,518.76,1.5465,up,1.0
day_over_day,DJTA,2022-03-16,2022-03-15,15519.07,16373.45,854.38,5.5054,up,1.0
week_over_week,DJTA,2022-03-16,2022-03-09,15142.78,16373.45,1230.67,8.1271,up,5.0
day_over_day,SP500,2022-03-16,2022-03-15,4262.45,4357.86,95.41,2.2384,up,1.5
day_over_day,DJCA,2022-03-17,2022-03-16,11804.66,11940.31,135.65,1.1491,up,1.0
day_over_day,DJIA,2022-03-17,2022-03-16,34063.1,34480.76,417.66,1.2261,up,1.0
day_over_day,DJTA,2022-03-17,2022-03-16,16373.45,16583.44,209.99,1.2825,up,1.0
week_over_week,DJTA,2022-03-17,2022-03-10,15322.05,16583.44,1261.39,8.2325,up,5.0
week_over_week,DJCA,2022-03-18,2022-03-11,11331.73,11963.15,631.42,5.5721,up,5.0
week_over_week,DJIA,2022-03-18,2022-03-11,32944.19,34754.93,1810.74,5.4964,up,5.0
week_over_week,DJTA,2022-03-18,2022-03-11,15232.97,16497.72,1264.75,8.3027,up,5.0
week_over_week,SP500,2022-03-18,2022-03-11,4204.31,4463.12,258.81,6.1558,up,5.0
week_over_week,DJCA,2022-03-21,2022-03-14,11307.11,11909.45,602.34,5.3271,up,5.0
week_over_week,DJTA,2022-03-21,2022-03-14,15131.09,16371.56,1240.47,8.1982,up,5.0
week_over_week,SP500,2022-03-21,2022-03-14,4173.11,4461.18,288.07,6.903,up,5.0
week_over_week,DJTA,2022-03-22,2022-03-15,15519.07,16513.57,994.5,6.4082,up,5.0
week_over_week,SP500,2022-03-22,2022-03-15,4262.45,4511.61,249.16,5.8455,up,5.0
day_over_day,DJCA,2022-03-23,2022-03-22,11987.9,11839.16,-148.74,-1.2408,down,1.0
day_over_day,DJIA,2022-03-23,2022-03-22,34807.46,34358.5,-448.96,-1.2898,down,1.0
day_over_day,DJTA,2022-03-23,2022-03-22,16513.57,16214.13,-299.44,-1.8133,down,1.0
day_over_day,DJIA,2022-03-24,2022-03-23,34358.5,34707.94,349.44,1.017,up,1.0
day_over_day,DJUA,2022-03-25,2022-03-24,1000.82,1016.64,15.82,1.5807,up,1.0
day_over_day,DJCA,2022-03-29,2022-03-28,12064.19,12199.42,135.23,1.1209,up,1.0
day_over_day,DJTA,2022-03-29,2022-03-28,16482.79,16718.54,235.75,1.4303,up,1.0
day_over_day,DJUA,2022-03-29,2022-03-28,1022.03,1033.32,11.29,1.1047,up,1.0
day_over_day,DJTA,2022-03-30,2022-03-29,16718.54,16546.85,-171.69,-1.0269,down,1.0
week_over_week,DJUA,2022-03-30,2022-03-23,991.53,1042.1,50.57,5.1002,up,5.0
day_over_day,DJCA,2022-03-31,2022-03-30,12164.73,12000.32,-164.41,-1.3515,down,1.0
day_over_day,DJIA,2022-03-31,2022-03-30,35228.81,34678.35,-550.46,-1.5625,down,1.0
day_over_day,DJTA,2022-03-31,2022-03-30,16546.85,16283.02,-263.83,-1.5944,down,1.0
day_over_day,SP500,2022-03-31,2022-03-30,4602.45,4530.41,-72.04,-1.5653,down,1.5
day_over_day,DJTA,2022-04-01,2022-03-31,16283.02,15511.3,-771.72,-4.7394,down,1.0
week_over_week,DJTA,2022-04-01,2022-03-25,16386.12,15511.3,-874.82,-5.3388,down,5.0
day_over_day,DJUA,2022-04-01,2022-03-31,1041.96,1057.27,15.31,1.4693,up,1.0
week_over_week,DJTA,2022-04-04,2022-03-28,16482.79,15500.96,-981.83,-5.9567,down,5.0
day_over_day,DJUA,2022-04-04,2022-04-01,1057.27,1045.75,-11.52,-1.0896,down,1.0
day_over_day,DJCA,2022-04-05,2022-04-04,11888.79,11749.31,-139.48,-1.1732,down,1.0
day_over_day,DJTA,2022-04-05,2022-04-04,15500.96,15065.5,-435.46,-2.8092,down,1.0
week_over_week,DJTA,2022-04-05,2022-03-29,16718.54,15065.5,-1653.04,-9.8875,down,5.0
day_over_day,DJTA,2022-04-06,2022-04-05,15065.5,14562.62,-502.88,-3.338,down,1.0
week_over_week,DJTA,2022-04-06,2022-03-30,16546.85,14562.62,-1984.23,-11.9916,down,5.0
day_over_day,DJUA,2022-04-06,2022-04-05,1050.58,1070.93,20.35,1.937,up,1.0
week_over_week,DJTA,2022-04-07,2022-03-31,16283.02,14603.99,-1679.03,-10.3115,down,5.0
week_over_week,DJTA,2022-04-08,2022-04-01,15511.3,14470.72,-1040.58,-6.7085,down,5.0
day_over_day,DJIA,2022-04-11,2022-04-08,34721.12,34308.08,-413.04,-1.1896,down,1.0
week_over_week,DJTA,2022-04-11,2022-04-04,15500.96,14527.2,-973.76,-6.2819,down,5.0
day_over_day,DJUA,2022-04-11,2022-04-08,1070.84,1058.03,-12.81,-1.1963,down,1.0
day_over_day,SP500,2022-04-11,2022-04-08,4488.28,4412.53,-75.75,-1.6877,down,1.5
day_over_day,DJCA,2022-04-13,2022-04-12,11578.4,11705.33,126.93,1.0963,up,1.0
day_over_day,DJIA,2022-04-13,2022-04-12,34220.36,34564.59,344.23,1.0059,up,1.0
day_over_day,DJTA,2022-04-13,2022-04-12,14558.16,14846.28,288.12,1.9791,up,1.0
day_over_day,DJCA,2022-04-19,2022-04-18,11654.6,11848.57,193.97,1.6643,up,1.0
day_over_day,DJIA,2022-04-19,2022-04-18,34411.69,34911.2,499.51,1.4516,up,1.0
day_over_day,DJTA,2022-04-19,2022-04-18,14798.43,15207.15,408.72,2.7619,up,1.0
day_over_day,SP500,2022-04-19,2022-04-18,4391.69,4462.21,70.52,1.6058,up,1.5
day_over_day,DJCA,2022-04-20,2022-04-19,11848.57,11971.09,122.52,1.034,up,1.0
day_over_day,DJTA,2022-04-20,2022-04-19,15207.15,15464.0,256.85,1.689,up,1.0
day_over_day,DJUA,2022-04-20,2022-04-19,1060.3,1071.75,11.45,1.0799,up,1.0
day_over_day,DJIA,2022-04-21,2022-04-20,35160.79,34792.76,-368.03,-1.0467,down,1.0
day_over_day,DJUA,2022-04-21,2022-04-20,1071.75,1059.39,-12.36,-1.1533,down,1.0
day_over_day,DJCA,2022-04-22,2022-04-21,11866.8,11573.38,-293.42,-2.4726,down,1.0
day_over_day,DJIA,2022-04-22,2022-04-21,34792.76,33811.4,-981.36,-2.8206,down,1.0
day_over_day,DJTA,2022-04-22,2022-04-21,15410.22,15067.34,-342.88,-2.225,down,1.0
day_over_day,DJUA,2022-04-22,2022-04-21,1059.39,1042.69,-16.7,-1.5764,down,1.0
day_over_day,SP500,2022-04-22,2022-04-21,4393.66,4271.78,-121.88,-2.774,down,1.5
day_over_day,DJTA,2022-04-25,2022-04-22,15067.34,15232.42,165.08,1.0956,up,1.0
day_over_day,DJCA,2022-04-26,2022-04-25,11639.4,11360.0,-279.4,-2.4005,down,1.0
day_over_day,DJIA,2022-04-26,2022-04-25,34049.46,33240.18,-809.28,-2.3768,down,1.0
day_over_day,DJTA,2022-04-26,2022-04-25,15232.42,14748.01,-484.41,-3.1801,down,1.0
day_over_day,DJUA,2022-04-26,2022-04-25,1033.17,1022.58,-10.59,-1.025,down,1.0
day_over_day,SP500,2022-04-26,2022-04-25,4296.12,4175.2,-120.92,-2.8146,down,1.5
week_over_week,SP500,2022-04-26,2022-04-19,4462.21,4175.2,-287.01,-6.432,down,5.0
week_over_week,DJIA,2022-04-27,2022-04-20,35160.79,33301.93,-1858.86,-5.2867,down,5.0
day_over_day,DJTA,2022-04-27,2022-04-26,14748.01,14932.79,184.78,1.2529,up,1.0
week_over_week,DJUA,2022-04-27,2022-04-20,1071.75,1016.95,-54.8,-5.1131,down,5.0
week_over_week,SP500,2022-04-27,2022-04-20,4459.45,4183.96,-275.49,-6.1777,down,5.0
day_over_day,DJCA,2022-04-28,2022-04-27,11401.96,11628.6,226.64,1.9877,up,1.0
day_over_day,DJIA,2022-04-28,2022-04-27,33301.93,33916.39,614.46,1.8451,up,1.0
day_over_day,DJTA,2022-04-28,2022-04-27,14932.79,15324.13,391.34,2.6207,up,1.0
day_over_day,DJUA,2022-04-28,2022-04-27,1016.95,1030.72,13.77,1.354,up,1.0
day_over_day,SP500,2022-04-28,2022-04-27,4183.96,4287.5,103.54,2.4747,up,1.5
day_over_day,DJCA,2022-04-29,2022-04-28,11628.6,11295.45,-333.15,-2.8649,down,1.0
day_over_day,DJIA,2022-04-29,2022-04-28,33916.39,32977.21,-939.18,-2.7691,down,1.0
day_over_day,DJTA,2022-04-29,2022-04-28,15324.13,14865.06,-459.07,-2.9957,down,1.0
day_over_day,DJUA,2022-04-29,2022-04-28,1030.72,999.9,-30.82,-2.9901,down,1.0
day_over_day,SP500,2022-04-29,2022-04-28,4287.5,4131.93,-155.57,-3.6285,down,1.5
day_over_day,DJUA,2022-05-02,2022-04-29,999.9,987.17,-12.73,-1.2731,down,1.0
day_over_day,DJTA,2022-05-03,2022-05-02,14910.71,15068.62,157.91,1.059,up,1.0
day_over_day,DJCA,2022-05-04,2022-05-03,11352.5,11669.2,316.7,2.7897,up,1.0
day_over_day,DJIA,2022-05-04,2022-05-03,33128.79,34061.06,932.27,2.8141,up,1.0
day_over_day,DJTA,2022-05-04,2022-05-03,15068.62,15533.38,464.76,3.0843,up,1.0
day_over_day,DJUA,2022-05-04,2022-05-03,990.31,1011.3,20.99,2.1195,up,1.0
day_over_day,SP500,2022-05-04,2022-05-03,4175.48,4300.17,124.69,2.9862,up,1.5
day_over_day,DJCA,2022-05-05,2022-05-04,11669.2,11343.25,-325.95,-2.7933,down,1.0
day_over_day,DJIA,2022-05-05,2022-05-04,34061.06,32997.97,-1063.09,-3.1211,down,1.0
day_over_day,DJTA,2022-05-05,2022-05-04,15533.38,15084.1,-449.28,-2.8924,down,1.0
day_over_day,DJUA,2022-05-05,2022-05-04,1011.3,998.27,-13.03,-1.2884,down,1.0
day_over_day,SP500,2022-05-05,2022-05-04,4300.17,4146.87,-153.3,-3.565,down,1.5
day_over_day,DJTA,2022-05-06,2022-05-05,15084.1,14900.85,-183.25,-1.2149,down,1.0
day_over_day,DJCA,2022-05-09,2022-05-06,11299.77,11064.85,-234.92,-2.079,down,1.0
day_over_day,DJIA,2022-05-09,2022-05-06,32899.37,32245.7,-653.67,-1.9869,down,1.0
day_over_day,DJTA,2022-05-09,2022-05-06,14900.85,14470.36,-430.49,-2.889,down,1.0
day_over_day,SP500,2022-05-09,2022-05-06,4123.34,3991.24,-132.1,-3.2037,down,1.5
day_over_day,DJUA,2022-05-10,2022-05-09,998.05,984.23,-13.82,-1.3847,down,1.0
week_over_week,DJCA,2022-05-11,2022-05-04,11669.2,10934.45,-734.75,-6.2965,down,5.0
day_over_day,DJIA,2022-05-11,2022-05-10,32160.74,31834.11,-326.63,-1.0156,down,1.0
week_over_week,DJIA,2022-05-11,2022-05-04,34061.06,31834.11,-2226.95,-6.5381,down,5.0
day_over_day,DJTA,2022-05-11,2022-05-10,14462.28,14291.09,-171.19,-1.1837,down,1.0
week_over_week,DJTA,2022-05-11,2022-05-04,15533.38,14291.09,-1242.29,-7.9976,down,5.0
day_over_day,SP500,2022-05-11,2022-05-10,4001.05,3935.18,-65.87,-1.6463,down,1.5
week_over_week,SP500,2022-05-11,2022-05-04,4300.17,3935.18,-364.99,-8.4878,down,5.0
week_over_week,DJTA,2022-05-12,2022-05-05,15084.1,14320.27,-763.83,-5.0638,down,5.0
week_over_week,SP500,2022-05-12,2022-05-05,4146.87,3930.08,-216.79,-5.2278,down,5.0
day_over_day,DJCA,2022-05-13,2022-05-12,10906.43,11043.44,137.01,1.2562,up,1.0
day_over_day,DJIA,2022-05-13,2022-05-12,31730.3,32196.66,466.36,1.4698,up,1.0
day_over_day,DJUA,2022-05-13,2022-05-12,982.84,992.74,9.9,1.0073,up,1.0
day_over_day,SP500,2022-05-13,2022-05-12,3930.08,4023.89,93.81,2.387,up,1.5
day_over_day,DJCA,2022-05-17,2022-05-16,11024.69,11218.49,193.8,1.7579,up,1.0
day_over_day,DJIA,2022-05-17,2022-05-16,32223.42,32654.59,431.17,1.3381,up,1.0
day_over_day,DJTA,2022-05-17,2022-05-16,14334.77,14787.91,453.14,3.1611,up,1.0
day_over_day,SP500,2022-05-17,2022-05-16,4008.01,4088.85,80.84,2.017,up,1.5
day_over_day,DJCA,2022-05-18,2022-05-17,11218.49,10740.62,-477.87,-4.2597,down,1.0
day_over_day,DJIA,2022-05-18,2022-05-17,32654.59,31490.07,-1164.52,-3.5662,down,1.0
day_over_day,DJTA,2022-05-18,2022-05-17,14787.91,13691.66,-1096.25,-7.4132,down,1.0
day_over_day,SP500,2022-05-18,2022-05-17,4088.85,3923.68,-165.17,-4.0395,down,1.5
day_over_day,DJTA,2022-05-19,2022-05-18,13691.66,13439.21,-252.45,-1.8438,down,1.0
week_over_week,DJTA,2022-05-19,2022-05-12,14320.27,13439.21,-881.06,-6.1525,down,5.0
week_over_week,DJTA,2022-05-20,2022-05-13,14456.41,13490.97,-965.44,-6.6783,down,5.0
day_over_day,DJCA,2022-05-23,2022-05-20,10651.86,10853.52,201.66,1.8932,up,1.0
day_over_day,DJIA,2022-05-23,2022-05-20,31261.9,31880.24,618.34,1.9779,up,1.0
day_over_day,DJTA,2022-05-23,2022-05-20,13490.97,13757.8,266.83,1.9778,up,1.0
day_over_day,DJUA,2022-05-23,2022-05-20,990.86,1005.02,14.16,1.4291,up,1.0
day_over_day,SP500,2022-05-23,2022-05-20,3901.36,3973.75,72.39,1.8555,up,1.5
day_over_day,DJTA,2022-05-24,2022-05-23,13757.8,13578.59,-179.21,-1.3026,down,1.0
week_over_week,DJTA,2022-05-24,2022-05-17,14787.91,13578.59,-1209.32,-8.1778,down,5.0
day_over_day,DJUA,2022-05-24,2022-05-23,1005.02,1022.36,17.34,1.7253,up,1.0
day_over_day,DJTA,2022-05-25,2022-05-24,13578.59,13743.97,165.38,1.2179,up,1.0
day_over_day,DJCA,2022-05-26,2022-05-25,10923.85,11112.01,188.16,1.7225,up,1.0
day_over_day,DJIA,2022-05-26,2022-05-25,32120.28,32637.19,516.91,1.6093,up,1.0
day_over_day,DJTA,2022-05-26,2022-05-25,13743.97,14141.67,397.7,2.8936,up,1.0
week_over_week,DJTA,2022-05-26,2022-05-19,13439.21,14141.67,702.46,5.2269,up,5.0
day_over_day,SP500,2022-05-26,2022-05-25,3978.73,4057.84,79.11,1.9883,up,1.5
day_over_day,DJCA,2022-05-27,2022-05-26,11112.01,11311.46,199.45,1.7949,up,1.0
week_over_week,DJCA,2022-05-27,2022-05-20,10651.86,11311.46,659.6,6.1923,up,5.0
day_over_day,DJIA,2022-05-27,2022-05-26,32637.19,33212.96,575.77,1.7642,up,1.0
week_over_week,DJIA,2022-05-27,2022-05-20,31261.9,33212.96,1951.06,6.241,up,5.0
day_over_day,DJTA,2022-05-27,2022-05-26,14141.67,14444.66,302.99,2.1425,up,1.0
week_over_week,DJTA,2022-05-27,2022-05-20,13490.97,14444.66,953.69,7.0691,up,5.0
day_over_day,DJUA,2022-05-27,2022-05-26,1022.04,1035.3,13.26,1.2974,up,1.0
day_over_day,SP500,2022-05-27,2022-05-26,4057.84,4158.24,100.4,2.4742,up,1.5
week_over_week,SP500,2022-05-27,2022-05-20,3901.36,4158.24,256.88,6.5844,up,5.0
week_over_week,DJTA,2022-05-31,2022-05-24,13578.59,14301.49,722.9,5.3238,up,5.0
day_over_day,DJUA,2022-05-31,2022-05-27,1035.3,1023.05,-12.25,-1.1832,down,1.0
day_over_day,DJCA,2022-06-02,2022-06-01,11156.36,11313.34,156.98,1.4071,up,1.0
day_over_day,DJIA,2022-06-02,2022-06-01,32813.23,33248.28,435.05,1.3258,up,1.0
day_over_day,DJTA,2022-06-02,2022-06-01,14195.09,14490.61,295.52,2.0818,up,1.0
day_over_day,SP500,2022-06-02,2022-06-01,4101.23,4176.82,75.59,1.8431,up,1.5
day_over_day,DJIA,2022-06-03,2022-06-02,33248.28,32899.7,-348.58,-1.0484,down,1.0
day_over_day,SP500,2022-06-03,2022-06-02,4176.82,4108.54,-68.28,-1.6347,down,1.5
day_over_day,DJCA,2022-06-08,2022-06-07,11324.23,11119.37,-204.86,-1.809,down,1.0
day_over_day,DJTA,2022-06-08,2022-06-07,14573.52,14017.83,-555.69,-3.813,down,1.0
day_over_day,DJUA,2022-06-08,2022-06-07,1030.43,1009.84,-20.59,-1.9982,down,1.0
day_over_day,DJCA,2022-06-09,2022-06-08,11119.37,10892.56,-226.81,-2.0398,down,1.0
day_over_day,DJIA,2022-06-09,2022-06-08,32910.9,32272.79,-638.11,-1.9389,down,1.0
day_over_day,DJTA,2022-06-09,2022-06-08,14017.83,13729.1,-288.73,-2.0597,down,1.0
week_over_week,DJTA,2022-06-09,2022-06-02,14490.61,13729.1,-761.51,-5.2552,down,5.0
day_over_day,DJUA,2022-06-09,2022-06-08,1009.84,985.66,-24.18,-2.3944,down,1.0
day_over_day,SP500,2022-06-09,2022-06-08,4115.77,4017.82,-97.95,-2.3799,down,1.5
day_over_day,DJCA,2022-06-10,2022-06-09,10892.56,10634.43,-258.13,-2.3698,down,1.0
week_over_week,DJCA,2022-06-10,2022-06-03,11225.01,10634.43,-590.58,-5.2613,down,5.0
day_over_day,DJIA,2022-06-10,2022-06-09,32272.79,31392.79,-880.0,-2.7268,down,1.0
day_over_day,DJTA,2022-06-10,2022-06-09,13729.1,13368.91,-360.19,-2.6236,down,1.0
week_over_week,DJTA,2022-06-10,2022-06-03,14444.84,13368.91,-1075.93,-7.4485,down,5.0
day_over_day,SP500,2022-06-10,2022-06-09,4017.82,3900.86,-116.96,-2.911,down,1.5
week_over_week,SP500,2022-06-10,2022-06-03,4108.54,3900.86,-207.68,-5.0548,down,5.0
day_over_day,DJCA,2022-06-13,2022-06-10,10634.43,10300.43,-334.0,-3.1407,down,1.0
week_over_week,DJCA,2022-06-13,2022-06-06,11255.23,10300.43,-954.8,-8.4832,down,5.0
day_over_day,DJIA,2022-06-13,2022-06-10,31392.79,30516.74,-876.05,-2.7906,down,1.0
week_over_week,DJIA,2022-06-13,2022-06-06,32915.78,30516.74,-2399.04,-7.2884,down,5.0
day_over_day,DJTA,2022-06-13,2022-06-10,13368.91,12963.86,-405.05,-3.0298,down,1.0
week_over_week,DJTA,2022-06-13,2022-06-06,14554.61,12963.86,-1590.75,-10.9295,down,5.0
day_over_day,DJUA,2022-06-13,2022-06-10,980.42,934.7,-45.72,-4.6633,down,1.0
week_over_week,DJUA,2022-06-13,2022-06-06,1022.6,934.7,-87.9,-8.5957,down,5.0
day_over_day,SP500,2022-06-13,2022-06-10,3900.86,3749.63,-151.23,-3.8768,down,1.5
week_over_week,SP500,2022-06-13,2022-06-06,4121.43,3749.63,-371.8,-9.0211,down,5.0
week_over_week,DJCA,2022-06-14,2022-06-07,11324.23,10288.15,-1036.08,-9.1492,down,5.0
week_over_week,DJIA,2022-06-14,2022-06-07,33180.14,30364.83,-2815.31,-8.4849,down,5.0
day_over_day,DJTA,2022-06-14,2022-06-13,12963.86,13239.19,275.33,2.1238,up,1.0
week_over_week,DJTA,2022-06-14,2022-06-07,14573.52,13239.19,-1334.33,-9.1559,down,5.0
day_over_day,DJUA,2022-06-14,2022-06-13,934.7,910.14,-24.56,-2.6276,down,1.0
week_over_week,DJUA,2022-06-14,2022-06-07,1030.43,910.14,-120.29,-11.6738,down,5.0
week_over_week,SP500,2022-06-14,2022-06-07,4160.68,3735.48,-425.2,-10.2195,down,5.0
week_over_week,DJCA,2022-06-15,2022-06-08,11119.37,10381.35,-738.02,-6.6372,down,5.0
day_over_day,DJIA,2022-06-15,2022-06-14,30364.83,30668.53,303.7,1.0002,up,1.0
week_over_week,DJIA,2022-06-15,2022-06-08,32910.9,30668.53,-2242.37,-6.8135,down,5.0
day_over_day,DJTA,2022-06-15,2022-06-14,13239.19,13379.74,140.55,1.0616,up,1.0
week_over_week,DJUA,2022-06-15,2022-06-08,1009.84,912.35,-97.49,-9.654,down,5.0
week_over_week,SP500,2022-06-15,2022-06-08,4115.77,3789.99,-325.78,-7.9154,down,5.0
day_over_day,DJCA,2022-06-16,2022-06-15,10381.35,10111.8,-269.55,-2.5965,down,1.0
week_over_week,DJCA,2022-06-16,2022-06-09,10892.56,10111.8,-780.76,-7.1678,down,5.0
day_over_day,DJIA,2022-06-16,2022-06-15,30668.53,29927.07,-741.46,-2.4177,down,1.0
week_over_week,DJIA,2022-06-16,2022-06-09,32272.79,29927.07,-2345.72,-7.2684,down,5.0
day_over_day,DJTA,2022-06-16,2022-06-15,13379.74,12924.52,-455.22,-3.4023,down,1.0
week_over_week,DJTA,2022-06-16,2022-06-09,13729.1,12924.52,-804.58,-5.8604,down,5.0
day_over_day,DJUA,2022-06-16,2022-06-15,912.35,895.93,-16.42,-1.7997,down,1.0
week_over_week,DJUA,2022-06-16,2022-06-09,985.66,895.93,-89.73,-9.1035,down,5.0
day_over_day,SP500,2022-06-16,2022-06-15,3789.99,3666.77,-123.22,-3.2512,down,1.5
week_over_week,SP500,2022-06-16,2022-06-09,4017.82,3666.77,-351.05,-8.7373,down,5.0
week_over_week,DJCA,2022-06-17,2022-06-10,10634.43,10078.81,-555.62,-5.2247,down,5.0
week_over_week,DJUA,2022-06-17,2022-06-10,980.42,887.72,-92.7,-9.4551,down,5.0
week_over_week,SP500,2022-06-17,2022-06-10,3900.86,3674.84,-226.02,-5.7941,down,5.0
day_over_day,DJCA,2022-06-21,2022-06-17,10078.81,10273.26,194.45,1.9293,up,1.0
day_over_day,DJIA,2022-06-21,2022-06-17,29888.78,30530.25,641.47,2.1462,up,1.0
day_over_day,DJTA,2022-06-21,2022-06-17,12868.6,13061.64,193.04,1.5001,up,1.0
day_over_day,DJUA,2022-06-21,2022-06-17,887.72,904.22,16.5,1.8587,up,1.0
day_over_day,SP500,2022-06-21,2022-06-17,3674.84,3764.79,89.95,2.4477,up,1.5
day_over_day,DJTA,2022-06-22,2022-06-21,13061.64,12914.85,-146.79,-1.1238,down,1.0
day_over_day,DJUA,2022-06-23,2022-06-22,912.38,935.74,23.36,2.5603,up,1.0
day_over_day,DJCA,2022-06-24,2022-06-23,10348.25,10649.23,300.98,2.9085,up,1.0
week_over_week,DJCA,2022-06-24,2022-06-17,10078.81,10649.23,570.42,5.6596,up,5.0
day_over_day,DJIA,2022-06-24,2022-06-23,30677.36,31500.68,823.32,2.6838,up,1.0
week_over_week,DJIA,2022-06-24,2022-06-17,29888.78,31500.68,1611.9,5.393,up,5.0
day_over_day,DJTA,2022-06-24,2022-06-23,13032.21,13548.3,516.09,3.9601,up,1.0
week_over_week,DJTA,2022-06-24,2022-06-17,12868.6,13548.3,679.7,5.2818,up,5.0
day_over_day,DJUA,2022-06-24,2022-06-23,935.74,953.63,17.89,1.9119,up,1.0
week_over_week,DJUA,2022-06-24,2022-06-17,887.72,953.63,65.91,7.4246,up,5.0
day_over_day,SP500,2022-06-24,2022-06-23,3795.73,3911.74,116.01,3.0563,up,1.5
week_over_week,SP500,2022-06-24,2022-06-17,3674.84,3911.74,236.9,6.4465,up,5.0
week_over_week,DJCA,2022-06-27,2022-06-17,10078.81,10642.55,563.74,5.5933,up,5.0
week_over_week,DJIA,2022-06-27,2022-06-17,29888.78,31438.26,1549.48,5.1842,up,5.0
week_over_week,DJTA,2022-06-27,2022-06-17,12868.6,13513.67,645.07,5.0127,up,5.0
week_over_week,DJUA,2022-06-27,2022-06-17,887.72,961.43,73.71,8.3033,up,5.0
week_over_week,SP500,2022-06-27,2022-06-17,3674.84,3900.11,225.27,6.1301,up,5.0
day_over_day,DJCA,2022-06-28,2022-06-27,10642.55,10490.54,-152.01,-1.4283,down,1.0
day_over_day,DJIA,2022-06-28,2022-06-27,31438.26,30946.99,-491.27,-1.5627,down,1.0
day_over_day,DJTA,2022-06-28,2022-06-27,13513.67,13280.43,-233.24,-1.726,down,1.0
week_over_week,DJUA,2022-06-28,2022-06-21,904.22,957.84,53.62,5.93,up,5.0
day_over_day,SP500,2022-06-28,2022-06-27,3900.11,3821.55,-78.56,-2.0143,down,1.5
week_over_week,DJUA,2022-06-29,2022-06-22,912.38,959.49,47.11,5.1634,up,5.0
day_over_day,DJUA,2022-06-30,2022-06-29,959.49,969.3,9.81,1.0224,up,1.0
day_over_day,DJCA,2022-07-01,2022-06-30,10449.61,10579.7,130.09,1.2449,up,1.0
day_over_day,DJIA,2022-07-01,2022-06-30,30775.43,31097.26,321.83,1.0457,up,1.0
day_over_day,DJTA,2022-07-01,2022-06-30,13156.9,13289.43,132.53,1.0073,up,1.0
day_over_day,DJUA,2022-07-01,2022-06-30,969.3,992.63,23.33,2.4069,up,1.0
day_over_day,DJUA,2022-07-05,2022-07-01,992.63,958.21,-34.42,-3.4676,down,1.0
day_over_day,DJUA,2022-07-06,2022-07-05,958.21,967.94,9.73,1.0154,up,1.0
day_over_day,DJCA,2022-07-07,2022-07-06,10510.19,10630.85,120.66,1.148,up,1.0
day_over_day,DJIA,2022-07-07,2022-07-06,31037.68,31384.55,346.87,1.1176,up,1.0
day_over_day,DJTA,2022-07-07,2022-07-06,13210.01,13467.84,257.83,1.9518,up,1.0
day_over_day,DJTA,2022-07-11,2022-07-08,13397.3,13245.74,-151.56,-1.1313,down,1.0
day_over_day,DJTA,2022-07-13,2022-07-12,13171.95,13001.06,-170.89,-1.2974,down,1.0
day_over_day,DJCA,2022-07-15,2022-07-14,10358.8,10552.03,193.23,1.8654,up,1.0
day_over_day,DJIA,2022-07-15,2022-07-14,30630.17,31288.26,658.09,2.1485,up,1.0
day_over_day,DJTA,2022-07-15,2022-07-14,12965.39,13212.21,246.82,1.9037,up,1.0
day_over_day,SP500,2022-07-15,2022-07-14,3790.38,3863.16,72.78,1.9201,up,1.5
day_over_day,DJUA,2022-07-18,2022-07-15,963.16,949.77,-13.39,-1.3902,down,1.0
day_over_day,DJCA,2022-07-19,2022-07-18,10502.06,10772.34,270.28,2.5736,up,1.0
day_over_day,DJIA,2022-07-19,2022-07-18,31072.61,31827.05,754.44,2.428,up,1.0
day_over_day,DJTA,2022-07-19,2022-07-18,13281.41,13796.65,515.24,3.8794,up,1.0
day_over_day,SP500,2022-07-19,2022-07-18,3830.85,3936.69,105.84,2.7628,up,1.5
week_over_week,DJTA,2022-07-20,2022-07-13,13001.06,13919.27,918.21,7.0626,up,5.0
day_over_day,DJUA,2022-07-20,2022-07-19,957.41,945.41,-12.0,-1.2534,down,1.0
week_over_week,DJTA,2022-07-21,2022-07-14,12965.39,13865.42,900.03,6.9418,up,5.0
week_over_week,SP500,2022-07-21,2022-07-14,3790.38,3998.95,208.57,5.5026,up,5.0
day_over_day,DJUA,2022-07-22,2022-07-21,948.95,960.95,12.0,1.2646,up,1.0
day_over_day,DJUA,2022-07-25,2022-07-22,960.95,974.75,13.8,1.4361,up,1.0
day_over_day,DJTA,2022-07-26,2022-07-25,13865.61,13614.14,-251.47,-1.8136,down,1.0
day_over_day,DJCA,2022-07-27,2022-07-26,10762.26,10899.92,137.66,1.2791,up,1.0
day_over_day,DJIA,2022-07-27,2022-07-26,31761.54,32197.59,436.05,1.3729,up,1.0
day_over_day,DJTA,2022-07-27,2022-07-26,13614.14,13847.01,232.87,1.7105,up,1.0
day_over_day,SP500,2022-07-27,2022-07-26,3921.05,4023.61,102.56,2.6156,up,1.5
day_over_day,DJCA,2022-07-28,2022-07-27,10899.92,11106.39,206.47,1.8942,up,1.0
day_over_day,DJIA,2022-07-28,2022-07-27,32197.59,32529.63,332.04,1.0313,up,1.0
day_over_day,DJTA,2022-07-28,2022-07-27,13847.01,14275.3,428.29,3.093,up,1.0
day_over_day,DJUA,2022-07-28,2022-07-27,983.96,1014.35,30.39,3.0885,up,1.0
week_over_week,DJUA,2022-07-28,2022-07-21,948.95,1014.35,65.4,6.8918,up,5.0
day_over_day,DJCA,2022-07-29,2022-07-28,11106.39,11255.48,149.09,1.3424,up,1.0
day_over_day,DJTA,2022-07-29,2022-07-28,14275.3,14609.0,333.7,2.3376,up,1.0
week_over_week,DJTA,2022-07-29,2022-07-22,13811.15,14609.0,797.85,5.7769,up,5.0
week_over_week,DJUA,2022-07-29,2022-07-22,960.95,1024.18,63.23,6.5799,up,5.0
week_over_week,DJTA,2022-08-01,2022-07-25,13865.61,14634.09,768.48,5.5423,up,5.0
week_over_week,DJUA,2022-08-01,2022-07-25,974.75,1023.91,49.16,5.0433,up,5.0
day_over_day,DJCA,2022-08-02,2022-08-01,11251.15,11090.43,-160.72,-1.4285,down,1.0
day_over_day,DJIA,2022-08-02,2022-08-01,32798.4,32396.17,-402.23,-1.2264,down,1.0
day_over_day,DJTA,2022-08-02,2022-08-01,14634.09,14283.93,-350.16,-2.3928,down,1.0
day_over_day,DJCA,2022-08-03,2022-08-02,11090.43,11213.01,122.58,1.1053,up,1.0
day_over_day,DJIA,2022-08-03,2022-08-02,32396.17,32812.5,416.33,1.2851,up,1.0
day_over_day,SP500,2022-08-03,2022-08-02,4091.19,4155.17,63.98,1.5638,up,1.5
day_over_day,DJCA,2022-08-10,2022-08-09,11222.63,11430.16,207.53,1.8492,up,1.0
day_over_day,DJIA,2022-08-10,2022-08-09,32774.41,33309.51,535.1,1.6327,up,1.0
day_over_day,DJTA,2022-08-10,2022-08-09,14525.67,14975.07,449.4,3.0938,up,1.0
day_over_day,SP500,2022-08-10,2022-08-09,4122.47,4210.24,87.77,2.1291,up,1.5
day_over_day,DJCA,2022-08-12,2022-08-11,11452.83,11578.43,125.6,1.0967,up,1.0
day_over_day,DJIA,2022-08-12,2022-08-11,33336.67,33761.05,424.38,1.273,up,1.0
day_over_day,DJUA,2022-08-12,2022-08-11,1025.65,1041.56,15.91,1.5512,up,1.0
day_over_day,SP500,2022-08-12,2022-08-11,4207.27,4280.15,72.88,1.7322,up,1.5
day_over_day,DJTA,2022-08-17,2022-08-16,15209.96,14915.48,-294.48,-1.9361,down,1.0
day_over_day,DJTA,2022-08-19,2022-08-18,15035.34,14771.75,-263.59,-1.7531,down,1.0
day_over_day,DJCA,2022-08-22,2022-08-19,11512.34,11311.44,-200.9,-1.7451,down,1.0
day_over_day,DJIA,2022-08-22,2022-08-19,33706.74,33063.61,-643.13,-1.908,down,1.0
day_over_day,DJTA,2022-08-22,2022-08-19,14771.75,14539.01,-232.74,-1.5756,down,1.0
day_over_day,DJUA,2022-08-22,2022-08-19,1056.06,1040.95,-15.11,-1.4308,down,1.0
day_over_day,SP500,2022-08-22,2022-08-19,4228.48,4137.99,-90.49,-2.14,down,1.5
day_over_day,DJCA,2022-08-25,2022-08-24,11322.3,11449.29,126.99,1.1216,up,1.0
day_over_day,DJTA,2022-08-25,2022-08-24,14703.11,14957.7,254.59,1.7315,up,1.0
day_over_day,DJCA,2022-08-26,2022-08-25,11449.29,11100.75,-348.54,-3.0442,down,1.0
day_over_day,DJIA,2022-08-26,2022-08-25,33291.78,32283.4,-1008.38,-3.0289,down,1.0
day_over_day,DJTA,2022-08-26,2022-08-25,14957.7,14380.23,-577.47,-3.8607,down,1.0
day_over_day,DJUA,2022-08-26,2022-08-25,1043.51,1026.74,-16.77,-1.6071,down,1.0
day_over_day,SP500,2022-08-26,2022-08-25,4199.12,4057.66,-141.46,-3.3688,down,1.5
day_over_day,DJTA,2022-08-29,2022-08-26,14380.23,14232.72,-147.51,-1.0258,down,1.0
day_over_day,DJCA,2022-08-30,2022-08-29,11040.78,10909.52,-131.26,-1.1889,down,1.0
day_over_day,DJTA,2022-08-30,2022-08-29,14232.72,14005.84,-226.88,-1.5941,down,1.0
day_over_day,DJUA,2022-08-30,2022-08-29,1031.3,1017.69,-13.61,-1.3197,down,1.0
day_over_day,DJTA,2022-08-31,2022-08-30,14005.84,13860.65,-145.19,-1.0366,down,1.0
week_over_week,DJTA,2022-08-31,2022-08-24,14703.11,13860.65,-842.46,-5.7298,down,5.0
week_over_week,DJCA,2022-09-01,2022-08-25,11449.29,10874.8,-574.49,-5.0177,down,5.0
week_over_week,DJTA,2022-09-01,2022-08-25,14957.7,13913.09,-1044.61,-6.9838,down,5.0
day_over_day,DJUA,2022-09-01,2022-08-31,1009.08,1024.55,15.47,1.5331,up,1.0
week_over_week,SP500,2022-09-01,2022-08-25,4199.12,3966.85,-232.27,-5.5314,down,5.0
day_over_day,DJCA,2022-09-02,2022-09-01,10874.8,10753.9,-120.9,-1.1117,down,1.0
day_over_day,DJIA,2022-09-02,2022-09-01,31656.42,31318.44,-337.98,-1.0677,down,1.0
day_over_day,DJTA,2022-09-02,2022-09-01,13913.09,13737.61,-175.48,-1.2613,down,1.0
day_over_day,DJUA,2022-09-02,2022-09-01,1024.55,1014.17,-10.38,-1.0131,down,1.0
day_over_day,DJCA,2022-09-07,2022-09-06,10703.46,10860.63,157.17,1.4684,up,1.0
day_over_day,DJIA,2022-09-07,2022-09-06,31145.3,31581.28,435.98,1.3998,up,1.0
day_over_day,DJUA,2022-09-07,2022-09-06,1013.63,1047.29,33.66,3.3207,up,1.0
day_over_day,SP500,2022-09-07,2022-09-06,3908.19,3979.87,71.68,1.8341,up,1.5
day_over_day,DJCA,2022-09-09,2022-09-08,10894.52,11046.3,151.78,1.3932,up,1.0
day_over_day,DJIA,2022-09-09,2022-09-08,31774.52,32151.71,377.19,1.1871,up,1.0
day_over_day,DJTA,2022-09-09,2022-09-08,13726.35,14060.91,334.56,2.4374,up,1.0
day_over_day,SP500,2022-09-09,2022-09-08,4006.18,4067.36,61.18,1.5271,up,1.5
day_over_day,DJTA,2022-09-12,2022-09-09,14060.91,14252.66,191.75,1.3637,up,1.0
day_over_day,DJUA,2022-09-12,2022-09-09,1050.33,1061.77,11.44,1.0892,up,1.0
day_over_day,DJCA,2022-09-13,2022-09-12,11151.08,10736.91,-414.17,-3.7142,down,1.0
day_over_day,DJIA,2022-09-13,2022-09-12,32381.34,31104.97,-1276.37,-3.9417,down,1.0
day_over_day,DJTA,2022-09-13,2022-09-12,14252.66,13712.34,-540.32,-3.791,down,1.0
day_over_day,DJUA,2022-09-13,2022-09-12,1061.77,1032.47,-29.3,-2.7595,down,1.0
day_over_day,SP500,2022-09-13,2022-09-12,4110.41,3932.69,-177.72,-4.3237,down,1.5
day_over_day,DJTA,2022-09-15,2022-09-14,13655.74,13510.73,-145.01,-1.0619,down,1.0
day_over_day,DJUA,2022-09-15,2022-09-14,1041.56,1015.98,-25.58,-2.4559,down,1.0
day_over_day,DJCA,2022-09-16,2022-09-15,10638.68,10460.85,-177.83,-1.6715,down,1.0
week_over_week,DJCA,2022-09-16,2022-09-09,11046.3,10460.85,-585.45,-5.3,down,5.0
day_over_day,DJTA,2022-09-16,2022-09-15,13510.73,12825.34,-685.39,-5.0729,down,1.0
week_over_week,DJTA,2022-09-16,2022-09-09,14060.91,12825.34,-1235.57,-8.7873,down,5.0
day_over_day,DJCA,2022-09-19,2022-09-16,10460.85,10572.09,111.24,1.0634,up,1.0
week_over_week,DJCA,2022-09-19,2022-09-12,11151.08,10572.09,-578.99,-5.1922,down,5.0
day_over_day,DJTA,2022-09-19,2022-09-16,12825.34,13075.1,249.76,1.9474,up,1.0
week_over_week,DJTA,2022-09-19,2022-09-12,14252.66,13075.1,-1177.56,-8.262,down,5.0
day_over_day,DJUA,2022-09-19,2022-09-16,1012.86,1024.62,11.76,1.1611,up,1.0
week_over_week,SP500,2022-09-19,2022-09-12,4110.41,3899.89,-210.52,-5.1216,down,5.0
day_over_day,DJCA,2022-09-20,2022-09-19,10572.09,10420.9,-151.19,-1.4301,down,1.0
day_over_day,DJIA,2022-09-20,2022-09-19,31019.68,30706.23,-313.45,-1.0105,down,1.0
day_over_day,DJTA,2022-09-20,2022-09-19,13075.1,12778.72,-296.38,-2.2668,down,1.0
week_over_week,DJTA,2022-09-20,2022-09-13,13712.34,12778.72,-933.62,-6.8086,down,5.0
day_over_day,DJUA,2022-09-20,2022-09-19,1024.62,1008.51,-16.11,-1.5723,down,1.0
day_over_day,DJCA,2022-09-21,2022-09-20,10420.9,10268.72,-152.18,-1.4603,down,1.0
day_over_day,DJIA,2022-09-21,2022-09-20,30706.23,30183.78,-522.45,-1.7014,down,1.0
day_over_day,DJTA,2022-09-21,2022-09-20,12778.72,12650.23,-128.49,-1.0055,down,1.0
week_over_week,DJTA,2022-09-21,2022-09-14,13655.74,12650.23,-1005.51,-7.3633,down,5.0
day_over_day,DJUA,2022-09-21,2022-09-20,1008.51,995.14,-13.37,-1.3257,down,1.0
day_over_day,SP500,2022-09-21,2022-09-20,3855.93,3789.93,-66.0,-1.7116,down,1.5
day_over_day,DJTA,2022-09-22,2022-09-21,12650.23,12355.26,-294.97,-2.3317,down,1.0
week_over_week,DJTA,2022-09-22,2022-09-15,13510.73,12355.26,-1155.47,-8.5522,down,5.0
day_over_day,DJCA,2022-09-23,2022-09-22,10178.14,10014.05,-164.09,-1.6122,down,1.0
day_over_day,DJIA,2022-09-23,2022-09-22,30076.68,29590.41,-486.27,-1.6168,down,1.0
day_over_day,DJTA,2022-09-23,2022-09-22,12355.26,12129.3,-225.96,-1.8289,down,1.0
week_over_week,DJTA,2022-09-23,2022-09-16,12825.34,12129.3,-696.04,-5.4271,down,5.0
day_over_day,DJUA,2022-09-23,2022-09-22,990.92,978.52,-12.4,-1.2514,down,1.0
day_over_day,SP500,2022-09-23,2022-09-22,3757.99,3693.23,-64.76,-1.7233,down,1.5
day_over_day,DJCA,2022-09-26,2022-09-23,10014.05,9880.16,-133.89,-1.337,down,1.0
week_over_week,DJCA,2022-09-26,2022-09-19,10572.09,9880.16,-691.93,-6.5449,down,5.0
day_over_day,DJIA,2022-09-26,2022-09-23,29590.41,29260.81,-329.6,-1.1139,down,1.0
week_over_week,DJIA,2022-09-26,2022-09-19,31019.68,29260.81,-1758.87,-5.6702,down,5.0
day_over_day,DJTA,2022-09-26,2022-09-23,12129.3,11999.4,-129.9,-1.071,down,1.0
week_over_week,DJTA,2022-09-26,2022-09-19,13075.1,11999.4,-1075.7,-8.2271,down,5.0
day_over_day,DJUA,2022-09-26,2022-09-23,978.52,953.48,-25.04,-2.559,down,1.0
week_over_week,DJUA,2022-09-26,2022-09-19,1024.62,953.48,-71.14,-6.9431,down,5.0
week_over_week,SP500,2022-09-26,2022-09-19,3899.89,3655.04,-244.85,-6.2784,down,5.0
week_over_week,DJCA,2022-09-27,2022-09-20,10420.9,9856.09,-564.81,-5.42,down,5.0
week_over_week,DJIA,2022-09-27,2022-09-20,30706.23,29134.99,-1571.24,-5.117,down,5.0
day_over_day,DJTA,2022-09-27,2022-09-26,11999.4,12153.35,153.95,1.283,up,1.0
day_over_day,DJUA,2022-09-27,2022-09-26,953.48,934.23,-19.25,-2.0189,down,1.0
week_over_week,DJUA,2022-09-27,2022-09-20,1008.51,934.23,-74.28,-7.3653,down,5.0
week_over_week,SP500,2022-09-27,2022-09-20,3855.93,3647.29,-208.64,-5.4109,down,5.0
day_over_day,DJCA,2022-09-28,2022-09-27,9856.09,10046.0,189.91,1.9268,up,1.0
day_over_day,DJIA,2022-09-28,2022-09-27,29134.99,29683.74,548.75,1.8835,up,1.0
day_over_day,DJTA,2022-09-28,2022-09-27,12153.35,12457.13,303.78,2.4996,up,1.0
day_over_day,DJUA,2022-09-28,2022-09-27,934.23,944.84,10.61,1.1357,up,1.0
week_over_week,DJUA,2022-09-28,2022-09-21,995.14,944.84,-50.3,-5.0546,down,5.0
day_over_day,SP500,2022-09-28,2022-09-27,3647.29,3719.04,71.75,1.9672,up,1.5
day_over_day,DJCA,2022-09-29,2022-09-28,10046.0,9849.26,-196.74,-1.9584,down,1.0
day_over_day,DJIA,2022-09-29,2022-09-28,29683.74,29225.61,-458.13,-1.5434,down,1.0
day_over_day,DJTA,2022-09-29,2022-09-28,12457.13,12257.91,-199.22,-1.5992,down,1.0
day_over_day,DJUA,2022-09-29,2022-09-28,944.84,906.0,-38.84,-4.1107,down,1.0
week_over_week,DJUA,2022-09-29,2022-09-22,990.92,906.0,-84.92,-8.5698,down,5.0
day_over_day,SP500,2022-09-29,2022-09-28,3719.04,3640.47,-78.57,-2.1126,down,1.5
day_over_day,DJCA,2022-09-30,2022-09-29,9849.26,9679.49,-169.77,-1.7237,down,1.0
day_over_day,DJIA,2022-09-30,2022-09-29,29225.61,28725.51,-500.1,-1.7112,down,1.0
day_over_day,DJTA,2022-09-30,2022-09-29,12257.91,12058.26,-199.65,-1.6287,down,1.0
day_over_day,DJUA,2022-09-30,2022-09-29,906.0,888.47,-17.53,-1.9349,down,1.0
week_over_week,DJUA,2022-09-30,2022-09-23,978.52,888.47,-90.05,-9.2027,down,5.0
day_over_day,SP500,2022-09-30,2022-09-29,3640.47,3585.62,-54.85,-1.5067,down,1.5
day_over_day,DJCA,2022-10-03,2022-09-30,9679.49,9959.9,280.41,2.897,up,1.0
day_over_day,DJIA,2022-10-03,2022-09-30,28725.51,29490.89,765.38,2.6645,up,1.0
day_over_day,DJTA,2022-10-03,2022-09-30,12058.26,12464.96,406.7,3.3728,up,1.0
day_over_day,DJUA,2022-10-03,2022-09-30,888.47,914.79,26.32,2.9624,up,1.0
day_over_day,SP500,2022-10-03,2022-09-30,3585.62,3678.43,92.81,2.5884,up,1.5
day_over_day,DJCA,2022-10-04,2022-10-03,9959.9,10248.89,288.99,2.9015,up,1.0
day_over_day,DJIA,2022-10-04,2022-10-03,29490.89,30316.32,825.43,2.7989,up,1.0
day_over_day,DJTA,2022-10-04,2022-10-03,12464.96,12918.37,453.41,3.6375,up,1.0
week_over_week,DJTA,2022-10-04,2022-09-27,12153.35,12918.37,765.02,6.2947,up,5.0
day_over_day,DJUA,2022-10-04,2022-10-03,914.79,933.2,18.41,2.0125,up,1.0
day_over_day,SP500,2022-10-04,2022-10-03,3678.43,3790.93,112.5,3.0584,up,1.5
day_over_day,DJUA,2022-10-05,2022-10-04,933.2,909.4,-23.8,-2.5504,down,1.0
day_over_day,DJCA,2022-10-06,2022-10-05,10187.31,10070.09,-117.22,-1.1506,down,1.0
day_over_day,DJIA,2022-10-06,2022-10-05,30273.87,29926.94,-346.93,-1.146,down,1.0
day_over_day,DJUA,2022-10-06,2022-10-05,909.4,881.75,-27.65,-3.0405,down,1.0
day_over_day,DJCA,2022-10-07,2022-10-06,10070.09,9839.15,-230.94,-2.2933,down,1.0
day_over_day,DJIA,2022-10-07,2022-10-06,29926.94,29296.79,-630.15,-2.1056,down,1.0
day_over_day,DJTA,2022-10-07,2022-10-06,12838.8,12477.32,-361.48,-2.8155,down,1.0
day_over_day,DJUA,2022-10-07,2022-10-06,881.75,863.43,-18.32,-2.0777,down,1.0
day_over_day,SP500,2022-10-07,2022-10-06,3744.52,3639.66,-104.86,-2.8004,down,1.5
week_over_week,DJUA,2022-10-10,2022-10-03,914.79,866.26,-48.53,-5.305,down,5.0
week_over_week,DJUA,2022-10-11,2022-10-04,933.2,866.66,-66.54,-7.1303,down,5.0
week_over_week,SP500,2022-10-11,2022-10-04,3790.93,3588.84,-202.09,-5.3309,down,5.0
day_over_day,DJUA,2022-10-12,2022-10-11,866.66,838.99,-27.67,-3.1927,down,1.0
week_over_week,DJUA,2022-10-12,2022-10-05,909.4,838.99,-70.41,-7.7425,down,5.0
week_over_week,SP500,2022-10-12,2022-10-05,3783.28,3577.03,-206.25,-5.4516,down,5.0
day_over_day,DJCA,2022-10-13,2022-10-12,9811.63,10037.01,225.38,2.2971,up,1.0
day_over_day,DJIA,2022-10-13,2022-10-12,29210.85,30038.72,827.87,2.8341,up,1.0
day_over_day,DJUA,2022-10-13,2022-10-12,838.99,860.61,21.62,2.5769,up,1.0
day_over_day,SP500,2022-10-13,2022-10-12,3577.03,3669.91,92.88,2.5966,up,1.5
day_over_day,DJCA,2022-10-14,2022-10-13,10037.01,9884.1,-152.91,-1.5235,down,1.0
day_over_day,DJIA,2022-10-14,2022-10-13,30038.72,29634.83,-403.89,-1.3446,down,1.0
day_over_day,DJTA,2022-10-14,2022-10-13,12744.39,12503.38,-241.01,-1.8911,down,1.0
day_over_day,DJUA,2022-10-14,2022-10-13,860.61,847.11,-13.5,-1.5687,down,1.0
day_over_day,SP500,2022-10-14,2022-10-13,3669.91,3583.07,-86.84,-2.3663,down,1.5
day_over_day,DJCA,2022-10-17,2022-10-14,9884.1,10086.17,202.07,2.0444,up,1.0
day_over_day,DJIA,2022-10-17,2022-10-14,29634.83,30185.82,550.99,1.8593,up,1.0
day_over_day,DJTA,2022-10-17,2022-10-14,12503.38,12801.54,298.16,2.3846,up,1.0
day_over_day,DJUA,2022-10-17,2022-10-14,847.11,865.5,18.39,2.1709,up,1.0
day_over_day,SP500,2022-10-17,2022-10-14,3583.07,3677.95,94.88,2.648,up,1.5
day_over_day,DJCA,2022-10-18,2022-10-17,10086.17,10212.87,126.7,1.2562,up,1.0
day_over_day,DJIA,2022-10-18,2022-10-17,30185.82,30523.8,337.98,1.1197,up,1.0
day_over_day,DJTA,2022-10-18,2022-10-17,12801.54,12974.81,173.27,1.3535,up,1.0
day_over_day,DJUA,2022-10-18,2022-10-17,865.5,879.66,14.16,1.636,up,1.0
day_over_day,DJTA,2022-10-19,2022-10-18,12974.81,12755.16,-219.65,-1.6929,down,1.0
day_over_day,DJCA,2022-10-20,2022-10-19,10132.08,10009.53,-122.55,-1.2095,down,1.0
day_over_day,DJTA,2022-10-20,2022-10-19,12755.16,12429.6,-325.56,-2.5524,down,1.0
day_over_day,DJUA,2022-10-20,2022-10-19,870.88,849.28,-21.6,-2.4802,down,1.0
day_over_day,DJCA,2022-10-21,2022-10-20,10009.53,10237.81,228.28,2.2806,up,1.0
day_over_day,DJIA,2022-10-21,2022-10-20,30333.59,31082.56,748.97,2.4691,up,1.0
day_over_day,DJTA,2022-10-21,2022-10-20,12429.6,12692.75,263.15,2.1171,up,1.0
day_over_day,DJUA,2022-10-21,2022-10-20,849.28,864.47,15.19,1.7886,up,1.0
day_over_day,SP500,2022-10-21,2022-10-20,3665.78,3752.75,86.97,2.3725,up,1.5
day_over_day,DJCA,2022-10-24,2022-10-21,10237.81,10411.63,173.82,1.6978,up,1.0
day_over_day,DJIA,2022-10-24,2022-10-21,31082.56,31499.62,417.06,1.3418,up,1.0
day_over_day,DJTA,2022-10-24,2022-10-21,12692.75,13066.16,373.41,2.9419,up,1.0
day_over_day,DJCA,2022-10-25,2022-10-24,10411.63,10543.85,132.22,1.2699,up,1.0
day_over_day,DJIA,2022-10-25,2022-10-24,31499.62,31836.74,337.12,1.0702,up,1.0
day_over_day,DJTA,2022-10-25,2022-10-24,13066.16,13246.66,180.5,1.3814,up,1.0
day_over_day,DJUA,2022-10-25,2022-10-24,872.1,888.77,16.67,1.9115,up,1.0
day_over_day,SP500,2022-10-25,2022-10-24,3797.34,3859.11,61.77,1.6267,up,1.5
day_over_day,DJTA,2022-10-26,2022-10-25,13246.66,13427.03,180.37,1.3616,up,1.0
week_over_week,DJTA,2022-10-26,2022-10-19,12755.16,13427.03,671.87,5.2674,up,5.0
week_over_week,DJCA,2022-10-27,2022-10-20,10009.53,10621.73,612.2,6.1162,up,5.0
week_over_week,DJIA,2022-10-27,2022-10-20,30333.59,32033.28,1699.69,5.6033,up,5.0
week_over_week,DJTA,2022-10-27,2022-10-20,12429.6,13369.09,939.49,7.5585,up,5.0
week_over_week,DJUA,2022-10-27,2022-10-20,849.28,896.78,47.5,5.593,up,5.0
day_over_day,DJCA,2022-10-28,2022-10-27,10621.73,10868.8,247.07,2.3261,up,1.0
week_over_week,DJCA,2022-10-28,2022-10-21,10237.81,10868.8,630.99,6.1633,up,5.0
day_over_day,DJIA,2022-10-28,2022-10-27,32033.28,32861.8,828.52,2.5864,up,1.0
week_over_week,DJIA,2022-10-28,2022-10-21,31082.56,32861.8,1779.24,5.7242,up,5.0
day_over_day,DJTA,2022-10-28,2022-10-27,13369.09,13574.98,205.89,1.54,up,1.0
week_over_week,DJTA,2022-10-28,2022-10-21,12692.75,13574.98,882.23,6.9507,up,5.0
day_over_day,DJUA,2022-10-28,2022-10-27,896.78,921.17,24.39,2.7197,up,1.0
week_over_week,DJUA,2022-10-28,2022-10-21,864.47,921.17,56.7,6.5589,up,5.0
day_over_day,SP500,2022-10-28,2022-10-27,3807.3,3901.06,93.76,2.4626,up,1.5
day_over_day,DJCA,2022-11-02,2022-11-01,10804.22,10599.02,-205.2,-1.8993,down,1.0
day_over_day,DJIA,2022-11-02,2022-11-01,32653.2,32147.76,-505.44,-1.5479,down,1.0
day_over_day,DJTA,2022-11-02,2022-11-01,13520.95,13094.43,-426.52,-3.1545,down,1.0
day_over_day,DJUA,2022-11-02,2022-11-01,913.87,904.59,-9.28,-1.0155,down,1.0
day_over_day,SP500,2022-11-02,2022-11-01,3856.1,3759.69,-96.41,-2.5002,down,1.5
day_over_day,DJCA,2022-11-04,2022-11-03,10596.48,10743.68,147.2,1.3891,up,1.0
day_over_day,DJIA,2022-11-04,2022-11-03,32001.25,32403.22,401.97,1.2561,up,1.0
day_over_day,DJTA,2022-11-04,2022-11-03,13200.71,13474.08,273.37,2.0709,up,1.0
day_over_day,DJCA,2022-11-07,2022-11-04,10743.68,10852.52,108.84,1.0131,up,1.0
day_over_day,DJIA,2022-11-07,2022-11-04,32403.22,32827.0,423.78,1.3078,up,1.0
day_over_day,DJTA,2022-11-07,2022-11-04,13474.08,13738.95,264.87,1.9658,up,1.0
day_over_day,DJUA,2022-11-07,2022-11-04,913.01,894.53,-18.48,-2.0241,down,1.0
day_over_day,DJIA,2022-11-08,2022-11-07,32827.0,33160.83,333.83,1.0169,up,1.0
day_over_day,DJCA,2022-11-09,2022-11-08,10955.13,10741.74,-213.39,-1.9479,down,1.0
day_over_day,DJIA,2022-11-09,2022-11-08,33160.83,32513.94,-646.89,-1.9508,down,1.0
day_over_day,DJTA,2022-11-09,2022-11-08,13844.62,13502.72,-341.9,-2.4696,down,1.0
day_over_day,SP500,2022-11-09,2022-11-08,3828.11,3748.57,-79.54,-2.0778,down,1.5
day_over_day,DJCA,2022-11-10,2022-11-09,10741.74,11210.28,468.54,4.3619,up,1.0
week_over_week,DJCA,2022-11-10,2022-11-03,10596.48,11210.28,613.8,5.7925,up,5.0
day_over_day,DJIA,2022-11-10,2022-11-09,32513.94,33715.37,1201.43,3.6951,up,1.0
week_over_week,DJIA,2022-11-10,2022-11-03,32001.25,33715.37,1714.12,5.3564,up,5.0
day_over_day,DJTA,2022-11-10,2022-11-09,13502.72,14253.4,750.68,5.5595,up,1.0
week_over_week,DJTA,2022-11-10,2022-11-03,13200.71,14253.4,1052.69,7.9745,up,5.0
day_over_day,DJUA,2022-11-10,2022-11-09,895.05,939.14,44.09,4.926,up,1.0
day_over_day,SP500,2022-11-10,2022-11-09,3748.57,3956.37,207.8,5.5434,up,1.5
week_over_week,SP500,2022-11-10,2022-11-03,3719.89,3956.37,236.48,6.3572,up,5.0
day_over_day,DJTA,2022-11-11,2022-11-10,14253.4,14554.55,301.15,2.1128,up,1.0
week_over_week,DJTA,2022-11-11,2022-11-04,13474.08,14554.55,1080.47,8.0189,up,5.0
day_over_day,DJUA,2022-11-11,2022-11-10,939.14,927.43,-11.71,-1.2469,down,1.0
week_over_week,SP500,2022-11-11,2022-11-04,3770.55,3992.93,222.38,5.8978,up,5.0
week_over_week,DJTA,2022-11-14,2022-11-07,13738.95,14532.58,793.63,5.7765,up,5.0
week_over_week,DJTA,2022-11-15,2022-11-08,13844.62,14617.02,772.4,5.5791,up,5.0
day_over_day,DJTA,2022-11-16,2022-11-15,14617.02,14306.93,-310.09,-2.1214,down,1.0
week_over_week,DJTA,2022-11-16,2022-11-09,13502.72,14306.93,804.21,5.9559,up,5.0
week_over_week,SP500,2022-11-16,2022-11-09,3748.57,3958.79,210.22,5.608,up,5.0
day_over_day,DJTA,2022-11-17,2022-11-16,14306.93,14159.91,-147.02,-1.0276,down,1.0
day_over_day,DJUA,2022-11-17,2022-11-16,935.51,918.18,-17.33,-1.8525,down,1.0
day_over_day,DJUA,2022-11-18,2022-11-17,918.18,939.33,21.15,2.3035,up,1.0
day_over_day,DJIA,2022-11-22,2022-11-21,33700.28,34098.1,397.82,1.1805,up,1.0
day_over_day,DJUA,2022-11-23,2022-11-22,953.0,965.64,12.64,1.3263,up,1.0
day_over_day,DJCA,2022-11-28,2022-11-25,11429.22,11251.49,-177.73,-1.555,down,1.0
day_over_day,DJIA,2022-11-28,2022-11-25,34347.03,33849.46,-497.57,-1.4487,down,1.0
day_over_day,DJTA,2022-11-28,2022-11-25,14442.58,14145.4,-297.18,-2.0577,down,1.0
day_over_day,DJUA,2022-11-28,2022-11-25,972.06,961.88,-10.18,-1.0473,down,1.0
day_over_day,SP500,2022-11-28,2022-11-25,4026.12,3963.94,-62.18,-1.5444,down,1.5
day_over_day,DJTA,2022-11-29,2022-11-28,14145.4,14370.08,224.68,1.5884,up,1.0
day_over_day,DJCA,2022-11-30,2022-11-29,11289.59,11536.08,246.49,2.1833,up,1.0
day_over_day,DJIA,2022-11-30,2022-11-29,33852.53,34589.77,737.24,2.1778,up,1.0
day_over_day,DJTA,2022-11-30,2022-11-29,14370.08,14649.2,279.12,1.9424,up,1.0
day_over_day,DJUA,2022-11-30,2022-11-29,955.79,981.3,25.51,2.669,up,1.0
day_over_day,SP500,2022-11-30,2022-11-29,3957.63,4080.11,122.48,3.0948,up,1.5
day_over_day,DJCA,2022-12-05,2022-12-02,11468.31,11263.95,-204.36,-1.782,down,1.0
day_over_day,DJIA,2022-12-05,2022-12-02,34429.88,33947.1,-482.78,-1.4022,down,1.0
day_over_day,DJTA,2022-12-05,2022-12-02,14520.96,14048.18,-472.78,-3.2558,down,1.0
day_over_day,SP500,2022-12-05,2022-12-02,4071.7,3998.84,-72.86,-1.7894,down,1.5
day_over_day,DJIA,2022-12-06,2022-12-05,33947.1,33596.34,-350.76,-1.0333,down,1.0
day_over_day,DJTA,2022-12-06,2022-12-05,14048.18,13898.1,-150.08,-1.0683,down,1.0
week_over_week,DJTA,2022-12-07,2022-11-30,14649.2,13767.89,-881.31,-6.0161,down,5.0
week_over_week,DJTA,2022-12-08,2022-12-01,14540.66,13809.74,-730.92,-5.0267,down,5.0
week_over_week,DJTA,2022-12-09,2022-12-02,14520.96,13762.82,-758.14,-5.221,down,5.0
day_over_day,DJCA,2022-12-12,2022-12-09,11117.66,11342.97,225.31,2.0266,up,1.0
day_over_day,DJIA,2022-12-12,2022-12-09,33476.46,34005.04,528.58,1.579,up,1.0
day_over_day,DJTA,2022-12-12,2022-12-09,13762.82,14180.04,417.22,3.0315,up,1.0
day_over_day,DJUA,2022-12-12,2022-12-09,974.31,994.16,19.85,2.0373,up,1.0
day_over_day,DJCA,2022-12-15,2022-12-14,11357.07,11103.14,-253.93,-2.2359,down,1.0
day_over_day,DJIA,2022-12-15,2022-12-14,33966.35,33202.22,-764.13,-2.2497,down,1.0
day_over_day,DJTA,2022-12-15,2022-12-14,14277.63,13889.77,-387.86,-2.7166,down,1.0
day_over_day,DJUA,2022-12-15,2022-12-14,994.79,981.87,-12.92,-1.2988,down,1.0
day_over_day,SP500,2022-12-15,2022-12-14,3995.32,3895.75,-99.57,-2.4922,down,1.5
day_over_day,DJCA,2022-12-16,2022-12-15,11103.14,10984.66,-118.48,-1.0671,down,1.0
day_over_day,DJTA,2022-12-16,2022-12-15,13889.77,13738.04,-151.73,-1.0924,down,1.0
day_over_day,DJUA,2022-12-16,2022-12-15,981.87,963.24,-18.63,-1.8974,down,1.0
day_over_day,DJTA,2022-12-19,2022-12-16,13738.04,13566.23,-171.81,-1.2506,down,1.0
day_over_day,DJTA,2022-12-20,2022-12-19,13566.23,13384.63,-181.6,-1.3386,down,1.0
week_over_week,DJTA,2022-12-20,2022-12-13,14191.91,13384.63,-807.28,-5.6883,down,5.0
day_over_day,DJCA,2022-12-21,2022-12-20,10888.0,11049.46,161.46,1.4829,up,1.0
day_over_day,DJIA,2022-12-21,2022-12-20,32849.74,33376.48,526.74,1.6035,up,1.0
day_over_day,DJTA,2022-12-21,2022-12-20,13384.63,13563.84,179.21,1.3389,up,1.0
day_over_day,DJUA,2022-12-21,2022-12-20,958.49,970.48,11.99,1.2509,up,1.0
day_over_day,DJIA,2022-12-22,2022-12-21,33376.48,33027.49,-348.99,-1.0456,down,1.0
day_over_day,DJTA,2022-12-22,2022-12-21,13563.84,13421.1,-142.74,-1.0524,down,1.0
day_over_day,DJTA,2022-12-23,2022-12-22,13421.1,13564.76,143.66,1.0704,up,1.0
day_over_day,DJCA,2022-12-28,2022-12-27,11035.54,10899.55,-135.99,-1.2323,down,1.0
day_over_day,DJIA,2022-12-28,2022-12-27,33241.56,32875.71,-365.85,-1.1006,down,1.0
day_over_day,DJTA,2022-12-28,2022-12-27,13530.31,13298.36,-231.95,-1.7143,down,1.0
day_over_day,DJCA,2022-12-29,2022-12-28,10899.55,11016.71,117.16,1.0749,up,1.0
day_over_day,DJIA,2022-12-29,2022-12-28,32875.71,33220.8,345.09,1.0497,up,1.0
day_over_day,DJTA,2022-12-29,2022-12-28,13298.36,13496.23,197.87,1.4879,up,1.0
day_over_day,SP500,2022-12-29,2022-12-28,3783.22,3849.28,66.06,1.7461,up,1.5
day_over_day,DJUA,2022-12-30,2022-12-29,977.83,967.4,-10.43,-1.0666,down,1.0
day_over_day,DJTA,2023-01-04,2023-01-03,13398.03,13628.09,230.06,1.7171,up,1.0
day_over_day,DJUA,2023-01-04,2023-01-03,970.68,980.42,9.74,1.0034,up,1.0
day_over_day,DJCA,2023-01-05,2023-01-04,11058.58,10914.74,-143.84,-1.3007,down,1.0
day_over_day,DJIA,2023-01-05,2023-01-04,33269.77,32930.08,-339.69,-1.021,down,1.0
day_over_day,DJTA,2023-01-05,2023-01-04,13628.09,13422.5,-205.59,-1.5086,down,1.0
day_over_day,DJUA,2023-01-05,2023-01-04,980.42,960.25,-20.17,-2.0573,down,1.0
day_over_day,DJCA,2023-01-06,2023-01-05,10914.74,11183.55,268.81,2.4628,up,1.0
day_over_day,DJIA,2023-01-06,2023-01-05,32930.08,33630.61,700.53,2.1273,up,1.0
day_over_day,DJTA,2023-01-06,2023-01-05,13422.5,13876.19,453.69,3.3801,up,1.0
day_over_day,DJUA,2023-01-06,2023-01-05,960.25,981.27,21.02,2.189,up,1.0
day_over_day,SP500,2023-01-06,2023-01-05,3808.1,3895.08,86.98,2.2841,up,1.5
day_over_day,DJTA,2023-01-09,2023-01-06,13876.19,14018.51,142.32,1.0256,up,1.0
day_over_day,DJCA,2023-01-11,2023-01-10,11252.95,11376.17,123.22,1.095,up,1.0
day_over_day,DJTA,2023-01-11,2023-01-10,14055.59,14304.24,248.65,1.769,up,1.0
day_over_day,DJUA,2023-01-11,2023-01-10,991.48,1002.11,10.63,1.0721,up,1.0
week_over_week,DJTA,2023-01-12,2023-01-05,13422.5,14403.18,980.68,7.3062,up,5.0
day_over_day,DJIA,2023-01-17,2023-01-13,34302.61,33910.85,-391.76,-1.1421,down,1.0
day_over_day,DJCA,2023-01-18,2023-01-17,11349.83,11174.03,-175.8,-1.5489,down,1.0
day_over_day,DJIA,2023-01-18,2023-01-17,33910.85,33296.96,-613.89,-1.8103,down,1.0
day_over_day,DJUA,2023-01-18,2023-01-17,986.74,961.52,-25.22,-2.5559,down,1.0
day_over_day,SP500,2023-01-18,2023-01-17,3990.97,3928.86,-62.11,-1.5563,down,1.5
day_over_day,DJTA,2023-01-19,2023-01-18,14295.61,14109.92,-185.69,-1.2989,down,1.0
day_over_day,DJCA,2023-01-20,2023-01-19,11071.27,11200.84,129.57,1.1703,up,1.0
day_over_day,DJIA,2023-01-20,2023-01-19,33044.56,33375.49,330.93,1.0015,up,1.0
day_over_day,DJTA,2023-01-20,2023-01-19,14109.92,14356.43,246.51,1.7471,up,1.0
day_over_day,SP500,2023-01-20,2023-01-19,3898.85,3972.61,73.76,1.8918,up,1.5
day_over_day,DJTA,2023-01-23,2023-01-20,14356.43,14570.03,213.6,1.4878,up,1.0
day_over_day,DJTA,2023-01-25,2023-01-24,14451.02,14291.45,-159.57,-1.1042,down,1.0
day_over_day,DJTA,2023-01-27,2023-01-26,14292.19,14483.33,191.14,1.3374,up,1.0
day_over_day,DJCA,2023-01-30,2023-01-27,11358.24,11231.62,-126.62,-1.1148,down,1.0
day_over_day,DJTA,2023-01-30,2023-01-27,14483.33,14157.09,-326.24,-2.2525,down,1.0
day_over_day,DJCA,2023-01-31,2023-01-30,11231.62,11419.76,188.14,1.6751,up,1.0
day_over_day,DJIA,2023-01-31,2023-01-30,33717.09,34086.04,368.95,1.0943,up,1.0
day_over_day,DJTA,2023-01-31,2023-01-30,14157.09,14648.34,491.25,3.47,up,1.0
day_over_day,DJCA,2023-02-01,2023-01-31,11419.76,11542.32,122.56,1.0732,up,1.0
day_over_day,DJTA,2023-02-01,2023-01-31,14648.34,15197.91,549.57,3.7518,up,1.0
week_over_week,DJTA,2023-02-01,2023-01-25,14291.45,15197.91,906.46,6.3427,up,5.0
day_over_day,DJTA,2023-02-02,2023-02-01,15197.91,15640.7,442.79,2.9135,up,1.0
week_over_week,DJTA,2023-02-02,2023-01-26,14292.19,15640.7,1348.51,9.4353,up,5.0
week_over_week,DJTA,2023-02-03,2023-01-27,14483.33,15518.21,1034.88,7.1453,up,5.0
day_over_day,DJUA,2023-02-03,2023-02-02,976.42,953.58,-22.84,-2.3392,down,1.0
week_over_week,DJTA,2023-02-06,2023-01-30,14157.09,15364.33,1207.24,8.5275,up,5.0
week_over_week,DJTA,2023-02-07,2023-01-31,14648.34,15489.82,841.48,5.7445,up,5.0
day_over_day,DJUA,2023-02-08,2023-02-07,958.18,941.58,-16.6,-1.7325,down,1.0
day_over_day,DJCA,2023-02-09,2023-02-08,11502.06,11361.21,-140.85,-1.2246,down,1.0
day_over_day,DJTA,2023-02-09,2023-02-08,15394.43,15067.95,-326.48,-2.1208,down,1.0
day_over_day,DJUA,2023-02-09,2023-02-08,941.58,927.91,-13.67,-1.4518,down,1.0
day_over_day,DJUA,2023-02-10,2023-02-09,927.91,945.77,17.86,1.9248,up,1.0
day_over_day,DJIA,2023-02-13,2023-02-10,33869.27,34245.93,376.66,1.1121,up,1.0
day_over_day,DJTA,2023-02-14,2023-02-13,15183.22,15351.85,168.63,1.1106,up,1.0
day_over_day,DJCA,2023-02-16,2023-02-15,11552.4,11415.97,-136.43,-1.181,down,1.0
day_over_day,DJIA,2023-02-16,2023-02-15,34128.05,33696.85,-431.2,-1.2635,down,1.0
day_over_day,DJTA,2023-02-16,2023-02-15,15399.33,15209.47,-189.86,-1.2329,down,1.0
day_over_day,DJUA,2023-02-17,2023-02-16,943.21,953.61,10.4,1.1026,up,1.0
day_over_day,DJCA,2023-02-21,2023-02-17,11443.16,11177.64,-265.52,-2.3203,down,1.0
day_over_day,DJIA,2023-02-21,2023-02-17,33826.69,33129.59,-697.1,-2.0608,down,1.0
day_over_day,DJTA,2023-02-21,2023-02-17,15135.87,14645.29,-490.58,-3.2412,down,1.0
day_over_day,DJUA,2023-02-21,2023-02-17,953.61,938.87,-14.74,-1.5457,down,1.0
day_over_day,SP500,2023-02-21,2023-02-17,4079.09,3997.34,-81.75,-2.0041,down,1.5
week_over_week,DJTA,2023-02-22,2023-02-15,15399.33,14553.39,-845.94,-5.4934,down,5.0
day_over_day,DJTA,2023-02-23,2023-02-22,14553.39,14707.94,154.55,1.062,up,1.0
day_over_day,DJIA,2023-02-24,2023-02-23,33153.91,32816.92,-336.99,-1.0164,down,1.0
day_over_day,DJTA,2023-02-27,2023-02-24,14629.01,14824.68,195.67,1.3375,up,1.0
day_over_day,DJUA,2023-02-28,2023-02-27,922.51,906.99,-15.52,-1.6824,down,1.0
day_over_day,DJUA,2023-03-01,2023-02-28,906.99,890.69,-16.3,-1.7972,down,1.0
day_over_day,DJCA,2023-03-02,2023-03-01,11031.18,11176.73,145.55,1.3194,up,1.0
day_over_day,DJIA,2023-03-02,2023-03-01,32661.84,33003.57,341.73,1.0463,up,1.0
day_over_day,DJTA,2023-03-02,2023-03-01,14765.51,15040.66,275.15,1.8635,up,1.0
day_over_day,DJUA,2023-03-02,2023-03-01,890.69,902.76,12.07,1.3551,up,1.0
day_over_day,DJCA,2023-03-03,2023-03-02,11176.73,11290.67,113.94,1.0194,up,1.0
day_over_day,DJIA,2023-03-03,2023-03-02,33003.57,33390.97,387.4,1.1738,up,1.0
day_over_day,DJUA,2023-03-03,2023-03-02,902.76,916.23,13.47,1.4921,up,1.0
day_over_day,SP500,2023-03-03,2023-03-02,3981.35,4045.64,64.29,1.6148,up,1.5
day_over_day,DJCA,2023-03-07,2023-03-06,11275.52,11095.96,-179.56,-1.5925,down,1.0
day_over_day,DJIA,2023-03-07,2023-03-06,33431.44,32856.46,-574.98,-1.7199,down,1.0
day_over_day,DJTA,2023-03-07,2023-03-06,14974.15,14786.56,-187.59,-1.2528,down,1.0
day_over_day,DJUA,2023-03-07,2023-03-06,920.07,903.97,-16.1,-1.7499,down,1.0
day_over_day,SP500,2023-03-07,2023-03-06,4048.42,3986.37,-62.05,-1.5327,down,1.5
day_over_day,DJCA,2023-03-09,2023-03-08,11114.22,10928.32,-185.9,-1.6726,down,1.0
day_over_day,DJIA,2023-03-09,2023-03-08,32798.4,32254.86,-543.54,-1.6572,down,1.0
day_over_day,DJTA,2023-03-09,2023-03-08,14866.41,14569.17,-297.24,-1.9994,down,1.0
day_over_day,DJUA,2023-03-09,2023-03-08,911.67,902.02,-9.65,-1.0585,down,1.0
day_over_day,SP500,2023-03-09,2023-03-08,3992.01,3918.32,-73.69,-1.8459,down,1.5
day_over_day,DJCA,2023-03-10,2023-03-09,10928.32,10760.09,-168.23,-1.5394,down,1.0
day_over_day,DJIA,2023-03-10,2023-03-09,32254.86,31909.64,-345.22,-1.0703,down,1.0
day_over_day,DJTA,2023-03-10,2023-03-09,14569.17,14209.01,-360.16,-2.4721,down,1.0
week_over_week,DJTA,2023-03-10,2023-03-03,15113.29,14209.01,-904.28,-5.9833,down,5.0
day_over_day,DJUA,2023-03-10,2023-03-09,902.02,887.55,-14.47,-1.6042,down,1.0
day_over_day,DJTA,2023-03-13,2023-03-10,14209.01,13974.7,-234.31,-1.649,down,1.0
week_over_week,DJTA,2023-03-13,2023-03-06,14974.15,13974.7,-999.45,-6.6745,down,5.0
day_over_day,DJUA,2023-03-13,2023-03-10,887.55,901.08,13.53,1.5244,up,1.0
day_over_day,DJIA,2023-03-14,2023-03-13,31819.14,32155.4,336.26,1.0568,up,1.0
week_over_week,DJTA,2023-03-14,2023-03-07,14786.56,13921.04,-865.52,-5.8534,down,5.0
day_over_day,DJUA,2023-03-14,2023-03-13,901.08,912.54,11.46,1.2718,up,1.0
day_over_day,SP500,2023-03-14,2023-03-13,3855.76,3919.29,63.53,1.6477,up,1.5
week_over_week,DJTA,2023-03-15,2023-03-08,14866.41,13787.6,-1078.81,-7.2567,down,5.0
day_over_day,DJUA,2023-03-15,2023-03-14,912.54,925.21,12.67,1.3884,up,1.0
day_over_day,DJCA,2023-03-16,2023-03-15,10726.35,10848.41,122.06,1.1379,up,1.0
day_over_day,DJIA,2023-03-16,2023-03-15,31874.57,32246.55,371.98,1.167,up,1.0
day_over_day,DJTA,2023-03-16,2023-03-15,13787.6,13964.48,176.88,1.2829,up,1.0
day_over_day,SP500,2023-03-16,2023-03-15,3891.93,3960.28,68.35,1.7562,up,1.5
day_over_day,DJCA,2023-03-17,2023-03-16,10848.41,10717.56,-130.85,-1.2062,down,1.0
day_over_day,DJIA,2023-03-17,2023-03-16,32246.55,31861.98,-384.57,-1.1926,down,1.0
day_over_day,DJTA,2023-03-17,2023-03-16,13964.48,13773.46,-191.02,-1.3679,down,1.0
day_over_day,DJIA,2023-03-20,2023-03-17,31861.98,32244.58,382.6,1.2008,up,1.0
day_over_day,DJTA,2023-03-21,2023-03-20,13764.71,13993.97,229.26,1.6656,up,1.0
day_over_day,DJUA,2023-03-21,2023-03-20,931.46,909.1,-22.36,-2.4005,down,1.0
day_over_day,DJCA,2023-03-22,2023-03-21,10878.32,10683.28,-195.04,-1.7929,down,1.0
day_over_day,DJIA,2023-03-22,2023-03-21,32560.6,32030.11,-530.49,-1.6292,down,1.0
day_over_day,DJTA,2023-03-22,2023-03-21,13993.97,13709.71,-284.26,-2.0313,down,1.0
day_over_day,DJUA,2023-03-22,2023-03-21,909.1,890.74,-18.36,-2.0196,down,1.0
day_over_day,SP500,2023-03-22,2023-03-21,4002.87,3936.97,-65.9,-1.6463,down,1.5
week_over_week,DJUA,2023-03-23,2023-03-16,932.09,882.54,-49.55,-5.316,down,5.0
day_over_day,DJUA,2023-03-24,2023-03-23,882.54,910.67,28.13,3.1874,up,1.0
day_over_day,DJTA,2023-03-27,2023-03-24,13706.59,13887.2,180.61,1.3177,up,1.0
day_over_day,DJCA,2023-03-29,2023-03-28,10841.45,10958.44,116.99,1.0791,up,1.0
day_over_day,DJUA,2023-03-29,2023-03-28,914.21,928.83,14.62,1.5992,up,1.0
week_over_week,DJUA,2023-03-30,2023-03-23,882.54,932.91,50.37,5.7074,up,5.0
day_over_day,DJCA,2023-03-31,2023-03-30,11005.23,11163.81,158.58,1.441,up,1.0
day_over_day,DJIA,2023-03-31,2023-03-30,32859.03,33274.15,415.12,1.2633,up,1.0
day_over_day,DJTA,2023-03-31,2023-03-30,14129.5,14438.66,309.16,2.188,up,1.0
week_over_week,DJTA,2023-03-31,2023-03-24,13706.59,14438.66,732.07,5.341,up,5.0
day_over_day,DJTA,2023-04-03,2023-03-31,14438.66,14281.3,-157.36,-1.0899,down,1.0
day_over_day,DJTA,2023-04-04,2023-04-03,14281.3,14025.97,-255.33,-1.7879,down,1.0
day_over_day,DJUA,2023-04-05,2023-04-04,938.84,963.46,24.62,2.6224,up,1.0
day_over_day,DJTA,2023-04-10,2023-04-06,13966.32,14197.66,231.34,1.6564,up,1.0
day_over_day,DJTA,2023-04-11,2023-04-10,14197.66,14360.78,163.12,1.1489,up,1.0
day_over_day,DJIA,2023-04-13,2023-04-12,33646.5,34029.69,383.19,1.1389,up,1.0
day_over_day,DJUA,2023-04-14,2023-04-13,968.58,956.47,-12.11,-1.2503,down,1.0
day_over_day,DJCA,2023-04-25,2023-04-24,11345.03,11167.69,-177.34,-1.5632,down,1.0
day_over_day,DJIA,2023-04-25,2023-04-24,33875.4,33530.83,-344.57,-1.0172,down,1.0
day_over_day,DJTA,2023-04-25,2023-04-24,14464.3,13940.01,-524.29,-3.6247,down,1.0
day_over_day,SP500,2023-04-25,2023-04-24,4137.04,4071.63,-65.41,-1.5811,down,1.5
day_over_day,DJCA,2023-04-26,2023-04-25,11167.69,10983.43,-184.26,-1.6499,down,1.0
day_over_day,DJTA,2023-04-26,2023-04-25,13940.01,13444.01,-496.0,-3.5581,down,1.0
week_over_week,DJTA,2023-04-26,2023-04-19,14434.87,13444.01,-990.86,-6.8644,down,5.0
day_over_day,DJUA,2023-04-26,2023-04-25,975.39,954.82,-20.57,-2.1089,down,1.0
day_over_day,DJCA,2023-04-27,2023-04-26,10983.43,11175.72,192.29,1.7507,up,1.0
day_over_day,DJIA,2023-04-27,2023-04-26,33301.87,33826.16,524.29,1.5744,up,1.0
day_over_day,DJTA,2023-04-27,2023-04-26,13444.01,13797.69,353.68,2.6308,up,1.0
day_over_day,SP500,2023-04-27,2023-04-26,4055.99,4135.35,79.36,1.9566,up,1.5
day_over_day,DJTA,2023-04-28,2023-04-27,13797.69,14021.87,224.18,1.6248,up,1.0
day_over_day,DJTA,2023-05-01,2023-04-28,14021.87,14162.9,141.03,1.0058,up,1.0
day_over_day,DJCA,2023-05-02,2023-05-01,11293.14,11163.21,-129.93,-1.1505,down,1.0
day_over_day,DJIA,2023-05-02,2023-05-01,34051.7,33684.53,-367.17,-1.0783,down,1.0
day_over_day,DJTA,2023-05-02,2023-05-01,14162.9,13986.32,-176.58,-1.2468,down,1.0
day_over_day,DJUA,2023-05-02,2023-05-01,960.77,948.54,-12.23,-1.2729,down,1.0
day_over_day,DJTA,2023-05-04,2023-05-03,14008.81,13828.59,-180.22,-1.2865,down,1.0
day_over_day,DJUA,2023-05-04,2023-05-03,945.73,955.82,10.09,1.0669,up,1.0
day_over_day,DJCA,2023-05-05,2023-05-04,11032.32,11212.97,180.65,1.6375,up,1.0
day_over_day,DJIA,2023-05-05,2023-05-04,33127.74,33674.38,546.64,1.6501,up,1.0
day_over_day,DJTA,2023-05-05,2023-05-04,13828.59,14123.13,294.54,2.1299,up,1.0
day_over_day,SP500,2023-05-05,2023-05-04,4061.22,4136.25,75.03,1.8475,up,1.5
day_over_day,DJUA,2023-05-11,2023-05-10,966.64,956.3,-10.34,-1.0697,down,1.0
day_over_day,DJUA,2023-05-15,2023-05-12,959.19,945.53,-13.66,-1.4241,down,1.0
day_over_day,DJCA,2023-05-16,2023-05-15,11062.49,10917.1,-145.39,-1.3143,down,1.0
day_over_day,DJIA,2023-05-16,2023-05-15,33348.6,33012.14,-336.46,-1.0089,down,1.0
day_over_day,DJTA,2023-05-16,2023-05-15,13846.45,13645.16,-201.29,-1.4537,down,1.0
day_over_day,DJUA,2023-05-16,2023-05-15,945.53,923.49,-22.04,-2.331,down,1.0
day_over_day,DJCA,2023-05-17,2023-05-16,10917.1,11056.15,139.05,1.2737,up,1.0
day_over_day,DJIA,2023-05-17,2023-05-16,33012.14,33420.77,408.63,1.2378,up,1.0
day_over_day,DJTA,2023-05-17,2023-05-16,13645.16,13939.39,294.23,2.1563,up,1.0
day_over_day,DJTA,2023-05-24,2023-05-23,13907.03,13695.45,-211.58,-1.5214,down,1.0
day_over_day,DJTA,2023-05-25,2023-05-24,13695.45,13889.96,194.51,1.4203,up,1.0
day_over_day,DJUA,2023-05-25,2023-05-24,907.7,895.35,-12.35,-1.3606,down,1.0
day_over_day,DJIA,2023-05-26,2023-05-25,32764.65,33093.34,328.69,1.0032,up,1.0
day_over_day,DJTA,2023-05-31,2023-05-30,13965.64,13709.74,-255.9,-1.8324,down,1.0
day_over_day,DJTA,2023-06-01,2023-05-31,13709.74,13880.17,170.43,1.2431,up,1.0
day_over_day,DJUA,2023-06-01,2023-05-31,900.37,890.84,-9.53,-1.0585,down,1.0
day_over_day,DJCA,2023-06-02,2023-06-01,10922.47,11132.93,210.46,1.9269,up,1.0
day_over_day,DJIA,2023-06-02,2023-06-01,33061.57,33762.76,701.19,2.1209,up,1.0
day_over_day,DJTA,2023-06-02,2023-06-01,13880.17,14150.48,270.31,1.9475,up,1.0
day_over_day,DJUA,2023-06-02,2023-06-01,890.84,900.04,9.2,1.0327,up,1.0
day_over_day,DJTA,2023-06-05,2023-06-02,14150.48,13989.87,-160.61,-1.135,down,1.0
day_over_day,DJCA,2023-06-07,2023-06-06,11080.8,11198.17,117.37,1.0592,up,1.0
day_over_day,DJTA,2023-06-07,2023-06-06,14061.15,14406.24,345.09,2.4542,up,1.0
week_over_week,DJTA,2023-06-07,2023-05-31,13709.74,14406.24,696.5,5.0803,up,5.0
day_over_day,DJUA,2023-06-07,2023-06-06,902.49,918.29,15.8,1.7507,up,1.0
day_over_day,DJTA,2023-06-09,2023-06-08,14401.16,14243.36,-157.8,-1.0957,down,1.0
day_over_day,DJTA,2023-06-13,2023-06-12,14305.04,14448.15,143.11,1.0004,up,1.0
day_over_day,DJTA,2023-06-14,2023-06-13,14448.15,14641.86,193.71,1.3407,up,1.0
day_over_day,DJCA,2023-06-15,2023-06-14,11298.67,11447.32,148.65,1.3156,up,1.0
day_over_day,DJIA,2023-06-15,2023-06-14,33979.33,34408.06,428.73,1.2617,up,1.0
day_over_day,DJTA,2023-06-15,2023-06-14,14641.86,14868.79,226.93,1.5499,up,1.0
day_over_day,DJUA,2023-06-15,2023-06-14,911.5,921.28,9.78,1.073,up,1.0
day_over_day,DJUA,2023-06-23,2023-06-22,917.06,902.46,-14.6,-1.592,down,1.0
day_over_day,DJTA,2023-06-26,2023-06-23,14687.87,14891.43,203.56,1.3859,up,1.0
day_over_day,DJCA,2023-06-27,2023-06-26,11293.75,11424.95,131.2,1.1617,up,1.0
day_over_day,DJTA,2023-06-27,2023-06-26,14891.43,15293.11,401.68,2.6974,up,1.0
day_over_day,DJUA,2023-06-28,2023-06-27,910.67,896.55,-14.12,-1.5505,down,1.0
week_over_week,DJTA,2023-06-30,2023-06-23,14687.87,15529.77,841.9,5.7319,up,5.0
day_over_day,DJUA,2023-06-30,2023-06-29,896.92,906.66,9.74,1.0859,up,1.0
day_over_day,DJUA,2023-07-05,2023-07-03,912.39,922.21,9.82,1.0763,up,1.0
day_over_day,DJCA,2023-07-06,2023-07-05,11564.54,11447.64,-116.9,-1.0108,down,1.0
day_over_day,DJIA,2023-07-06,2023-07-05,34288.64,33922.26,-366.38,-1.0685,down,1.0
day_over_day,DJUA,2023-07-06,2023-07-05,922.21,911.29,-10.92,-1.1841,down,1.0
day_over_day,DJTA,2023-07-07,2023-07-06,15399.45,15559.51,160.06,1.0394,up,1.0
day_over_day,DJTA,2023-07-10,2023-07-07,15559.51,15720.12,160.61,1.0322,up,1.0
day_over_day,DJCA,2023-07-11,2023-07-10,11505.6,11634.24,128.64,1.1181,up,1.0
day_over_day,DJTA,2023-07-11,2023-07-10,15720.12,15940.63,220.51,1.4027,up,1.0
day_over_day,DJUA,2023-07-11,2023-07-10,902.65,914.43,11.78,1.305,up,1.0
day_over_day,DJUA,2023-07-12,2023-07-11,914.43,927.13,12.7,1.3888,up,1.0
day_over_day,DJUA,2023-07-17,2023-07-14,927.55,916.26,-11.29,-1.2172,down,1.0
day_over_day,DJCA,2023-07-18,2023-07-17,11676.48,11805.13,128.65,1.1018,up,1.0
day_over_day,DJIA,2023-07-18,2023-07-17,34585.35,34951.93,366.58,1.0599,up,1.0
day_over_day,DJTA,2023-07-18,2023-07-17,15824.93,16142.3,317.37,2.0055,up,1.0
day_over_day,DJUA,2023-07-19,2023-07-18,909.81,919.77,9.96,1.0947,up,1.0
day_over_day,DJUA,2023-07-20,2023-07-19,919.77,936.17,16.4,1.7831,up,1.0
day_over_day,DJUA,2023-07-21,2023-07-20,936.17,948.7,12.53,1.3384,up,1.0
day_over_day,DJTA,2023-07-26,2023-07-25,16179.68,16621.13,441.45,2.7284,up,1.0
day_over_day,DJTA,2023-07-27,2023-07-26,16621.13,16408.02,-213.11,-1.2822,down,1.0
day_over_day,DJUA,2023-07-27,2023-07-26,948.92,933.88,-15.04,-1.585,down,1.0
day_over_day,DJTA,2023-07-28,2023-07-27,16408.02,16695.32,287.3,1.751,up,1.0
day_over_day,DJUA,2023-08-01,2023-07-31,931.22,919.75,-11.47,-1.2317,down,1.0
day_over_day,DJUA,2023-08-03,2023-08-02,921.1,896.7,-24.4,-2.649,down,1.0
day_over_day,DJUA,2023-08-04,2023-08-03,896.7,886.07,-10.63,-1.1855,down,1.0
week_over_week,DJUA,2023-08-04,2023-07-28,932.74,886.07,-46.67,-5.0035,down,5.0
day_over_day,DJIA,2023-08-07,2023-08-04,35065.62,35473.13,407.51,1.1621,up,1.0
day_over_day,DJCA,2023-08-15,2023-08-14,11860.33,11705.15,-155.18,-1.3084,down,1.0
day_over_day,DJIA,2023-08-15,2023-08-14,35307.63,34946.39,-361.24,-1.0231,down,1.0
day_over_day,DJTA,2023-08-15,2023-08-14,16251.39,15964.98,-286.41,-1.7624,down,1.0
day_over_day,DJUA,2023-08-15,2023-08-14,886.96,872.83,-14.13,-1.5931,down,1.0
day_over_day,DJTA,2023-08-17,2023-08-16,15808.1,15643.09,-165.01,-1.0438,down,1.0
day_over_day,DJTA,2023-08-23,2023-08-22,15591.94,15767.6,175.66,1.1266,up,1.0
day_over_day,DJIA,2023-08-24,2023-08-23,34472.98,34099.42,-373.56,-1.0836,down,1.0
day_over_day,DJTA,2023-08-31,2023-08-30,15928.03,15725.2,-202.83,-1.2734,down,1.0
day_over_day,DJUA,2023-08-31,2023-08-30,881.92,872.7,-9.22,-1.0454,down,1.0
day_over_day,DJCA,2023-09-05,2023-09-01,11647.53,11510.79,-136.74,-1.174,down,1.0
day_over_day,DJTA,2023-09-05,2023-09-01,15835.58,15488.72,-346.86,-2.1904,down,1.0
day_over_day,DJUA,2023-09-05,2023-09-01,866.66,851.44,-15.22,-1.7562,down,1.0
day_over_day,DJUA,2023-09-07,2023-09-06,853.11,864.33,11.22,1.3152,up,1.0
day_over_day,DJUA,2023-09-13,2023-09-12,875.24,885.69,10.45,1.194,up,1.0
day_over_day,DJCA,2023-09-14,2023-09-13,11495.84,11610.84,115.0,1.0004,up,1.0
day_over_day,DJUA,2023-09-14,2023-09-13,885.69,898.06,12.37,1.3967,up,1.0
day_over_day,DJCA,2023-09-21,2023-09-20,11457.04,11341.34,-115.7,-1.0099,down,1.0
day_over_day,DJIA,2023-09-21,2023-09-20,34440.88,34070.42,-370.46,-1.0756,down,1.0
day_over_day,DJUA,2023-09-21,2023-09-20,886.72,874.36,-12.36,-1.3939,down,1.0
day_over_day,SP500,2023-09-21,2023-09-20,4402.2,4330.0,-72.2,-1.6401,down,1.5
day_over_day,DJCA,2023-09-26,2023-09-25,11330.55,11154.58,-175.97,-1.5531,down,1.0
day_over_day,DJIA,2023-09-26,2023-09-25,34006.88,33618.88,-388.0,-1.1409,down,1.0
day_over_day,DJTA,2023-09-26,2023-09-25,15101.42,14819.23,-282.19,-1.8686,down,1.0
day_over_day,DJUA,2023-09-26,2023-09-25,869.6,844.84,-24.76,-2.8473,down,1.0
day_over_day,DJUA,2023-09-27,2023-09-26,844.84,832.13,-12.71,-1.5044,down,1.0
week_over_week,DJUA,2023-09-27,2023-09-20,886.72,832.13,-54.59,-6.1564,down,5.0
day_over_day,DJTA,2023-09-28,2023-09-27,14827.74,14985.9,158.16,1.0666,up,1.0
day_over_day,DJUA,2023-09-28,2023-09-27,832.13,815.53,-16.6,-1.9949,down,1.0
week_over_week,DJUA,2023-09-28,2023-09-21,874.36,815.53,-58.83,-6.7283,down,5.0
week_over_week,DJUA,2023-09-29,2023-09-22,871.27,816.55,-54.72,-6.2805,down,5.0
day_over_day,DJTA,2023-10-02,2023-09-29,14968.77,14797.39,-171.38,-1.1449,down,1.0
day_over_day,DJUA,2023-10-02,2023-09-29,816.55,783.08,-33.47,-4.099,down,1.0
week_over_week,DJUA,2023-10-02,2023-09-25,869.6,783.08,-86.52,-9.9494,down,5.0
day_over_day,DJIA,2023-10-03,2023-10-02,33433.35,33002.38,-430.97,-1.289,down,1.0
week_over_week,DJUA,2023-10-03,2023-09-26,844.84,789.37,-55.47,-6.5657,down,5.0
day_over_day,DJUA,2023-10-06,2023-10-05,790.23,800.14,9.91,1.2541,up,1.0
day_over_day,DJUA,2023-10-09,2023-10-06,800.14,810.3,10.16,1.2698,up,1.0
day_over_day,DJUA,2023-10-10,2023-10-09,810.3,818.82,8.52,1.0515,up,1.0
day_over_day,DJUA,2023-10-11,2023-10-10,818.82,829.75,10.93,1.3348,up,1.0
day_over_day,DJTA,2023-10-12,2023-10-11,15124.98,14963.08,-161.9,-1.0704,down,1.0
day_over_day,DJUA,2023-10-12,2023-10-11,829.75,817.19,-12.56,-1.5137,down,1.0
day_over_day,DJTA,2023-10-13,2023-10-12,14963.08,14699.43,-263.65,-1.762,down,1.0
day_over_day,DJCA,2023-10-16,2023-10-13,11107.43,11242.32,134.89,1.2144,up,1.0
day_over_day,DJTA,2023-10-16,2023-10-13,14699.43,14975.56,276.13,1.8785,up,1.0
day_over_day,DJUA,2023-10-16,2023-10-13,824.56,833.24,8.68,1.0527,up,1.0
day_over_day,DJCA,2023-10-18,2023-10-17,11270.74,11081.32,-189.42,-1.6806,down,1.0
day_over_day,DJTA,2023-10-18,2023-10-17,15103.5,14583.61,-519.89,-3.4422,down,1.0
day_over_day,DJTA,2023-10-19,2023-10-18,14583.61,14435.82,-147.79,-1.0134,down,1.0
day_over_day,DJUA,2023-10-20,2023-10-19,816.63,807.15,-9.48,-1.1609,down,1.0
day_over_day,DJTA,2023-10-23,2023-10-20,14450.41,14239.63,-210.78,-1.4586,down,1.0
week_over_week,DJTA,2023-10-24,2023-10-17,15103.5,14237.98,-865.52,-5.7306,down,5.0
day_over_day,DJUA,2023-10-24,2023-10-23,801.98,819.27,17.29,2.1559,up,1.0
day_over_day,DJTA,2023-10-25,2023-10-24,14237.98,13890.32,-347.66,-2.4418,down,1.0
day_over_day,DJTA,2023-10-26,2023-10-25,13890.32,13654.46,-235.86,-1.698,down,1.0
week_over_week,DJTA,2023-10-26,2023-10-19,14435.82,13654.46,-781.36,-5.4126,down,5.0
day_over_day,DJCA,2023-10-27,2023-10-26,10714.62,10596.53,-118.09,-1.1021,down,1.0
day_over_day,DJIA,2023-10-27,2023-10-26,32784.3,32417.59,-366.71,-1.1186,down,1.0
week_over_week,DJTA,2023-10-27,2023-10-20,14450.41,13556.07,-894.34,-6.189,down,5.0
day_over_day,DJUA,2023-10-27,2023-10-26,828.45,812.89,-15.56,-1.8782,down,1.0
day_over_day,DJCA,2023-10-30,2023-10-27,10596.53,10761.15,164.62,1.5535,up,1.0
day_over_day,DJIA,2023-10-30,2023-10-27,32417.59,32928.96,511.37,1.5774,up,1.0
day_over_day,DJTA,2023-10-30,2023-10-27,13556.07,13826.69,270.62,1.9963,up,1.0
day_over_day,DJUA,2023-11-01,2023-10-31,823.92,833.02,9.1,1.1045,up,1.0
day_over_day,DJCA,2023-11-02,2023-11-01,10897.15,11093.75,196.6,1.8041,up,1.0
day_over_day,DJIA,2023-11-02,2023-11-01,33274.58,33839.08,564.5,1.6965,up,1.0
day_over_day,DJTA,2023-11-02,2023-11-01,14020.28,14285.46,265.18,1.8914,up,1.0
day_over_day,DJUA,2023-11-02,2023-11-01,833.02,850.92,17.9,2.1488,up,1.0
day_over_day,SP500,2023-11-02,2023-11-01,4237.86,4317.78,79.92,1.8859,up,1.5
week_over_week,DJCA,2023-11-03,2023-10-27,10596.53,11200.66,604.13,5.7012,up,5.0
week_over_week,DJIA,2023-11-03,2023-10-27,32417.59,34061.32,1643.73,5.0705,up,5.0
day_over_day,DJTA,2023-11-03,2023-11-02,14285.46,14512.76,227.3,1.5911,up,1.0
week_over_week,DJTA,2023-11-03,2023-10-27,13556.07,14512.76,956.69,7.0573,up,5.0
day_over_day,DJUA,2023-11-03,2023-11-02,850.92,860.05,9.13,1.073,up,1.0
week_over_week,DJUA,2023-11-03,2023-10-27,812.89,860.05,47.16,5.8015,up,5.0
week_over_week,SP500,2023-11-03,2023-10-27,4117.37,4358.34,240.97,5.8525,up,5.0
day_over_day,DJTA,2023-11-09,2023-11-08,14415.78,14266.24,-149.54,-1.0373,down,1.0
day_over_day,DJCA,2023-11-10,2023-11-09,11075.51,11191.65,116.14,1.0486,up,1.0
day_over_day,DJIA,2023-11-10,2023-11-09,33891.94,34283.1,391.16,1.1541,up,1.0
day_over_day,DJTA,2023-11-10,2023-11-09,14266.24,14426.49,160.25,1.1233,up,1.0
day_over_day,SP500,2023-11-10,2023-11-09,4347.35,4415.24,67.89,1.5616,up,1.5
day_over_day,DJUA,2023-11-13,2023-11-10,837.98,827.37,-10.61,-1.2661,down,1.0
day_over_day,DJCA,2023-11-14,2023-11-13,11175.87,11425.53,249.66,2.2339,up,1.0
day_over_day,DJIA,2023-11-14,2023-11-13,34337.87,34827.7,489.83,1.4265,up,1.0
day_over_day,DJTA,2023-11-14,2023-11-13,14379.44,14855.64,476.2,3.3117,up,1.0
day_over_day,DJUA,2023-11-14,2023-11-13,827.37,859.83,32.46,3.9233,up,1.0
day_over_day,SP500,2023-11-14,2023-11-13,4411.55,4495.7,84.15,1.9075,up,1.5
day_over_day,DJTA,2023-11-27,2023-11-24,15094.2,14903.98,-190.22,-1.2602,down,1.0
day_over_day,DJCA,2023-11-30,2023-11-29,11540.82,11693.9,153.08,1.3264,up,1.0
day_over_day,DJIA,2023-11-30,2023-11-29,35430.42,35950.89,520.47,1.469,up,1.0
day_over_day,DJTA,2023-11-30,2023-11-29,14816.54,15018.51,201.97,1.3631,up,1.0
day_over_day,DJCA,2023-12-01,2023-11-30,11693.9,11861.9,168.0,1.4366,up,1.0
day_over_day,DJTA,2023-12-01,2023-11-30,15018.51,15463.76,445.25,2.9647,up,1.0
day_over_day,DJUA,2023-12-01,2023-11-30,866.76,876.01,9.25,1.0672,up,1.0
day_over_day,DJTA,2023-12-05,2023-12-04,15525.61,15289.69,-235.92,-1.5196,down,1.0
day_over_day,DJUA,2023-12-06,2023-12-05,866.99,879.33,12.34,1.4233,up,1.0
day_over_day,DJTA,2023-12-11,2023-12-08,15211.06,15398.23,187.17,1.2305,up,1.0
day_over_day,DJCA,2023-12-13,2023-12-12,11918.04,12110.69,192.65,1.6165,up,1.0
day_over_day,DJIA,2023-12-13,2023-12-12,36577.94,37090.24,512.3,1.4006,up,1.0
day_over_day,DJTA,2023-12-13,2023-12-12,15418.6,15615.86,197.26,1.2794,up,1.0
day_over_day,DJUA,2023-12-13,2023-12-12,875.92,907.18,31.26,3.5688,up,1.0
day_over_day,DJTA,2023-12-14,2023-12-13,15615.86,15912.92,297.06,1.9023,up,1.0
day_over_day,DJUA,2023-12-14,2023-12-13,907.18,897.16,-10.02,-1.1045,down,1.0
week_over_week,DJTA,2023-12-15,2023-12-08,15211.06,16016.11,805.05,5.2925,up,5.0
day_over_day,DJUA,2023-12-15,2023-12-14,897.16,881.89,-15.27,-1.702,down,1.0
day_over_day,DJCA,2023-12-20,2023-12-19,12271.3,12070.64,-200.66,-1.6352,down,1.0
day_over_day,DJIA,2023-12-20,2023-12-19,37557.92,37082.0,-475.92,-1.2672,down,1.0
day_over_day,DJTA,2023-12-20,2023-12-19,16104.63,15725.88,-378.75,-2.3518,down,1.0
day_over_day,DJUA,2023-12-20,2023-12-19,883.99,867.71,-16.28,-1.8416,down,1.0
day_over_day,DJCA,2023-12-21,2023-12-20,12070.64,12193.13,122.49,1.0148,up,1.0
day_over_day,DJTA,2023-12-21,2023-12-20,15725.88,15992.09,266.21,1.6928,up,1.0
day_over_day,DJUA,2024-01-02,2023-12-29,881.67,894.26,12.59,1.428,up,1.0
day_over_day,DJTA,2024-01-03,2024-01-02,15774.77,15504.56,-270.21,-1.7129,down,1.0
day_over_day,DJUA,2024-01-11,2024-01-10,899.39,879.7,-19.69,-2.1893,down,1.0
day_over_day,DJUA,2024-01-16,2024-01-12,885.49,875.64,-9.85,-1.1124,down,1.0
day_over_day,DJUA,2024-01-17,2024-01-16,875.64,863.61,-12.03,-1.3739,down,1.0
day_over_day,DJTA,2024-01-18,2024-01-17,15232.04,15490.31,258.27,1.6956,up,1.0
day_over_day,DJUA,2024-01-18,2024-01-17,863.61,854.23,-9.38,-1.0861,down,1.0
day_over_day,DJIA,2024-01-19,2024-01-18,37468.61,37863.8,395.19,1.0547,up,1.0
day_over_day,DJTA,2024-01-22,2024-01-19,15592.34,15937.03,344.69,2.2106,up,1.0
day_over_day,DJUA,2024-01-24,2024-01-23,849.19,834.09,-15.1,-1.7782,down,1.0
day_over_day,DJTA,2024-01-25,2024-01-24,15755.42,15952.78,197.36,1.2526,up,1.0
day_over_day,DJUA,2024-01-25,2024-01-24,834.09,848.6,14.51,1.7396,up,1.0
day_over_day,DJTA,2024-01-31,2024-01-30,15776.31,15515.8,-260.51,-1.6513,down,1.0
day_over_day,SP500,2024-01-31,2024-01-30,4924.97,4845.65,-79.32,-1.6106,down,1.5
day_over_day,DJCA,2024-02-01,2024-01-31,12214.97,12337.85,122.88,1.006,up,1.0
day_over_day,DJUA,2024-02-01,2024-01-31,853.04,867.03,13.99,1.64,up,1.0
day_over_day,DJUA,2024-02-02,2024-02-01,867.03,851.48,-15.55,-1.7935,down,1.0
day_over_day,DJUA,2024-02-05,2024-02-02,851.48,836.15,-15.33,-1.8004,down,1.0
day_over_day,DJTA,2024-02-06,2024-02-05,15686.56,16009.29,322.73,2.0574,up,1.0
day_over_day,DJUA,2024-02-12,2024-02-09,834.43,844.72,10.29,1.2332,up,1.0
day_over_day,DJCA,2024-02-13,2024-02-12,12478.35,12259.71,-218.64,-1.7522,down,1.0
day_over_day,DJIA,2024-02-13,2024-02-12,38797.38,38272.75,-524.63,-1.3522,down,1.0
day_over_day,DJTA,2024-02-13,2024-02-12,16210.46,15785.77,-424.69,-2.6199,down,1.0
day_over_day,DJUA,2024-02-13,2024-02-12,844.72,829.38,-15.34,-1.816,down,1.0
day_over_day,DJUA,2024-02-15,2024-02-14,833.4,847.03,13.63,1.6355,up,1.0
day_over_day,DJTA,2024-02-16,2024-02-15,15906.53,15629.19,-277.34,-1.7436,down,1.0
day_over_day,DJTA,2024-02-20,2024-02-16,15629.19,15463.77,-165.42,-1.0584,down,1.0
day_over_day,DJUA,2024-02-21,2024-02-20,842.42,854.18,11.76,1.396,up,1.0
day_over_day,DJCA,2024-02-22,2024-02-21,12322.66,12451.49,128.83,1.0455,up,1.0
day_over_day,DJIA,2024-02-22,2024-02-21,38612.24,39069.11,456.87,1.1832,up,1.0
day_over_day,DJTA,2024-02-22,2024-02-21,15582.45,15822.37,239.92,1.5397,up,1.0
day_over_day,SP500,2024-02-22,2024-02-21,4981.8,5087.03,105.23,2.1123,up,1.5
day_over_day,DJUA,2024-02-26,2024-02-23,849.05,832.73,-16.32,-1.9221,down,1.0
day_over_day,DJUA,2024-02-27,2024-02-26,832.73,842.36,9.63,1.1564,up,1.0
day_over_day,DJUA,2024-03-04,2024-03-01,833.04,847.31,14.27,1.713,up,1.0
day_over_day,DJIA,2024-03-05,2024-03-04,38989.83,38585.19,-404.64,-1.0378,down,1.0
day_over_day,DJTA,2024-03-05,2024-03-04,15789.89,15626.24,-163.65,-1.0364,down,1.0
day_over_day,DJTA,2024-03-07,2024-03-06,15673.52,15848.04,174.52,1.1135,up,1.0
day_over_day,DJTA,2024-03-14,2024-03-13,15820.46,15607.71,-212.75,-1.3448,down,1.0
day_over_day,DJCA,2024-03-20,2024-03-19,12419.64,12558.17,138.53,1.1154,up,1.0
day_over_day,DJIA,2024-03-20,2024-03-19,39110.76,39512.13,401.37,1.0262,up,1.0
day_over_day,DJTA,2024-03-20,2024-03-19,15539.93,15820.31,280.38,1.8043,up,1.0
day_over_day,DJTA,2024-03-21,2024-03-20,15820.31,16001.42,181.11,1.1448,up,1.0
day_over_day,DJCA,2024-03-27,2024-03-26,12508.09,12677.02,168.93,1.3506,up,1.0
day_over_day,DJIA,2024-03-27,2024-03-26,39282.33,39760.08,477.75,1.2162,up,1.0
day_over_day,DJTA,2024-03-27,2024-03-26,15850.85,16028.55,177.7,1.1211,up,1.0
day_over_day,DJUA,2024-03-27,2024-03-26,851.43,874.73,23.3,2.7366,up,1.0
day_over_day,DJTA,2024-03-28,2024-03-27,16028.55,16211.62,183.07,1.1421,up,1.0
day_over_day,DJTA,2024-04-01,2024-03-28,16211.62,16031.57,-180.05,-1.1106,down,1.0
day_over_day,DJIA,2024-04-02,2024-04-01,39566.85,39170.24,-396.61,-1.0024,down,1.0
day_over_day,DJTA,2024-04-02,2024-04-01,16031.57,15846.85,-184.72,-1.1522,down,1.0
day_over_day,DJCA,2024-04-04,2024-04-03,12529.34,12389.69,-139.65,-1.1146,down,1.0
day_over_day,DJIA,2024-04-04,2024-04-03,39127.14,38596.98,-530.16,-1.355,down,1.0
day_over_day,DJTA,2024-04-04,2024-04-03,15961.03,15798.59,-162.44,-1.0177,down,1.0
day_over_day,DJCA,2024-04-10,2024-04-09,12499.63,12312.05,-187.58,-1.5007,down,1.0
day_over_day,DJIA,2024-04-10,2024-04-09,38883.67,38461.51,-422.16,-1.0857,down,1.0
day_over_day,DJTA,2024-04-10,2024-04-09,15970.26,15603.86,-366.4,-2.2943,down,1.0
day_over_day,DJUA,2024-04-10,2024-04-09,881.87,864.42,-17.45,-1.9787,down,1.0
day_over_day,DJCA,2024-04-12,2024-04-11,12336.31,12178.91,-157.4,-1.2759,down,1.0
day_over_day,DJIA,2024-04-12,2024-04-11,38459.08,37983.24,-475.84,-1.2373,down,1.0
day_over_day,DJTA,2024-04-12,2024-04-11,15748.9,15498.11,-250.79,-1.5924,down,1.0
day_over_day,DJUA,2024-04-16,2024-04-15,848.76,835.53,-13.23,-1.5587,down,1.0
week_over_week,DJUA,2024-04-16,2024-04-09,881.87,835.53,-46.34,-5.2547,down,5.0
day_over_day,DJTA,2024-04-17,2024-04-16,15246.23,14986.55,-259.68,-1.7032,down,1.0
day_over_day,DJUA,2024-04-17,2024-04-16,835.53,853.35,17.82,2.1328,up,1.0
week_over_week,DJTA,2024-04-18,2024-04-11,15748.9,14946.93,-801.97,-5.0922,down,5.0
day_over_day,DJUA,2024-04-19,2024-04-18,860.3,875.61,15.31,1.7796,up,1.0
day_over_day,DJTA,2024-04-23,2024-04-22,15224.4,15436.41,212.01,1.3926,up,1.0
week_over_week,DJUA,2024-04-23,2024-04-16,835.53,885.96,50.43,6.0357,up,5.0
day_over_day,DJTA,2024-04-24,2024-04-23,15436.41,15077.8,-358.61,-2.3231,down,1.0
day_over_day,DJTA,2024-04-25,2024-04-24,15077.8,15296.89,219.09,1.4531,up,1.0
day_over_day,DJUA,2024-04-26,2024-04-25,894.58,884.25,-10.33,-1.1547,down,1.0
day_over_day,DJUA,2024-04-29,2024-04-26,884.25,896.92,12.67,1.4329,up,1.0
day_over_day,DJCA,2024-04-30,2024-04-29,12268.79,12085.61,-183.18,-1.4931,down,1.0
day_over_day,DJIA,2024-04-30,2024-04-29,38386.09,37815.92,-570.17,-1.4854,down,1.0
day_over_day,DJTA,2024-04-30,2024-04-29,15213.56,14909.51,-304.05,-1.9985,down,1.0
day_over_day,SP500,2024-04-30,2024-04-29,5116.17,5035.69,-80.48,-1.5731,down,1.5
day_over_day,DJUA,2024-05-01,2024-04-30,893.03,903.59,10.56,1.1825,up,1.0
day_over_day,DJCA,2024-05-02,2024-05-01,12110.82,12258.45,147.63,1.219,up,1.0
day_over_day,DJTA,2024-05-02,2024-05-01,14864.63,15234.6,369.97,2.4889,up,1.0
day_over_day,DJCA,2024-05-03,2024-05-02,12258.45,12382.3,123.85,1.0103,up,1.0
day_over_day,DJIA,2024-05-03,2024-05-02,38225.66,38675.68,450.02,1.1773,up,1.0
day_over_day,DJUA,2024-05-07,2024-05-06,918.35,929.86,11.51,1.2533,up,1.0
day_over_day,DJTA,2024-05-21,2024-05-20,15428.55,15170.88,-257.67,-1.6701,down,1.0
day_over_day,DJUA,2024-05-22,2024-05-21,955.01,945.03,-9.98,-1.045,down,1.0
day_over_day,DJCA,2024-05-23,2024-05-22,12600.43,12407.29,-193.14,-1.5328,down,1.0
day_over_day,DJIA,2024-05-23,2024-05-22,39671.04,39065.26,-605.78,-1.527,down,1.0
day_over_day,DJTA,2024-05-23,2024-05-22,15194.59,15008.86,-185.73,-1.2223,down,1.0
day_over_day,DJUA,2024-05-23,2024-05-22,945.03,924.19,-20.84,-2.2052,down,1.0
day_over_day,DJCA,2024-05-29,2024-05-28,12357.32,12214.24,-143.08,-1.1579,down,1.0
day_over_day,DJIA,2024-05-29,2024-05-28,38852.86,38441.54,-411.32,-1.0587,down,1.0
day_over_day,DJTA,2024-05-29,2024-05-28,14995.12,14781.56,-213.56,-1.4242,down,1.0
day_over_day,DJUA,2024-05-29,2024-05-28,921.46,911.03,-10.43,-1.1319,down,1.0
day_over_day,DJTA,2024-05-30,2024-05-29,14781.56,14975.89,194.33,1.3147,up,1.0
day_over_day,DJUA,2024-05-30,2024-05-29,911.03,922.82,11.79,1.2941,up,1.0
day_over_day,DJCA,2024-05-31,2024-05-30,12206.04,12412.96,206.92,1.6952,up,1.0
day_over_day,DJIA,2024-05-31,2024-05-30,38111.48,38686.32,574.84,1.5083,up,1.0
day_over_day,DJTA,2024-05-31,2024-05-30,14975.89,15238.3,262.41,1.7522,up,1.0
day_over_day,DJUA,2024-05-31,2024-05-30,922.82,946.42,23.6,2.5574,up,1.0
day_over_day,DJTA,2024-06-03,2024-05-31,15238.3,15074.49,-163.81,-1.075,down,1.0
day_over_day,DJTA,2024-06-05,2024-06-04,14937.83,15113.85,176.02,1.1784,up,1.0
day_over_day,DJTA,2024-06-13,2024-06-12,15130.03,14968.81,-161.22,-1.0656,down,1.0
day_over_day,DJTA,2024-06-14,2024-06-13,14968.81,14807.47,-161.34,-1.0778,down,1.0
day_over_day,DJTA,2024-06-20,2024-06-18,14897.76,15075.66,177.9,1.1941,up,1.0
day_over_day,DJUA,2024-06-24,2024-06-21,909.46,922.5,13.04,1.4338,up,1.0
day_over_day,DJUA,2024-06-25,2024-06-24,922.5,909.4,-13.1,-1.4201,down,1.0
day_over_day,DJTA,2024-06-26,2024-06-25,15114.18,15342.88,228.7,1.5131,up,1.0
day_over_day,DJTA,2024-07-09,2024-07-08,15158.61,14993.76,-164.85,-1.0875,down,1.0
day_over_day,DJIA,2024-07-10,2024-07-09,39291.97,39721.36,429.39,1.0928,up,1.0
day_over_day,DJUA,2024-07-10,2024-07-09,908.84,918.5,9.66,1.0629,up,1.0
day_over_day,DJTA,2024-07-11,2024-07-10,15099.11,15430.04,330.93,2.1917,up,1.0
day_over_day,DJUA,2024-07-11,2024-07-10,918.5,938.72,20.22,2.2014,up,1.0
day_over_day,DJTA,2024-07-15,2024-07-12,15522.86,15781.89,259.03,1.6687,up,1.0
day_over_day,DJUA,2024-07-15,2024-07-12,945.58,929.85,-15.73,-1.6635,down,1.0
day_over_day,DJCA,2024-07-16,2024-07-15,12805.19,13077.41,272.22,2.1259,up,1.0
week_over_week,DJCA,2024-07-16,2024-07-09,12425.57,13077.41,651.84,5.246,up,5.0
day_over_day,DJIA,2024-07-16,2024-07-15,40211.72,40954.48,742.76,1.8471,up,1.0
day_over_day,DJTA,2024-07-16,2024-07-15,15781.89,16298.98,517.09,3.2765,up,1.0
week_over_week,DJTA,2024-07-16,2024-07-09,14993.76,16298.98,1305.22,8.7051,up,5.0
day_over_day,DJUA,2024-07-16,2024-07-15,929.85,940.52,10.67,1.1475,up,1.0
day_over_day,DJTA,2024-07-17,2024-07-16,16298.98,16071.97,-227.01,-1.3928,down,1.0
week_over_week,DJTA,2024-07-17,2024-07-10,15099.11,16071.97,972.86,6.4432,up,5.0
day_over_day,DJUA,2024-07-17,2024-07-16,940.52,954.17,13.65,1.4513,up,1.0
day_over_day,DJCA,2024-07-18,2024-07-17,13101.89,12931.09,-170.8,-1.3036,down,1.0
day_over_day,DJIA,2024-07-18,2024-07-17,41198.08,40665.02,-533.06,-1.2939,down,1.0
day_over_day,DJTA,2024-07-18,2024-07-17,16071.97,15787.22,-284.75,-1.7717,down,1.0
day_over_day,DJTA,2024-07-23,2024-07-22,15900.24,15655.82,-244.42,-1.5372,down,1.0
day_over_day,DJIA,2024-07-24,2024-07-23,40358.09,39853.87,-504.22,-1.2494,down,1.0
day_over_day,DJTA,2024-07-24,2024-07-23,15655.82,15464.4,-191.42,-1.2227,down,1.0
day_over_day,DJUA,2024-07-24,2024-07-23,951.83,968.17,16.34,1.7167,up,1.0
day_over_day,SP500,2024-07-24,2024-07-23,5555.74,5427.13,-128.61,-2.3149,down,1.5
day_over_day,DJTA,2024-07-25,2024-07-24,15464.4,15659.59,195.19,1.2622,up,1.0
day_over_day,DJCA,2024-07-26,2024-07-25,12774.45,12975.4,200.95,1.5731,up,1.0
day_over_day,DJIA,2024-07-26,2024-07-25,39935.07,40589.34,654.27,1.6383,up,1.0
day_over_day,DJTA,2024-07-26,2024-07-25,15659.59,15919.59,260.0,1.6603,up,1.0
day_over_day,DJUA,2024-07-26,2024-07-25,961.36,971.41,10.05,1.0454,up,1.0
day_over_day,DJUA,2024-07-30,2024-07-29,976.3,986.61,10.31,1.056,up,1.0
day_over_day,SP500,2024-07-31,2024-07-30,5436.44,5522.3,85.86,1.5793,up,1.5
day_over_day,DJIA,2024-08-01,2024-07-31,40842.79,40347.97,-494.82,-1.2115,down,1.0
day_over_day,DJTA,2024-08-01,2024-07-31,16083.86,15812.1,-271.76,-1.6896,down,1.0
day_over_day,DJUA,2024-08-01,2024-07-31,988.09,1010.91,22.82,2.3095,up,1.0
week_over_week,DJUA,2024-08-01,2024-07-25,961.36,1010.91,49.55,5.1542,up,5.0
day_over_day,DJCA,2024-08-02,2024-08-01,12967.48,12768.45,-199.03,-1.5348,down,1.0
day_over_day,DJIA,2024-08-02,2024-08-01,40347.97,39737.26,-610.71,-1.5136,down,1.0
day_over_day,DJTA,2024-08-02,2024-08-01,15812.1,15381.52,-430.58,-2.7231,down,1.0
day_over_day,SP500,2024-08-02,2024-08-01,5446.68,5346.56,-100.12,-1.8382,down,1.5
day_over_day,DJCA,2024-08-05,2024-08-02,12768.45,12461.7,-306.75,-2.4024,down,1.0
day_over_day,DJIA,2024-08-05,2024-08-02,39737.26,38703.27,-1033.99,-2.6021,down,1.0
day_over_day,DJTA,2024-08-05,2024-08-02,15381.52,15112.1,-269.42,-1.7516,down,1.0
day_over_day,DJUA,2024-08-05,2024-08-02,1018.46,991.21,-27.25,-2.6756,down,1.0
day_over_day,SP500,2024-08-05,2024-08-02,5346.56,5186.33,-160.23,-2.9969,down,1.5
week_over_week,SP500,2024-08-05,2024-07-29,5463.54,5186.33,-277.21,-5.0738,down,5.0
day_over_day,DJTA,2024-08-06,2024-08-05,15112.1,15332.55,220.45,1.4588,up,1.0
week_over_week,DJIA,2024-08-07,2024-07-31,40842.79,38763.45,-2079.34,-5.0911,down,5.0
week_over_week,DJTA,2024-08-07,2024-07-31,16083.86,15179.98,-903.88,-5.6198,down,5.0
week_over_week,SP500,2024-08-07,2024-07-31,5522.3,5199.5,-322.8,-5.8454,down,5.0
day_over_day,DJCA,2024-08-08,2024-08-07,12502.53,12686.04,183.51,1.4678,up,1.0
day_over_day,DJIA,2024-08-08,2024-08-07,38763.45,39446.49,683.04,1.7621,up,1.0
day_over_day,DJTA,2024-08-08,2024-08-07,15179.98,15435.17,255.19,1.6811,up,1.0
day_over_day,SP500,2024-08-08,2024-08-07,5199.5,5319.31,119.81,2.3043,up,1.5
day_over_day,DJIA,2024-08-13,2024-08-12,39357.01,39765.64,408.63,1.0383,up,1.0
day_over_day,SP500,2024-08-13,2024-08-12,5344.39,5434.43,90.04,1.6848,up,1.5
day_over_day,DJCA,2024-08-15,2024-08-14,12803.56,12951.74,148.18,1.1573,up,1.0
day_over_day,DJIA,2024-08-15,2024-08-14,40008.39,40563.06,554.67,1.3864,up,1.0
day_over_day,DJTA,2024-08-15,2024-08-14,15413.81,15600.02,186.21,1.2081,up,1.0
day_over_day,SP500,2024-08-15,2024-08-14,5455.21,5543.22,88.01,1.6133,up,1.5
day_over_day,DJCA,2024-08-23,2024-08-22,13018.04,13165.91,147.87,1.1359,up,1.0
day_over_day,DJIA,2024-08-23,2024-08-22,40712.78,41175.08,462.3,1.1355,up,1.0
day_over_day,DJTA,2024-08-23,2024-08-22,15716.94,15970.45,253.51,1.613,up,1.0
day_over_day,DJTA,2024-08-30,2024-08-29,15868.93,16043.85,174.92,1.1023,up,1.0
day_over_day,DJCA,2024-09-03,2024-08-30,13275.62,13126.28,-149.34,-1.1249,down,1.0
day_over_day,DJIA,2024-09-03,2024-08-30,41563.08,40936.93,-626.15,-1.5065,down,1.0
day_over_day,DJTA,2024-09-03,2024-08-30,16043.85,15859.25,-184.6,-1.1506,down,1.0
day_over_day,SP500,2024-09-03,2024-08-30,5648.4,5528.93,-119.47,-2.1151,down,1.5
day_over_day,DJTA,2024-09-05,2024-09-04,15921.35,15617.5,-303.85,-1.9084,down,1.0
day_over_day,DJCA,2024-09-06,2024-09-05,13050.96,12916.88,-134.08,-1.0274,down,1.0
day_over_day,DJIA,2024-09-06,2024-09-05,40755.75,40345.41,-410.34,-1.0068,down,1.0
day_over_day,DJTA,2024-09-06,2024-09-05,15617.5,15427.06,-190.44,-1.2194,down,1.0
day_over_day,SP500,2024-09-06,2024-09-05,5503.41,5408.42,-94.99,-1.726,down,1.5
day_over_day,DJCA,2024-09-09,2024-09-06,12916.88,13074.55,157.67,1.2207,up,1.0
day_over_day,DJIA,2024-09-09,2024-09-06,40345.41,40829.59,484.18,1.2001,up,1.0
day_over_day,DJTA,2024-09-09,2024-09-06,15427.06,15635.16,208.1,1.3489,up,1.0
day_over_day,DJUA,2024-09-09,2024-09-06,1028.84,1039.91,11.07,1.076,up,1.0
day_over_day,DJUA,2024-09-13,2024-09-12,1042.7,1054.45,11.75,1.1269,up,1.0
day_over_day,DJTA,2024-09-17,2024-09-16,15842.3,16013.77,171.47,1.0824,up,1.0
day_over_day,DJCA,2024-09-19,2024-09-18,13315.48,13461.71,146.23,1.0982,up,1.0
day_over_day,DJIA,2024-09-19,2024-09-18,41503.1,42025.19,522.09,1.258,up,1.0
day_over_day,DJTA,2024-09-19,2024-09-18,16071.45,16331.72,260.27,1.6195,up,1.0
day_over_day,SP500,2024-09-19,2024-09-18,5618.26,5713.64,95.38,1.6977,up,1.5
day_over_day,DJTA,2024-09-20,2024-09-19,16331.72,15755.0,-576.72,-3.5313,down,1.0
day_over_day,DJTA,2024-09-24,2024-09-23,15884.52,16150.5,265.98,1.6745,up,1.0
day_over_day,DJTA,2024-10-01,2024-09-30,16294.5,16103.86,-190.64,-1.17,down,1.0
day_over_day,DJTA,2024-10-03,2024-10-02,15972.2,15745.39,-226.81,-1.42,down,1.0
day_over_day,DJUA,2024-10-07,2024-10-04,1051.42,1027.37,-24.05,-2.2874,down,1.0
day_over_day,DJIA,2024-10-09,2024-10-08,42080.37,42512.0,431.63,1.0257,up,1.0
day_over_day,DJCA,2024-10-11,2024-10-10,13428.88,13594.49,165.61,1.2332,up,1.0
day_over_day,DJTA,2024-10-11,2024-10-10,15898.81,16238.25,339.44,2.135,up,1.0
day_over_day,DJCA,2024-10-16,2024-10-15,13602.34,13762.18,159.84,1.1751,up,1.0
day_over_day,DJTA,2024-10-16,2024-10-15,16248.19,16562.66,314.47,1.9354,up,1.0
day_over_day,DJUA,2024-10-16,2024-10-15,1050.85,1068.28,17.43,1.6587,up,1.0
day_over_day,DJTA,2024-10-17,2024-10-16,16562.66,16332.69,-229.97,-1.3885,down,1.0
day_over_day,DJTA,2024-10-21,2024-10-18,16383.13,16190.12,-193.01,-1.1781,down,1.0
day_over_day,DJUA,2024-10-25,2024-10-24,1063.48,1046.99,-16.49,-1.5506,down,1.0
day_over_day,DJTA,2024-10-28,2024-10-25,16104.19,16290.08,185.89,1.1543,up,1.0
day_over_day,DJUA,2024-10-29,2024-10-28,1053.22,1031.93,-21.29,-2.0214,down,1.0
day_over_day,SP500,2024-10-31,2024-10-30,5813.67,5705.45,-108.22,-1.8615,down,1.5
day_over_day,DJUA,2024-11-01,2024-10-31,1036.91,1019.02,-17.89,-1.7253,down,1.0
day_over_day,DJCA,2024-11-05,2024-11-04,13357.0,13519.85,162.85,1.2192,up,1.0
day_over_day,DJIA,2024-11-05,2024-11-04,41794.6,42221.88,427.28,1.0223,up,1.0
day_over_day,DJTA,2024-11-05,2024-11-04,16287.87,16571.91,284.04,1.7439,up,1.0
day_over_day,DJUA,2024-11-05,2024-11-04,1011.35,1023.16,11.81,1.1677,up,1.0
day_over_day,DJCA,2024-11-06,2024-11-05,13519.85,13990.54,470.69,3.4815,up,1.0
day_over_day,DJIA,2024-11-06,2024-11-05,42221.88,43729.93,1508.05,3.5717,up,1.0
day_over_day,DJTA,2024-11-06,2024-11-05,16571.91,17462.35,890.44,5.3732,up,1.0
week_over_week,DJTA,2024-11-06,2024-10-30,16324.31,17462.35,1138.04,6.9714,up,5.0
day_over_day,SP500,2024-11-06,2024-11-05,5782.76,5929.04,146.28,2.5296,up,1.5
day_over_day,DJTA,2024-11-07,2024-11-06,17462.35,17210.46,-251.89,-1.4425,down,1.0
week_over_week,DJTA,2024-11-07,2024-10-31,16252.15,17210.46,958.31,5.8965,up,5.0
week_over_week,DJTA,2024-11-08,2024-11-01,16351.33,17353.94,1002.61,6.1317,up,5.0
day_over_day,DJUA,2024-11-08,2024-11-07,1011.9,1031.92,20.02,1.9785,up,1.0
week_over_week,DJCA,2024-11-11,2024-11-04,13357.0,14161.44,804.44,6.0226,up,5.0
week_over_week,DJIA,2024-11-11,2024-11-04,41794.6,44293.13,2498.53,5.9781,up,5.0
day_over_day,DJTA,2024-11-11,2024-11-08,17353.94,17566.34,212.4,1.2239,up,1.0
week_over_week,DJTA,2024-11-11,2024-11-04,16287.87,17566.34,1278.47,7.8492,up,5.0
week_over_week,SP500,2024-11-11,2024-11-04,5712.69,6001.35,288.66,5.053,up,5.0
day_over_day,DJTA,2024-11-12,2024-11-11,17566.34,17384.28,-182.06,-1.0364,down,1.0
day_over_day,DJUA,2024-11-12,2024-11-11,1036.77,1025.63,-11.14,-1.0745,down,1.0
day_over_day,DJTA,2024-11-15,2024-11-14,17423.12,17227.87,-195.25,-1.1206,down,1.0
day_over_day,DJUA,2024-11-15,2024-11-14,1016.48,1033.82,17.34,1.7059,up,1.0
day_over_day,DJCA,2024-11-21,2024-11-20,13901.99,14063.2,161.21,1.1596,up,1.0
day_over_day,DJIA,2024-11-21,2024-11-20,43408.47,43870.35,461.88,1.064,up,1.0
day_over_day,DJUA,2024-11-21,2024-11-20,1055.07,1075.65,20.58,1.9506,up,1.0
week_over_week,DJUA,2024-11-21,2024-11-14,1016.48,1075.65,59.17,5.8211,up,5.0
day_over_day,DJTA,2024-11-22,2024-11-21,17172.01,17366.87,194.86,1.1348,up,1.0
day_over_day,DJCA,2024-11-25,2024-11-22,14173.47,14336.69,163.22,1.1516,up,1.0
day_over_day,DJTA,2024-11-25,2024-11-22,17366.87,17754.38,387.51,2.2313,up,1.0
day_over_day,DJUA,2024-11-26,2024-11-25,1065.95,1079.88,13.93,1.3068,up,1.0
day_over_day,DJUA,2024-12-02,2024-11-29,1078.95,1057.05,-21.9,-2.0298,down,1.0
day_over_day,DJTA,2024-12-03,2024-12-02,17544.9,17189.55,-355.35,-2.0254,down,1.0
day_over_day,DJTA,2024-12-05,2024-12-04,17167.37,16976.44,-190.93,-1.1122,down,1.0
day_over_day,DJUA,2024-12-06,2024-12-05,1047.32,1035.53,-11.79,-1.1257,down,1.0
day_over_day,DJUA,2024-12-09,2024-12-06,1035.53,1019.35,-16.18,-1.5625,down,1.0
day_over_day,DJTA,2024-12-17,2024-12-16,16580.23,16404.27,-175.96,-1.0613,down,1.0
day_over_day,DJCA,2024-12-18,2024-12-17,13689.84,13328.43,-361.41,-2.64,down,1.0
day_over_day,DJIA,2024-12-18,2024-12-17,43449.9,42326.87,-1123.03,-2.5847,down,1.0
day_over_day,DJTA,2024-12-18,2024-12-17,16404.27,15949.73,-454.54,-2.7709,down,1.0
week_over_week,DJTA,2024-12-18,2024-12-11,16845.43,15949.73,-895.7,-5.3172,down,5.0
day_over_day,DJUA,2024-12-18,2024-12-17,991.67,965.04,-26.63,-2.6854,down,1.0
day_over_day,SP500,2024-12-18,2024-12-17,6050.61,5872.16,-178.45,-2.9493,down,1.5
week_over_week,DJTA,2024-12-19,2024-12-12,16842.77,15859.45,-983.32,-5.8382,down,5.0
day_over_day,DJIA,2024-12-20,2024-12-19,42342.24,42840.26,498.02,1.1762,up,1.0
day_over_day,DJUA,2024-12-20,2024-12-19,971.56,986.32,14.76,1.5192,up,1.0
day_over_day,DJTA,2025-01-03,2025-01-02,15823.27,16007.02,183.75,1.1613,up,1.0
day_over_day,DJUA,2025-01-03,2025-01-02,990.07,1002.25,12.18,1.2302,up,1.0
day_over_day,DJUA,2025-01-06,2025-01-03,1002.25,989.2,-13.05,-1.3021,down,1.0
day_over_day,DJCA,2025-01-10,2025-01-08,13459.91,13255.94,-203.97,-1.5154,down,1.0
day_over_day,DJIA,2025-01-10,2025-01-08,42635.2,41938.45,-696.75,-1.6342,down,1.0
day_over_day,DJTA,2025-01-10,2025-01-08,16107.05,15923.42,-183.63,-1.1401,down,1.0
day_over_day,DJUA,2025-01-10,2025-01-08,988.03,972.25,-15.78,-1.5971,down,1.0
day_over_day,SP500,2025-01-10,2025-01-08,5918.25,5827.04,-91.21,-1.5412,down,1.5
day_over_day,DJTA,2025-01-14,2025-01-13,16068.27,16277.74,209.47,1.3036,up,1.0
day_over_day,DJUA,2025-01-14,2025-01-13,964.39,979.15,14.76,1.5305,up,1.0
day_over_day,DJCA,2025-01-15,2025-01-14,13454.32,13644.49,190.17,1.4134,up,1.0
day_over_day,DJIA,2025-01-15,2025-01-14,42518.28,43221.55,703.27,1.654,up,1.0
day_over_day,SP500,2025-01-15,2025-01-14,5842.91,5949.91,107.0,1.8313,up,1.5
day_over_day,DJUA,2025-01-16,2025-01-15,988.31,1011.01,22.7,2.2969,up,1.0
day_over_day,DJTA,2025-01-17,2025-01-16,16601.01,16431.26,-169.75,-1.0225,down,1.0
day_over_day,DJCA,2025-01-21,2025-01-17,13737.35,13920.8,183.45,1.3354,up,1.0
day_over_day,DJIA,2025-01-21,2025-01-17,43487.83,44025.81,537.98,1.2371,up,1.0
day_over_day,DJTA,2025-01-21,2025-01-17,16431.26,16662.46,231.2,1.4071,up,1.0
day_over_day,DJUA,2025-01-21,2025-01-17,1012.54,1029.96,17.42,1.7204,up,1.0
week_over_week,DJUA,2025-01-21,2025-01-14,979.15,1029.96,50.81,5.1892,up,5.0
day_over_day,DJUA,2025-01-22,2025-01-21,1029.96,1005.86,-24.1,-2.3399,down,1.0
day_over_day,DJTA,2025-01-27,2025-01-24,16605.95,16848.55,242.6,1.4609,up,1.0
day_over_day,DJUA,2025-01-27,2025-01-24,1012.94,991.79,-21.15,-2.088,down,1.0
day_over_day,DJUA,2025-01-30,2025-01-29,982.47,1006.21,23.74,2.4164,up,1.0
day_over_day,DJTA,2025-01-31,2025-01-30,16511.25,16306.84,-204.41,-1.238,down,1.0
day_over_day,DJTA,2025-02-03,2025-01-31,16306.84,15927.65,-379.19,-2.3253,down,1.0
week_over_week,DJTA,2025-02-03,2025-01-27,16848.55,15927.65,-920.9,-5.4658,down,5.0
day_over_day,DJTA,2025-02-04,2025-02-03,15927.65,16105.03,177.38,1.1137,up,1.0
day_over_day,DJUA,2025-02-05,2025-02-04,994.52,1004.92,10.4,1.0457,up,1.0
day_over_day,DJTA,2025-02-10,2025-02-07,16147.19,16312.75,165.56,1.0253,up,1.0
day_over_day,DJTA,2025-02-14,2025-02-13,16395.24,16606.53,211.29,1.2887,up,1.0
day_over_day,DJTA,2025-02-18,2025-02-14,16606.53,16804.44,197.91,1.1918,up,1.0
day_over_day,DJTA,2025-02-19,2025-02-18,16804.44,16547.3,-257.14,-1.5302,down,1.0
day_over_day,DJIA,2025-02-20,2025-02-19,44627.59,44176.65,-450.94,-1.0105,down,1.0
day_over_day,DJCA,2025-02-21,2025-02-20,13895.25,13665.27,-229.98,-1.6551,down,1.0
day_over_day,DJIA,2025-02-21,2025-02-20,44176.65,43428.02,-748.63,-1.6946,down,1.0
day_over_day,DJTA,2025-02-21,2025-02-20,16465.0,16034.36,-430.64,-2.6155,down,1.0
day_over_day,SP500,2025-02-21,2025-02-20,6117.52,6013.13,-104.39,-1.7064,down,1.5
week_over_week,DJTA,2025-02-25,2025-02-18,16804.44,15909.59,-894.85,-5.3251,down,5.0
day_over_day,DJUA,2025-02-27,2025-02-26,1015.39,990.42,-24.97,-2.4592,down,1.0
day_over_day,SP500,2025-02-27,2025-02-26,5956.06,5861.57,-94.49,-1.5865,down,1.5
day_over_day,DJCA,2025-02-28,2025-02-27,13520.76,13711.75,190.99,1.4126,up,1.0
day_over_day,DJIA,2025-02-28,2025-02-27,43239.5,43840.91,601.41,1.3909,up,1.0
day_over_day,DJTA,2025-02-28,2025-02-27,15762.8,15986.49,223.69,1.4191,up,1.0
day_over_day,DJUA,2025-02-28,2025-02-27,990.42,1005.45,15.03,1.5175,up,1.0
day_over_day,SP500,2025-02-28,2025-02-27,5861.57,5954.5,92.93,1.5854,up,1.5
day_over_day,DJCA,2025-03-03,2025-02-28,13711.75,13531.34,-180.41,-1.3157,down,1.0
day_over_day,DJIA,2025-03-03,2025-02-28,43840.91,43191.24,-649.67,-1.4819,down,1.0
day_over_day,DJTA,2025-03-03,2025-02-28,15986.49,15702.26,-284.23,-1.7779,down,1.0
day_over_day,SP500,2025-03-03,2025-02-28,5954.5,5849.72,-104.78,-1.7597,down,1.5
day_over_day,DJCA,2025-03-04,2025-03-03,13531.34,13310.69,-220.65,-1.6307,down,1.0
day_over_day,DJIA,2025-03-04,2025-03-03,43191.24,42520.99,-670.25,-1.5518,down,1.0
day_over_day,DJTA,2025-03-04,2025-03-03,15702.26,15378.37,-323.89,-2.0627,down,1.0
day_over_day,DJUA,2025-03-04,2025-03-03,1009.83,997.09,-12.74,-1.2616,down,1.0
day_over_day,DJIA,2025-03-05,2025-03-04,42520.99,43006.59,485.6,1.142,up,1.0
day_over_day,DJTA,2025-03-05,2025-03-04,15378.37,15551.96,173.59,1.1288,up,1.0
day_over_day,DJUA,2025-03-06,2025-03-05,989.24,971.91,-17.33,-1.7518,down,1.0
day_over_day,SP500,2025-03-06,2025-03-05,5842.63,5738.52,-104.11,-1.7819,down,1.5
day_over_day,DJUA,2025-03-07,2025-03-06,971.91,991.49,19.58,2.0146,up,1.0
day_over_day,DJCA,2025-03-10,2025-03-07,13403.64,13173.29,-230.35,-1.7186,down,1.0
day_over_day,DJIA,2025-03-10,2025-03-07,42801.72,41911.71,-890.01,-2.0794,down,1.0
day_over_day,DJTA,2025-03-10,2025-03-07,15610.42,15254.48,-355.94,-2.2801,down,1.0
day_over_day,DJUA,2025-03-10,2025-03-07,991.49,1003.75,12.26,1.2365,up,1.0
day_over_day,SP500,2025-03-10,2025-03-07,5770.2,5614.56,-155.64,-2.6973,down,1.5
day_over_day,DJCA,2025-03-11,2025-03-10,13173.29,12962.44,-210.85,-1.6006,down,1.0
day_over_day,DJIA,2025-03-11,2025-03-10,41911.71,41433.48,-478.23,-1.141,down,1.0
day_over_day,DJTA,2025-03-11,2025-03-10,15254.48,14780.19,-474.29,-3.1092,down,1.0
day_over_day,DJUA,2025-03-11,2025-03-10,1003.75,990.79,-12.96,-1.2912,down,1.0
week_over_week,DJTA,2025-03-12,2025-03-05,15551.96,14673.15,-878.81,-5.6508,down,5.0
day_over_day,DJCA,2025-03-13,2025-03-12,12918.44,12761.13,-157.31,-1.2177,down,1.0
day_over_day,DJIA,2025-03-13,2025-03-12,41350.93,40813.57,-537.36,-1.2995,down,1.0
day_over_day,DJTA,2025-03-13,2025-03-12,14673.15,14397.68,-275.47,-1.8774,down,1.0
week_over_week,DJTA,2025-03-13,2025-03-06,15486.29,14397.68,-1088.61,-7.0295,down,5.0
day_over_day,DJCA,2025-03-14,2025-03-13,12761.13,12979.32,218.19,1.7098,up,1.0
day_over_day,DJIA,2025-03-14,2025-03-13,40813.57,41488.19,674.62,1.6529,up,1.0
day_over_day,DJTA,2025-03-14,2025-03-13,14397.68,14643.53,245.85,1.7076,up,1.0
week_over_week,DJTA,2025-03-14,2025-03-07,15610.42,14643.53,-966.89,-6.1939,down,5.0
day_over_day,DJUA,2025-03-14,2025-03-13,990.36,1010.19,19.83,2.0023,up,1.0
day_over_day,SP500,2025-03-14,2025-03-13,5521.52,5638.94,117.42,2.1266,up,1.5
day_over_day,DJCA,2025-03-24,2025-03-21,13072.14,13255.73,183.59,1.4044,up,1.0
day_over_day,DJIA,2025-03-24,2025-03-21,41985.35,42583.32,597.97,1.4242,up,1.0
day_over_day,DJTA,2025-03-24,2025-03-21,14608.59,14926.08,317.49,2.1733,up,1.0
day_over_day,SP500,2025-03-24,2025-03-21,5667.56,5767.57,100.01,1.7646,up,1.5
day_over_day,DJUA,2025-03-25,2025-03-24,1009.02,992.86,-16.16,-1.6016,down,1.0
day_over_day,DJCA,2025-03-28,2025-03-27,13176.17,12991.05,-185.12,-1.405,down,1.0
day_over_day,DJIA,2025-03-28,2025-03-27,42299.7,41583.9,-715.8,-1.6922,down,1.0
day_over_day,DJTA,2025-03-28,2025-03-27,14883.92,14592.61,-291.31,-1.9572,down,1.0
day_over_day,DJUA,2025-03-28,2025-03-27,1000.88,1011.41,10.53,1.0521,up,1.0
day_over_day,SP500,2025-03-28,2025-03-27,5693.31,5580.94,-112.37,-1.9737,down,1.5
day_over_day,DJCA,2025-03-31,2025-03-28,12991.05,13127.02,135.97,1.0466,up,1.0
day_over_day,DJIA,2025-03-31,2025-03-28,41583.9,42001.76,417.86,1.0049,up,1.0
day_over_day,DJTA,2025-03-31,2025-03-28,14592.61,14746.16,153.55,1.0522,up,1.0
day_over_day,DJUA,2025-03-31,2025-03-28,1011.41,1024.05,12.64,1.2497,up,1.0
day_over_day,DJTA,2025-04-02,2025-04-01,14779.02,14992.98,213.96,1.4477,up,1.0
day_over_day,DJCA,2025-04-03,2025-04-02,13230.67,12616.18,-614.49,-4.6444,down,1.0
day_over_day,DJIA,2025-04-03,2025-04-02,42225.32,40545.93,-1679.39,-3.9772,down,1.0
day_over_day,DJTA,2025-04-03,2025-04-02,14992.98,13621.34,-1371.64,-9.1485,down,1.0
week_over_week,DJTA,2025-04-03,2025-03-27,14883.92,13621.34,-1262.58,-8.4828,down,5.0
day_over_day,SP500,2025-04-03,2025-04-02,5670.97,5396.52,-274.45,-4.8396,down,1.5
week_over_week,SP500,2025-04-03,2025-03-27,5693.31,5396.52,-296.79,-5.213,down,5.0
day_over_day,DJCA,2025-04-04,2025-04-03,12616.18,11985.89,-630.29,-4.9959,down,1.0
week_over_week,DJCA,2025-04-04,2025-03-28,12991.05,11985.89,-1005.16,-7.7373,down,5.0
day_over_day,DJIA,2025-04-04,2025-04-03,40545.93,38314.86,-2231.07,-5.5026,down,1.0
week_over_week,DJIA,2025-04-04,2025-03-28,41583.9,38314.86,-3269.04,-7.8613,down,5.0
day_over_day,DJTA,2025-04-04,2025-04-03,13621.34,13160.27,-461.07,-3.3849,down,1.0
week_over_week,DJTA,2025-04-04,2025-03-28,14592.61,13160.27,-1432.34,-9.8155,down,5.0
day_over_day,DJUA,2025-04-04,2025-04-03,1026.49,974.93,-51.56,-5.0229,down,1.0
day_over_day,SP500,2025-04-04,2025-04-03,5396.52,5074.08,-322.44,-5.975,down,1.5
week_over_week,SP500,2025-04-04,2025-03-28,5580.94,5074.08,-506.86,-9.082,down,5.0
day_over_day,DJCA,2025-04-07,2025-04-04,11985.89,11851.38,-134.51,-1.1222,down,1.0
week_over_week,DJCA,2025-04-07,2025-03-31,13127.02,11851.38,-1275.64,-9.7177,down,5.0
week_over_week,DJIA,2025-04-07,2025-03-31,42001.76,37965.6,-4036.16,-9.6095,down,5.0
day_over_day,DJTA,2025-04-07,2025-04-04,13160.27,12984.44,-175.83,-1.3361,down,1.0
week_over_week,DJTA,2025-04-07,2025-03-31,14746.16,12984.44,-1761.72,-11.947,down,5.0
day_over_day,DJUA,2025-04-07,2025-04-04,974.93,957.32,-17.61,-1.8063,down,1.0
week_over_week,DJUA,2025-04-07,2025-03-31,1024.05,957.32,-66.73,-6.5163,down,5.0
week_over_week,SP500,2025-04-07,2025-03-31,5611.85,5062.25,-549.6,-9.7936,down,5.0
day_over_day,DJCA,2025-04-08,2025-04-07,11851.38,11713.15,-138.23,-1.1664,down,1.0
week_over_week,DJCA,2025-04-08,2025-04-01,13134.91,11713.15,-1421.76,-10.8243,down,5.0
week_over_week,DJIA,2025-04-08,2025-04-01,41989.96,37645.59,-4344.37,-10.3462,down,5.0
day_over_day,DJTA,2025-04-08,2025-04-07,12984.44,12637.04,-347.4,-2.6755,down,1.0
week_over_week,DJTA,2025-04-08,2025-04-01,14779.02,12637.04,-2141.98,-14.4934,down,5.0
week_over_week,DJUA,2025-04-08,2025-04-01,1026.43,953.88,-72.55,-7.0682,down,5.0
day_over_day,SP500,2025-04-08,2025-04-07,5062.25,4982.77,-79.48,-1.5701,down,1.5
week_over_week,SP500,2025-04-08,2025-04-01,5633.07,4982.77,-650.3,-11.5443,down,5.0
day_over_day,DJCA,2025-04-09,2025-04-08,11713.15,12613.53,900.38,7.6869,up,1.0
day_over_day,DJIA,2025-04-09,2025-04-08,37645.59,40608.45,2962.86,7.8704,up,1.0
day_over_day,DJTA,2025-04-09,2025-04-08,12637.04,13913.01,1275.97,10.0971,up,1.0
week_over_week,DJTA,2025-04-09,2025-04-02,14992.98,13913.01,-1079.97,-7.2032,down,5.0
day_over_day,DJUA,2025-04-09,2025-04-08,953.88,983.11,29.23,3.0643,up,1.0
day_over_day,SP500,2025-04-09,2025-04-08,4982.77,5456.9,474.13,9.5154,up,1.5
day_over_day,DJCA,2025-04-10,2025-04-09,12613.53,12290.81,-322.72,-2.5585,down,1.0
day_over_day,DJIA,2025-04-10,2025-04-09,40608.45,39593.66,-1014.79,-2.499,down,1.0
day_over_day,DJTA,2025-04-10,2025-04-09,13913.01,13325.51,-587.5,-4.2227,down,1.0
day_over_day,SP500,2025-04-10,2025-04-09,5456.9,5268.05,-188.85,-3.4608,down,1.5
day_over_day,DJCA,2025-04-11,2025-04-10,12290.81,12457.47,166.66,1.356,up,1.0
day_over_day,DJIA,2025-04-11,2025-04-10,39593.66,40212.71,619.05,1.5635,up,1.0
day_over_day,DJUA,2025-04-11,2025-04-10,982.01,996.48,14.47,1.4735,up,1.0
day_over_day,SP500,2025-04-11,2025-04-10,5268.05,5363.36,95.31,1.8092,up,1.5
week_over_week,SP500,2025-04-11,2025-04-04,5074.08,5363.36,289.28,5.7011,up,5.0
day_over_day,DJCA,2025-04-14,2025-04-11,12457.47,12583.56,126.09,1.0122,up,1.0
week_over_week,DJCA,2025-04-14,2025-04-07,11851.38,12583.56,732.18,6.178,up,5.0
week_over_week,DJIA,2025-04-14,2025-04-07,37965.6,40524.79,2559.19,6.7408,up,5.0
day_over_day,DJTA,2025-04-14,2025-04-11,13409.49,13573.43,163.94,1.2226,up,1.0
day_over_day,DJUA,2025-04-14,2025-04-11,996.48,1014.99,18.51,1.8575,up,1.0
week_over_week,DJUA,2025-04-14,2025-04-07,957.32,1014.99,57.67,6.0241,up,5.0
week_over_week,SP500,2025-04-14,2025-04-07,5062.25,5405.97,343.72,6.7899,up,5.0
week_over_week,DJCA,2025-04-15,2025-04-08,11713.15,12523.66,810.51,6.9197,up,5.0
week_over_week,DJIA,2025-04-15,2025-04-08,37645.59,40368.96,2723.37,7.2342,up,5.0
day_over_day,DJTA,2025-04-15,2025-04-14,13573.43,13423.59,-149.84,-1.1039,down,1.0
week_over_week,DJTA,2025-04-15,2025-04-08,12637.04,13423.59,786.55,6.2242,up,5.0
week_over_week,DJUA,2025-04-15,2025-04-08,953.88,1015.54,61.66,6.4641,up,5.0
week_over_week,SP500,2025-04-15,2025-04-08,4982.77,5396.63,413.86,8.3058,up,5.0
day_over_day,DJCA,2025-04-16,2025-04-15,12523.66,12313.51,-210.15,-1.678,down,1.0
day_over_day,DJIA,2025-04-16,2025-04-15,40368.96,39669.39,-699.57,-1.7329,down,1.0
day_over_day,DJTA,2025-04-16,2025-04-15,13423.59,13123.31,-300.28,-2.237,down,1.0
week_over_week,DJTA,2025-04-16,2025-04-09,13913.01,13123.31,-789.7,-5.676,down,5.0
day_over_day,SP500,2025-04-16,2025-04-15,5396.63,5275.7,-120.93,-2.2408,down,1.5
day_over_day,DJIA,2025-04-17,2025-04-16,39669.39,39142.23,-527.16,-1.3289,down,1.0
day_over_day,DJTA,2025-04-17,2025-04-16,13123.31,13438.72,315.41,2.4034,up,1.0
day_over_day,DJUA,2025-04-17,2025-04-16,1009.99,1020.55,10.56,1.0456,up,1.0
day_over_day,DJCA,2025-04-21,2025-04-17,12284.28,11997.73,-286.55,-2.3327,down,1.0
day_over_day,DJIA,2025-04-21,2025-04-17,39142.23,38170.41,-971.82,-2.4828,down,1.0
week_over_week,DJIA,2025-04-21,2025-04-14,40524.79,38170.41,-2354.38,-5.8097,down,5.0
day_over_day,DJTA,2025-04-21,2025-04-17,13438.72,13166.64,-272.08,-2.0246,down,1.0
day_over_day,DJUA,2025-04-21,2025-04-17,1020.55,999.16,-21.39,-2.0959,down,1.0
day_over_day,SP500,2025-04-21,2025-04-17,5282.7,5158.2,-124.5,-2.3567,down,1.5
day_over_day,DJCA,2025-04-22,2025-04-21,11997.73,12287.21,289.48,2.4128,up,1.0
day_over_day,DJIA,2025-04-22,2025-04-21,38170.41,39186.98,1016.57,2.6632,up,1.0
day_over_day,DJTA,2025-04-22,2025-04-21,13166.64,13367.99,201.35,1.5292,up,1.0
day_over_day,DJUA,2025-04-22,2025-04-21,999.16,1025.05,25.89,2.5912,up,1.0
day_over_day,SP500,2025-04-22,2025-04-21,5158.2,5287.76,129.56,2.5117,up,1.5
day_over_day,DJIA,2025-04-23,2025-04-22,39186.98,39606.57,419.59,1.0707,up,1.0
day_over_day,DJTA,2025-04-23,2025-04-22,13367.99,13509.52,141.53,1.0587,up,1.0
day_over_day,SP500,2025-04-23,2025-04-22,5287.76,5375.86,88.1,1.6661,up,1.5
day_over_day,DJCA,2025-04-24,2025-04-23,12403.05,12550.04,146.99,1.1851,up,1.0
day_over_day,DJIA,2025-04-24,2025-04-23,39606.57,40093.4,486.83,1.2292,up,1.0
day_over_day,DJTA,2025-04-24,2025-04-23,13509.52,13761.6,252.08,1.8659,up,1.0
day_over_day,SP500,2025-04-24,2025-04-23,5375.86,5484.77,108.91,2.0259,up,1.5
day_over_day,DJTA,2025-04-25,2025-04-24,13761.6,13497.05,-264.55,-1.9224,down,1.0
week_over_week,DJIA,2025-04-28,2025-04-21,38170.41,40227.59,2057.18,5.3895,up,5.0
week_over_week,SP500,2025-04-28,2025-04-21,5158.2,5528.75,370.55,7.1837,up,5.0
week_over_week,SP500,2025-04-29,2025-04-22,5287.76,5560.83,273.07,5.1642,up,5.0
day_over_day,DJCA,2025-05-02,2025-05-01,12674.0,12883.5,209.5,1.653,up,1.0
day_over_day,DJIA,2025-05-02,2025-05-01,40752.96,41317.43,564.47,1.3851,up,1.0
day_over_day,DJTA,2025-05-02,2025-05-01,13623.84,14077.53,453.69,3.3301,up,1.0
day_over_day,DJTA,2025-05-06,2025-05-05,14003.55,13683.07,-320.48,-2.2886,down,1.0
day_over_day,DJTA,2025-05-08,2025-05-07,13782.0,14130.6,348.6,2.5294,up,1.0
day_over_day,DJUA,2025-05-08,2025-05-07,1045.19,1034.0,-11.19,-1.0706,down,1.0
day_over_day,DJCA,2025-05-12,2025-05-09,12849.06,13246.92,397.86,3.0964,up,1.0
day_over_day,DJIA,2025-05-12,2025-05-09,41249.38,42410.1,1160.72,2.8139,up,1.0
day_over_day,DJTA,2025-05-12,2025-05-09,14040.31,15020.19,979.88,6.979,up,1.0
week_over_week,DJTA,2025-05-12,2025-05-05,14003.55,15020.19,1016.64,7.2599,up,5.0
day_over_day,DJUA,2025-05-12,2025-05-09,1031.42,1014.08,-17.34,-1.6812,down,1.0
day_over_day,SP500,2025-05-12,2025-05-09,5659.91,5844.19,184.28,3.2559,up,1.5
week_over_week,DJTA,2025-05-13,2025-05-06,13683.07,15059.68,1376.61,10.0607,up,5.0
week_over_week,DJTA,2025-05-14,2025-05-07,13782.0,15035.33,1253.33,9.094,up,5.0
week_over_week,DJTA,2025-05-15,2025-05-08,14130.6,15041.11,910.51,6.4435,up,5.0
day_over_day,DJUA,2025-05-15,2025-05-14,1003.4,1027.4,24.0,2.3919,up,1.0
week_over_week,DJTA,2025-05-16,2025-05-09,14040.31,15159.32,1119.01,7.97,up,5.0
day_over_day,DJUA,2025-05-16,2025-05-15,1027.4,1042.6,15.2,1.4795,up,1.0
week_over_week,SP500,2025-05-16,2025-05-09,5659.91,5958.38,298.47,5.2734,up,5.0
day_over_day,DJTA,2025-05-20,2025-05-19,15118.56,14962.64,-155.92,-1.0313,down,1.0
day_over_day,DJCA,2025-05-21,2025-05-20,13350.83,13077.98,-272.85,-2.0437,down,1.0
day_over_day,DJIA,2025-05-21,2025-05-20,42677.24,41860.44,-816.8,-1.9139,down,1.0
day_over_day,DJTA,2025-05-21,2025-05-20,14962.64,14559.22,-403.42,-2.6962,down,1.0
day_over_day,DJUA,2025-05-21,2025-05-20,1050.6,1033.69,-16.91,-1.6096,down,1.0
day_over_day,SP500,2025-05-21,2025-05-20,5940.46,5844.61,-95.85,-1.6135,down,1.5
day_over_day,DJUA,2025-05-22,2025-05-21,1033.69,1023.21,-10.48,-1.0138,down,1.0
day_over_day,DJUA,2025-05-23,2025-05-22,1023.21,1035.32,12.11,1.1835,up,1.0
day_over_day,DJCA,2025-05-27,2025-05-23,13023.52,13241.84,218.32,1.6764,up,1.0
day_over_day,DJIA,2025-05-27,2025-05-23,41603.07,42343.65,740.58,1.7801,up,1.0
day_over_day,DJTA,2025-05-27,2025-05-23,14535.58,14831.24,295.66,2.034,up,1.0
day_over_day,SP500,2025-05-27,2025-05-23,5802.82,5921.54,118.72,2.0459,up,1.5
day_over_day,DJTA,2025-05-28,2025-05-27,14831.24,14667.63,-163.61,-1.1031,down,1.0
day_over_day,DJUA,2025-05-28,2025-05-27,1041.27,1024.39,-16.88,-1.6211,down,1.0
day_over_day,DJUA,2025-06-04,2025-06-03,1048.68,1032.48,-16.2,-1.5448,down,1.0
day_over_day,DJCA,2025-06-06,2025-06-05,13184.36,13324.31,139.95,1.0615,up,1.0
day_over_day,DJIA,2025-06-06,2025-06-05,42319.74,42762.87,443.13,1.0471,up,1.0
day_over_day,DJTA,2025-06-06,2025-06-05,14639.63,14877.23,237.6,1.623,up,1.0
day_over_day,DJUA,2025-06-09,2025-06-06,1033.99,1023.48,-10.51,-1.0165,down,1.0
day_over_day,DJTA,2025-06-10,2025-06-09,14976.87,15171.08,194.21,1.2967,up,1.0
day_over_day,DJTA,2025-06-11,2025-06-10,15171.08,14928.15,-242.93,-1.6013,down,1.0
day_over_day,DJUA,2025-06-12,2025-06-11,1028.91,1043.19,14.28,1.3879,up,1.0
day_over_day,DJCA,2025-06-13,2025-06-12,13387.81,13176.7,-211.11,-1.5769,down,1.0
day_over_day,DJIA,2025-06-13,2025-06-12,42967.62,42197.79,-769.83,-1.7917,down,1.0
day_over_day,DJTA,2025-06-13,2025-06-12,14910.55,14685.56,-224.99,-1.5089,down,1.0
day_over_day,DJTA,2025-06-16,2025-06-13,14685.56,14901.78,216.22,1.4723,up,1.0
day_over_day,DJTA,2025-06-17,2025-06-16,14901.78,14688.67,-213.11,-1.4301,down,1.0
day_over_day,DJCA,2025-06-23,2025-06-20,13194.98,13358.81,163.83,1.2416,up,1.0
day_over_day,DJTA,2025-06-23,2025-06-20,14764.8,15097.1,332.3,2.2506,up,1.0
day_over_day,DJUA,2025-06-23,2025-06-20,1037.61,1051.49,13.88,1.3377,up,1.0
day_over_day,DJCA,2025-06-24,2025-06-23,13358.81,13515.56,156.75,1.1734,up,1.0
day_over_day,DJIA,2025-06-24,2025-06-23,42581.78,43089.02,507.24,1.1912,up,1.0
day_over_day,DJTA,2025-06-24,2025-06-23,15097.1,15374.57,277.47,1.8379,up,1.0
day_over_day,DJTA,2025-06-25,2025-06-24,15374.57,15209.72,-164.85,-1.0722,down,1.0
day_over_day,DJUA,2025-06-25,2025-06-24,1051.18,1037.71,-13.47,-1.2814,down,1.0
day_over_day,DJTA,2025-06-27,2025-06-26,15331.32,15494.54,163.22,1.0646,up,1.0
day_over_day,DJCA,2025-07-01,2025-06-30,13730.3,13900.11,169.81,1.2368,up,1.0
day_over_day,DJTA,2025-07-01,2025-06-30,15394.51,15833.47,438.96,2.8514,up,1.0
day_over_day,DJTA,2025-07-02,2025-07-01,15833.47,16018.06,184.59,1.1658,up,1.0
week_over_week,DJTA,2025-07-02,2025-06-25,15209.72,16018.06,808.34,5.3146,up,5.0
day_over_day,DJTA,2025-07-07,2025-07-03,16046.83,15811.12,-235.71,-1.4689,down,1.0
day_over_day,DJUA,2025-07-09,2025-07-08,1046.62,1057.58,10.96,1.0472,up,1.0
day_over_day,DJTA,2025-07-10,2025-07-09,15902.51,16316.19,413.68,2.6014,up,1.0
day_over_day,DJCA,2025-07-15,2025-07-14,13959.0,13800.9,-158.1,-1.1326,down,1.0
day_over_day,DJTA,2025-07-15,2025-07-14,16102.43,15839.44,-262.99,-1.6332,down,1.0
day_over_day,DJUA,2025-07-15,2025-07-14,1064.9,1053.96,-10.94,-1.0273,down,1.0
day_over_day,DJUA,2025-07-18,2025-07-17,1056.63,1073.9,17.27,1.6344,up,1.0
day_over_day,DJTA,2025-07-22,2025-07-21,15840.61,16110.75,270.14,1.7054,up,1.0
day_over_day,DJUA,2025-07-22,2025-07-21,1076.01,1089.06,13.05,1.2128,up,1.0
day_over_day,DJIA,2025-07-23,2025-07-22,44502.44,45010.29,507.85,1.1412,up,1.0
day_over_day,DJTA,2025-07-25,2025-07-24,16181.74,16364.84,183.1,1.1315,up,1.0
day_over_day,DJTA,2025-07-29,2025-07-28,16372.57,15997.02,-375.55,-2.2938,down,1.0
day_over_day,DJUA,2025-07-29,2025-07-28,1073.17,1086.48,13.31,1.2403,up,1.0
day_over_day,DJTA,2025-07-30,2025-07-29,15997.02,15510.0,-487.02,-3.0444,down,1.0
day_over_day,DJCA,2025-08-01,2025-07-31,13824.82,13659.26,-165.56,-1.1976,down,1.0
day_over_day,DJIA,2025-08-01,2025-07-31,44130.98,43588.58,-542.4,-1.2291,down,1.0
day_over_day,DJTA,2025-08-01,2025-07-31,15446.28,15104.24,-342.04,-2.2144,down,1.0
week_over_week,DJTA,2025-08-01,2025-07-25,16364.84,15104.24,-1260.6,-7.7031,down,5.0
day_over_day,SP500,2025-08-01,2025-07-31,6339.39,6238.01,-101.38,-1.5992,down,1.5
day_over_day,DJCA,2025-08-04,2025-08-01,13659.26,13839.23,179.97,1.3176,up,1.0
day_over_day,DJIA,2025-08-04,2025-08-01,43588.58,44173.64,585.06,1.3422,up,1.0
day_over_day,DJTA,2025-08-04,2025-08-01,15104.24,15263.76,159.52,1.0561,up,1.0
week_over_week,DJTA,2025-08-04,2025-07-28,16372.57,15263.76,-1108.81,-6.7724,down,5.0
day_over_day,DJUA,2025-08-04,2025-08-01,1107.9,1125.79,17.89,1.6148,up,1.0
day_over_day,DJTA,2025-08-05,2025-08-04,15263.76,15434.46,170.7,1.1183,up,1.0
day_over_day,DJUA,2025-08-05,2025-08-04,1125.79,1110.06,-15.73,-1.3972,down,1.0
day_over_day,DJTA,2025-08-07,2025-08-06,15565.21,15403.41,-161.8,-1.0395,down,1.0
day_over_day,DJUA,2025-08-07,2025-08-06,1101.71,1118.19,16.48,1.4959,up,1.0
day_over_day,DJTA,2025-08-11,2025-08-08,15340.41,15183.03,-157.38,-1.0259,down,1.0
day_over_day,DJCA,2025-08-12,2025-08-11,13757.92,13953.02,195.1,1.4181,up,1.0
day_over_day,DJIA,2025-08-12,2025-08-11,43975.09,44458.61,483.52,1.0995,up,1.0
day_over_day,DJTA,2025-08-12,2025-08-11,15183.03,15636.59,453.56,2.9873,up,1.0
day_over_day,DJCA,2025-08-13,2025-08-12,13953.02,14096.26,143.24,1.0266,up,1.0
day_over_day,DJIA,2025-08-13,2025-08-12,44458.61,44922.27,463.66,1.0429,up,1.0
day_over_day,DJTA,2025-08-13,2025-08-12,15636.59,15856.46,219.87,1.4061,up,1.0
day_over_day,DJTA,2025-08-19,2025-08-18,15676.02,15902.7,226.68,1.446,up,1.0
day_over_day,DJTA,2025-08-20,2025-08-19,15902.7,15602.3,-300.4,-1.889,down,1.0
day_over_day,DJCA,2025-08-22,2025-08-21,13988.12,14272.18,284.06,2.0307,up,1.0
day_over_day,DJIA,2025-08-22,2025-08-21,44785.5,45631.74,846.24,1.8895,up,1.0
day_over_day,DJTA,2025-08-22,2025-08-21,15589.37,16102.01,512.64,3.2884,up,1.0
day_over_day,SP500,2025-08-22,2025-08-21,6370.17,6466.91,96.74,1.5186,up,1.5
day_over_day,DJCA,2025-08-25,2025-08-22,14272.18,14122.53,-149.65,-1.0485,down,1.0
day_over_day,DJTA,2025-08-25,2025-08-22,16102.01,15814.56,-287.45,-1.7852,down,1.0
day_over_day,DJUA,2025-08-25,2025-08-22,1109.48,1095.75,-13.73,-1.2375,down,1.0
day_over_day,DJUA,2025-09-08,2025-09-05,1078.53,1066.25,-12.28,-1.1386,down,1.0
day_over_day,DJUA,2025-09-10,2025-09-09,1075.01,1091.11,16.1,1.4977,up,1.0
day_over_day,DJCA,2025-09-11,2025-09-10,14105.05,14280.86,175.81,1.2464,up,1.0
day_over_day,DJIA,2025-09-11,2025-09-10,45490.92,46108.0,617.08,1.3565,up,1.0
day_over_day,DJTA,2025-09-11,2025-09-10,15543.65,15767.41,223.76,1.4396,up,1.0
day_over_day,DJUA,2025-09-16,2025-09-15,1101.31,1083.95,-17.36,-1.5763,down,1.0
day_over_day,DJUA,2025-09-26,2025-09-25,1097.06,1114.36,17.3,1.5769,up,1.0
day_over_day,DJTA,2025-10-07,2025-10-06,15890.36,15655.69,-234.67,-1.4768,down,1.0
day_over_day,DJTA,2025-10-09,2025-10-08,15782.87,15584.37,-198.5,-1.2577,down,1.0
day_over_day,DJCA,2025-10-10,2025-10-09,14378.83,14091.98,-286.85,-1.9949,down,1.0
day_over_day,DJIA,2025-10-10,2025-10-09,46358.42,45479.6,-878.82,-1.8957,down,1.0
day_over_day,DJTA,2025-10-10,2025-10-09,15584.37,15067.87,-516.5,-3.3142,down,1.0
day_over_day,SP500,2025-10-10,2025-10-09,6735.11,6552.51,-182.6,-2.7112,down,1.5
day_over_day,DJCA,2025-10-13,2025-10-10,14091.98,14257.26,165.28,1.1729,up,1.0
day_over_day,DJIA,2025-10-13,2025-10-10,45479.6,46067.58,587.98,1.2928,up,1.0
day_over_day,DJTA,2025-10-13,2025-10-10,15067.87,15239.93,172.06,1.1419,up,1.0
day_over_day,SP500,2025-10-13,2025-10-10,6552.51,6654.72,102.21,1.5599,up,1.5
day_over_day,DJTA,2025-10-14,2025-10-13,15239.93,15496.82,256.89,1.6856,up,1.0
day_over_day,DJUA,2025-10-15,2025-10-14,1156.09,1168.3,12.21,1.0561,up,1.0
day_over_day,DJTA,2025-10-16,2025-10-15,15496.56,15655.88,159.32,1.0281,up,1.0
day_over_day,DJIA,2025-10-20,2025-10-17,46190.61,46706.58,515.97,1.117,up,1.0
day_over_day,DJUA,2025-10-21,2025-10-20,1154.2,1142.55,-11.65,-1.0094,down,1.0
day_over_day,DJTA,2025-10-22,2025-10-21,15937.65,15720.38,-217.27,-1.3632,down,1.0
day_over_day,DJTA,2025-10-23,2025-10-22,15720.38,15421.02,-299.36,-1.9043,down,1.0
day_over_day,DJIA,2025-10-24,2025-10-23,46734.61,47207.12,472.51,1.011,up,1.0
day_over_day,DJTA,2025-10-27,2025-10-24,15454.66,15663.16,208.5,1.3491,up,1.0
day_over_day,DJUA,2025-10-28,2025-10-27,1144.3,1122.42,-21.88,-1.9121,down,1.0
day_over_day,DJTA,2025-10-31,2025-10-30,15729.54,15890.17,160.63,1.0212,up,1.0
day_over_day,DJTA,2025-11-07,2025-11-06,15956.62,16209.22,252.6,1.583,up,1.0
day_over_day,DJUA,2025-11-07,2025-11-06,1112.96,1127.39,14.43,1.2965,up,1.0
day_over_day,SP500,2025-11-10,2025-11-07,6728.8,6832.43,103.63,1.5401,up,1.5
day_over_day,DJIA,2025-11-11,2025-11-10,47368.63,47927.96,559.33,1.1808,up,1.0
day_over_day,DJCA,2025-11-13,2025-11-12,14884.98,14654.7,-230.28,-1.5471,down,1.0
day_over_day,DJIA,2025-11-13,2025-11-12,48254.82,47457.22,-797.6,-1.6529,down,1.0
day_over_day,DJTA,2025-11-13,2025-11-12,16390.69,16116.98,-273.71,-1.6699,down,1.0
day_over_day,SP500,2025-11-13,2025-11-12,6850.92,6737.49,-113.43,-1.6557,down,1.5
day_over_day,DJCA,2025-11-17,2025-11-14,14583.12,14430.52,-152.6,-1.0464,down,1.0
day_over_day,DJIA,2025-11-17,2025-11-14,47147.48,46590.24,-557.24,-1.1819,down,1.0
day_over_day,DJTA,2025-11-17,2025-11-14,16072.56,15790.14,-282.42,-1.7572,down,1.0
day_over_day,DJIA,2025-11-18,2025-11-17,46590.24,46091.74,-498.5,-1.07,down,1.0
day_over_day,DJTA,2025-11-20,2025-11-19,15745.39,15525.72,-219.67,-1.3951,down,1.0
day_over_day,SP500,2025-11-20,2025-11-19,6642.16,6538.76,-103.4,-1.5567,down,1.5
day_over_day,DJCA,2025-11-21,2025-11-20,14176.76,14376.17,199.41,1.4066,up,1.0
day_over_day,DJIA,2025-11-21,2025-11-20,45752.26,46245.41,493.15,1.0779,up,1.0
day_over_day,DJTA,2025-11-21,2025-11-20,15525.72,16013.9,488.18,3.1443,up,1.0
day_over_day,SP500,2025-11-24,2025-11-21,6602.99,6705.12,102.13,1.5467,up,1.5
day_over_day,DJCA,2025-11-25,2025-11-24,14433.58,14627.71,194.13,1.345,up,1.0
day_over_day,DJIA,2025-11-25,2025-11-24,46448.27,47112.45,664.18,1.4299,up,1.0
day_over_day,DJTA,2025-11-25,2025-11-24,16037.25,16401.15,363.9,2.2691,up,1.0
day_over_day,DJUA,2025-11-26,2025-11-25,1106.46,1121.27,14.81,1.3385,up,1.0
day_over_day,DJUA,2025-12-01,2025-11-28,1128.32,1102.06,-26.26,-2.3274,down,1.0
day_over_day,DJTA,2025-12-03,2025-12-02,16694.8,17030.51,335.71,2.0109,up,1.0
day_over_day,DJUA,2025-12-08,2025-12-05,1077.59,1061.36,-16.23,-1.5061,down,1.0
day_over_day,DJCA,2025-12-10,2025-12-09,14769.79,14955.0,185.21,1.254,up,1.0
day_over_day,DJIA,2025-12-10,2025-12-09,47560.29,48057.75,497.46,1.046,up,1.0
day_over_day,DJTA,2025-12-10,2025-12-09,17054.64,17508.01,453.37,2.6583,up,1.0
day_over_day,DJCA,2025-12-11,2025-12-10,14955.0,15124.6,169.6,1.1341,up,1.0
day_over_day,DJIA,2025-12-11,2025-12-10,48057.75,48704.01,646.26,1.3448,up,1.0
day_over_day,DJUA,2025-12-19,2025-12-18,1077.4,1061.82,-15.58,-1.4461,down,1.0
day_over_day,DJTA,2026-01-02,2025-12-31,17357.19,17535.42,178.23,1.0268,up,1.0
day_over_day,DJIA,2026-01-05,2026-01-02,48382.39,48977.18,594.79,1.2294,up,1.0
day_over_day,DJTA,2026-01-05,2026-01-02,17535.42,17737.81,202.39,1.1542,up,1.0
day_over_day,DJUA,2026-01-05,2026-01-02,1077.78,1064.4,-13.38,-1.2414,down,1.0
day_over_day,DJCA,2026-01-06,2026-01-05,15197.44,15368.76,171.32,1.1273,up,1.0
day_over_day,DJTA,2026-01-06,2026-01-05,17737.81,18033.54,295.73,1.6672,up,1.0
day_over_day,DJCA,2026-01-07,2026-01-06,15368.76,15198.65,-170.11,-1.1069,down,1.0
day_over_day,DJUA,2026-01-07,2026-01-06,1073.5,1048.33,-25.17,-2.3447,down,1.0
day_over_day,DJTA,2026-01-08,2026-01-07,17861.74,18058.42,196.68,1.1011,up,1.0
day_over_day,DJUA,2026-01-09,2026-01-08,1055.41,1069.16,13.75,1.3028,up,1.0
